[01:00:19] [main/INFO] [LaunchWrapper]: Loading tweak class name net.minecraftforge.fml.common.launcher.FMLServerTweaker
[01:00:19] [main/INFO] [LaunchWrapper]: Using primary tweak class name net.minecraftforge.fml.common.launcher.FMLServerTweaker
[01:00:19] [main/INFO] [LaunchWrapper]: Calling tweak class net.minecraftforge.fml.common.launcher.FMLServerTweaker
[01:00:19] [main/DEBUG] [FML]: Injecting tracing printstreams for STDOUT/STDERR.
[01:00:19] [main/INFO] [FML]: Forge Mod Loader version 14.23.5.2860 for Minecraft 1.12.2 loading
[01:00:19] [main/INFO] [FML]: Java is OpenJDK 64-Bit Server VM, version 1.8.0_442, running on Linux:amd64:6.8.0-1026-azure, installed at /usr/lib/jvm/java-8-openjdk-amd64/jre
[01:00:19] [main/DEBUG] [FML]: Java classpath at launch is:
[01:00:19] [main/DEBUG] [FML]:     /workspaces/LosJovenesTetones/servidor_minecraft/forge-1.12.2-14.23.5.2860.jar
[01:00:19] [main/DEBUG] [FML]: Java library path at launch is:
[01:00:19] [main/DEBUG] [FML]:     /tmp/_MEItDJVil
[01:00:19] [main/DEBUG] [FML]:     /usr/java/packages/lib/amd64
[01:00:19] [main/DEBUG] [FML]:     /usr/lib/x86_64-linux-gnu/jni
[01:00:19] [main/DEBUG] [FML]:     /lib/x86_64-linux-gnu
[01:00:19] [main/DEBUG] [FML]:     /usr/lib/x86_64-linux-gnu
[01:00:19] [main/DEBUG] [FML]:     /usr/lib/jni
[01:00:19] [main/DEBUG] [FML]:     /lib
[01:00:19] [main/DEBUG] [FML]:     /usr/lib
[01:00:19] [main/DEBUG] [FML]: Determined Minecraft Libraries Root: /workspaces/LosJovenesTetones/servidor_minecraft/libraries
[01:00:19] [main/DEBUG] [FML]: Cleaning up mods folder: ./mods
[01:00:19] [main/DEBUG] [FML]: Examining file: OptiFine_1.12.2_HD_U_G5.jar
[01:00:19] [main/DEBUG] [FML]: Enabling runtime deobfuscation
[01:00:19] [main/DEBUG] [FML]: Instantiating coremod class FMLCorePlugin
[01:00:19] [main/DEBUG] [FML]: Found signing certificates for coremod FMLCorePlugin (net.minecraftforge.fml.relauncher.FMLCorePlugin)
[01:00:19] [main/DEBUG] [FML]: Found certificate e3c3d50c7c986df74c645c0ac54639741c90a557
[01:00:19] [main/DEBUG] [FML]: Added access transformer class net.minecraftforge.fml.common.asm.transformers.AccessTransformer to enqueued access transformers
[01:00:19] [main/DEBUG] [FML]: Enqueued coremod FMLCorePlugin
[01:00:19] [main/DEBUG] [FML]: Instantiating coremod class FMLForgePlugin
[01:00:19] [main/DEBUG] [FML]: Found signing certificates for coremod FMLForgePlugin (net.minecraftforge.classloading.FMLForgePlugin)
[01:00:19] [main/DEBUG] [FML]: Found certificate e3c3d50c7c986df74c645c0ac54639741c90a557
[01:00:19] [main/DEBUG] [FML]: Enqueued coremod FMLForgePlugin
[01:00:19] [main/DEBUG] [FML]: All fundamental core mods are successfully located
[01:00:19] [main/DEBUG] [FML]: Discovering coremods
[01:00:19] [main/INFO] [FML]: Searching /workspaces/LosJovenesTetones/servidor_minecraft/./mods for mods
[01:00:19] [main/DEBUG] [FML]:   Adding OptiFine_1.12.2_HD_U_G5.jar to the mod list
[01:00:19] [main/DEBUG] [FML]: Examining for coremod candidacy OptiFine_1.12.2_HD_U_G5.jar
[01:00:19] [main/INFO] [FML]: Loading tweaker optifine.OptiFineForgeTweaker from OptiFine_1.12.2_HD_U_G5.jar
[01:00:19] [main/INFO] [LaunchWrapper]: Loading tweak class name net.minecraftforge.fml.common.launcher.FMLInjectionAndSortingTweaker
[01:00:19] [main/INFO] [LaunchWrapper]: Loading tweak class name optifine.OptiFineForgeTweaker
[01:00:19] [main/INFO] [LaunchWrapper]: Loading tweak class name net.minecraftforge.fml.common.launcher.FMLDeobfTweaker
[01:00:19] [main/INFO] [LaunchWrapper]: Calling tweak class net.minecraftforge.fml.common.launcher.FMLInjectionAndSortingTweaker
[01:00:19] [main/INFO] [LaunchWrapper]: Calling tweak class net.minecraftforge.fml.common.launcher.FMLInjectionAndSortingTweaker
[01:00:19] [main/INFO] [LaunchWrapper]: Calling tweak class optifine.OptiFineForgeTweaker
[01:00:19] [main/INFO] [STDOUT]: [optifine.OptiFineForgeTweaker:dbg:56]: OptiFineForgeTweaker: acceptOptions
[01:00:19] [main/INFO] [STDOUT]: [optifine.OptiFineForgeTweaker:dbg:56]: OptiFineForgeTweaker: Forge server detected, skipping class transformer
[01:00:19] [main/INFO] [LaunchWrapper]: Calling tweak class net.minecraftforge.fml.relauncher.CoreModManager$FMLPluginWrapper
[01:00:19] [main/DEBUG] [FML]: Injecting coremod FMLCorePlugin \{net.minecraftforge.fml.relauncher.FMLCorePlugin\} class transformers
[01:00:19] [main/TRACE] [FML]: Registering transformer net.minecraftforge.fml.common.asm.transformers.SideTransformer
[01:00:19] [main/TRACE] [FML]: Registering transformer net.minecraftforge.fml.common.asm.transformers.EventSubscriptionTransformer
[01:00:19] [main/TRACE] [FML]: Registering transformer net.minecraftforge.fml.common.asm.transformers.EventSubscriberTransformer
[01:00:19] [main/TRACE] [FML]: Registering transformer net.minecraftforge.fml.common.asm.transformers.SoundEngineFixTransformer
[01:00:19] [main/DEBUG] [FML]: Injection complete
[01:00:19] [main/DEBUG] [FML]: Running coremod plugin for FMLCorePlugin \{net.minecraftforge.fml.relauncher.FMLCorePlugin\}
[01:00:19] [main/DEBUG] [FML]: Running coremod plugin FMLCorePlugin
[01:00:20] [main/DEBUG] [FML]: Read 1154 binary patches
[01:00:20] [main/DEBUG] [FML]: Loading deobfuscation resource /deobfuscation_data-1.12.2.lzma with 36076 records
[01:00:20] [main/INFO] [FML]: Found valid fingerprint for Minecraft Forge. Certificate fingerprint e3c3d50c7c986df74c645c0ac54639741c90a557
[01:00:20] [main/DEBUG] [FML]: Coremod plugin class FMLCorePlugin run successfully
[01:00:20] [main/INFO] [LaunchWrapper]: Calling tweak class net.minecraftforge.fml.relauncher.CoreModManager$FMLPluginWrapper
[01:00:20] [main/DEBUG] [FML]: Injecting coremod FMLForgePlugin \{net.minecraftforge.classloading.FMLForgePlugin\} class transformers
[01:00:20] [main/DEBUG] [FML]: Injection complete
[01:00:20] [main/DEBUG] [FML]: Running coremod plugin for FMLForgePlugin \{net.minecraftforge.classloading.FMLForgePlugin\}
[01:00:20] [main/DEBUG] [FML]: Running coremod plugin FMLForgePlugin
[01:00:20] [main/DEBUG] [FML]: Coremod plugin class FMLForgePlugin run successfully
[01:00:20] [main/INFO] [LaunchWrapper]: Calling tweak class net.minecraftforge.fml.common.launcher.FMLDeobfTweaker
[01:00:20] [main/DEBUG] [FML]: Loaded 215 rules from AccessTransformer config file forge_at.cfg
[01:00:20] [main/DEBUG] [FML]: Validating minecraft
[01:00:21] [main/DEBUG] [FML]: Minecraft validated, launching...
[01:00:21] [main/INFO] [LaunchWrapper]: Loading tweak class name net.minecraftforge.fml.common.launcher.TerminalTweaker
[01:00:21] [main/INFO] [LaunchWrapper]: Calling tweak class net.minecraftforge.fml.common.launcher.TerminalTweaker
[01:00:21] [main/INFO] [STDOUT]: [optifine.OptiFineForgeTweaker:dbg:56]: OptiFineForgeTweaker: getLaunchArguments
[01:00:21] [main/INFO] [LaunchWrapper]: Launching wrapped minecraft {net.minecraft.server.MinecraftServer}
[01:00:23] [main/DEBUG] [FML]: Creating vanilla freeze snapshot
[01:00:23] [main/DEBUG] [FML]: Vanilla freeze snapshot created
[01:00:23] [Server thread/INFO] [net.minecraft.server.dedicated.DedicatedServer]: Starting minecraft server version 1.12.2
[01:00:23] [Server thread/INFO] [FML]: MinecraftForge v14.23.5.2860 Initialized
[01:00:23] [Server thread/INFO] [FML]: Starts to replace vanilla recipe ingredients with ore ingredients.
[01:00:23] [Server thread/INFO] [FML]: Invalid recipe found with multiple oredict ingredients in the same ingredient...
[01:00:23] [Server thread/INFO] [FML]: Replaced 1227 ore ingredients
[01:00:23] [Server thread/DEBUG] [FML]: File /workspaces/LosJovenesTetones/servidor_minecraft/config/injectedDependencies.json not found. No dependencies injected
[01:00:23] [Server thread/DEBUG] [FML]: Building injected Mod Containers [net.minecraftforge.fml.common.FMLContainer, net.minecraftforge.common.ForgeModContainer]
[01:00:23] [Server thread/DEBUG] [FML]: Attempting to load mods contained in the minecraft jar file and associated classes
[01:00:23] [Server thread/DEBUG] [FML]: Found a minecraft related file at /workspaces/LosJovenesTetones/servidor_minecraft/forge-1.12.2-14.23.5.2860.jar, examining for mod candidates
[01:00:23] [Server thread/TRACE] [FML]: Skipping known library file /workspaces/LosJovenesTetones/servidor_minecraft/./mods/OptiFine_1.12.2_HD_U_G5.jar
[01:00:23] [Server thread/DEBUG] [FML]: Minecraft jar mods loaded successfully
[01:00:23] [Server thread/INFO] [FML]: Searching /workspaces/LosJovenesTetones/servidor_minecraft/./mods for mods
[01:00:23] [Server thread/DEBUG] [FML]:   Adding OptiFine_1.12.2_HD_U_G5.jar to the mod list
[01:00:23] [Server thread/TRACE] [FML]: Skipping already parsed coremod or tweaker OptiFine_1.12.2_HD_U_G5.jar
[01:00:23] [Server thread/DEBUG] [FML]: Examining file forge-1.12.2-14.23.5.2860.jar for potential mods
[01:00:23] [Server thread/DEBUG] [FML]: The mod container forge-1.12.2-14.23.5.2860.jar appears to be missing an mcmod.info file
[01:00:24] [Server thread/INFO] [FML]: Forge Mod Loader has identified 4 mods to load
[01:00:24] [Server thread/TRACE] [FML]: Received a system property request ''
[01:00:24] [Server thread/TRACE] [FML]: System property request managing the state of 0 mods
[01:00:24] [Server thread/DEBUG] [FML]: After merging, found state information for 0 mods
[01:00:24] [Server thread/WARN] [FML]: Missing English translation for FML: assets/fml/lang/en_us.lang
[01:00:24] [Server thread/TRACE] [FML]: Verifying mod requirements are satisfied
[01:00:24] [Server thread/TRACE] [FML]: All mod requirements are satisfied
[01:00:24] [Server thread/TRACE] [FML]: Sorting mods into an ordered list
[01:00:24] [Server thread/TRACE] [FML]: Mod sorting completed successfully
[01:00:24] [Server thread/DEBUG] [FML]: Mod sorting data
[01:00:24] [Server thread/DEBUG] [FML]: No user mods found to sort
[01:00:24] [Server thread/DEBUG] [FML]: Loading @Config anotation data
[01:00:24] [Server thread/TRACE] [FML]: Sending event FMLConstructionEvent to mod minecraft
[01:00:24] [Server thread/TRACE] [FML]: Sent event FMLConstructionEvent to mod minecraft
[01:00:24] [Server thread/DEBUG] [FML]: Bar Step: Construction - Minecraft took 0.002s
[01:00:24] [Server thread/TRACE] [FML]: Sending event FMLConstructionEvent to mod mcp
[01:00:24] [Server thread/TRACE] [FML]: Sent event FMLConstructionEvent to mod mcp
[01:00:24] [Server thread/DEBUG] [FML]: Bar Step: Construction - Minecraft Coder Pack took 0.001s
[01:00:24] [Server thread/TRACE] [FML]: Sending event FMLConstructionEvent to mod FML
[01:00:24] [Server thread/TRACE] [FML]: Mod FML is using network checker : Invoking method checkModLists
[01:00:24] [Server thread/TRACE] [FML]: Testing mod FML to verify it accepts its own version in a remote connection
[01:00:24] [Server thread/TRACE] [FML]: The mod FML accepts its own version (8.0.99.99)
[01:00:24] [Server thread/INFO] [FML]: Attempting connection with missing mods [minecraft, mcp, FML, forge] at CLIENT
[01:00:24] [Server thread/INFO] [FML]: Attempting connection with missing mods [minecraft, mcp, FML, forge] at SERVER
[01:00:24] [Server thread/TRACE] [FML]: Sent event FMLConstructionEvent to mod FML
[01:00:24] [Server thread/DEBUG] [FML]: Bar Step: Construction - Forge Mod Loader took 0.324s
[01:00:24] [Server thread/TRACE] [FML]: Sending event FMLConstructionEvent to mod forge
[01:00:24] [Server thread/DEBUG] [forge]: Loading Vanilla annotations: null
[01:00:24] [Server thread/DEBUG] [forge]: Preloading CrashReport Classes
[01:00:24] [Server thread/DEBUG] [forge]: 	net/minecraftforge/common/util/TextTable
[01:00:24] [Server thread/DEBUG] [forge]: 	net/minecraftforge/common/util/TextTable$Alignment
[01:00:24] [Server thread/DEBUG] [forge]: 	net/minecraftforge/common/util/TextTable$Column
[01:00:24] [Server thread/DEBUG] [forge]: 	net/minecraftforge/common/util/TextTable$Row
[01:00:24] [Server thread/DEBUG] [forge]: 	net/minecraftforge/fml/client/SplashProgress$1
[01:00:24] [Server thread/DEBUG] [forge]: 	net/minecraftforge/fml/common/FMLCommonHandler$1
[01:00:24] [Server thread/DEBUG] [forge]: 	net/minecraftforge/fml/common/Loader$1
[01:00:24] [Server thread/TRACE] [FML]: Mod forge is using network checker : No network checking performed
[01:00:24] [Server thread/TRACE] [FML]: Testing mod forge to verify it accepts its own version in a remote connection
[01:00:24] [Server thread/TRACE] [FML]: The mod forge accepts its own version (14.23.5.2860)
[01:00:24] [Server thread/DEBUG] [FML]: Attempting to inject @Config classes into forge for type INSTANCE
[01:00:24] [Server thread/TRACE] [FML]: Sent event FMLConstructionEvent to mod forge
[01:00:24] [Server thread/DEBUG] [FML]: Bar Step: Construction - Minecraft Forge took 0.031s
[01:00:24] [Server thread/DEBUG] [FML]: Bar Finished: Construction took 0.358s
[01:00:24] [Server thread/DEBUG] [FML]: Mod signature data
[01:00:24] [Server thread/DEBUG] [FML]:  	Valid Signatures:
[01:00:24] [Server thread/DEBUG] [FML]: 		(e3c3d50c7c986df74c645c0ac54639741c90a557) FML	(Forge Mod Loader	8.0.99.99)	forge-1.12.2-14.23.5.2860.jar
[01:00:24] [Server thread/DEBUG] [FML]: 		(e3c3d50c7c986df74c645c0ac54639741c90a557) forge	(Minecraft Forge	14.23.5.2860)	forge-1.12.2-14.23.5.2860.jar
[01:00:24] [Server thread/DEBUG] [FML]:  	Missing Signatures:
[01:00:24] [Server thread/DEBUG] [FML]: 		minecraft	(Minecraft	1.12.2)	minecraft.jar
[01:00:24] [Server thread/DEBUG] [FML]: 		mcp	(Minecraft Coder Pack	9.42)	minecraft.jar
[01:00:24] [Server thread/INFO] [FML]: Processing ObjectHolder annotations
[01:00:24] [Server thread/INFO] [FML]: Found 1168 ObjectHolder annotations
[01:00:24] [Server thread/INFO] [FML]: Identifying ItemStackHolder annotations
[01:00:24] [Server thread/INFO] [FML]: Found 0 ItemStackHolder annotations
[01:00:24] [Server thread/TRACE] [FML]: Sending event FMLPreInitializationEvent to mod minecraft
[01:00:24] [Server thread/TRACE] [FML]: Sent event FMLPreInitializationEvent to mod minecraft
[01:00:24] [Server thread/DEBUG] [FML]: Bar Step: PreInitialization - Minecraft took 0.001s
[01:00:24] [Server thread/TRACE] [FML]: Sending event FMLPreInitializationEvent to mod mcp
[01:00:24] [Server thread/TRACE] [FML]: Sent event FMLPreInitializationEvent to mod mcp
[01:00:24] [Server thread/DEBUG] [FML]: Bar Step: PreInitialization - Minecraft Coder Pack took 0.001s
[01:00:24] [Server thread/TRACE] [FML]: Sending event FMLPreInitializationEvent to mod FML
[01:00:24] [Server thread/TRACE] [FML]: Sent event FMLPreInitializationEvent to mod FML
[01:00:24] [Server thread/DEBUG] [FML]: Bar Step: PreInitialization - Forge Mod Loader took 0.000s
[01:00:24] [Server thread/TRACE] [FML]: Sending event FMLPreInitializationEvent to mod forge
[01:00:24] [Server thread/INFO] [FML]: Configured a dormant chunk cache size of 0
[01:00:24] [Server thread/TRACE] [FML]: Sent event FMLPreInitializationEvent to mod forge
[01:00:24] [Server thread/DEBUG] [FML]: Bar Step: PreInitialization - Minecraft Forge took 0.067s
[01:00:24] [Server thread/DEBUG] [FML]: Bar Finished: PreInitialization took 0.068s
[01:00:24] [Forge Version Check/INFO] [forge.VersionCheck]: [forge] Starting version check at http://files.minecraftforge.net/maven/net/minecraftforge/forge/promotions_slim.json
[01:00:24] [Server thread/INFO] [FML]: Applying holder lookups
[01:00:24] [Server thread/INFO] [FML]: Holder lookups applied
[01:00:24] [Server thread/INFO] [FML]: Applying holder lookups
[01:00:24] [Server thread/INFO] [FML]: Holder lookups applied
[01:00:24] [Server thread/INFO] [FML]: Applying holder lookups
[01:00:24] [Server thread/INFO] [FML]: Holder lookups applied
[01:00:24] [Server thread/INFO] [FML]: Applying holder lookups
[01:00:24] [Server thread/INFO] [FML]: Holder lookups applied
[01:00:24] [Server thread/INFO] [FML]: Injecting itemstacks
[01:00:24] [Server thread/INFO] [FML]: Itemstack injection complete
[01:00:24] [Server thread/INFO] [net.minecraft.server.dedicated.DedicatedServer]: Loading properties
[01:00:24] [Server thread/INFO] [net.minecraft.server.dedicated.DedicatedServer]: Default game type: SURVIVAL
[01:00:24] [Server thread/INFO] [net.minecraft.server.dedicated.DedicatedServer]: Generating keypair
[01:00:24] [Server thread/INFO] [net.minecraft.server.dedicated.DedicatedServer]: Starting Minecraft server on *:25565
[01:00:25] [Server thread/INFO] [net.minecraft.network.NetworkSystem]: Using epoll channel type
[01:00:25] [Server thread/WARN] [net.minecraft.server.dedicated.DedicatedServer]: **** SERVER IS RUNNING IN OFFLINE/INSECURE MODE!
[01:00:25] [Server thread/WARN] [net.minecraft.server.dedicated.DedicatedServer]: The server will make no attempt to authenticate usernames. Beware.
[01:00:25] [Server thread/WARN] [net.minecraft.server.dedicated.DedicatedServer]: While this makes the game possible to play without internet access, it also opens up the ability for hackers to connect with any username they choose.
[01:00:25] [Server thread/WARN] [net.minecraft.server.dedicated.DedicatedServer]: To change this, set "online-mode" to "true" in the server.properties file.
[01:00:25] [Server thread/INFO] [FML]: Applying holder lookups
[01:00:25] [Server thread/INFO] [FML]: Holder lookups applied
[01:00:25] [Server thread/TRACE] [FML]: Sending event FMLInitializationEvent to mod minecraft
[01:00:25] [Server thread/TRACE] [FML]: Sent event FMLInitializationEvent to mod minecraft
[01:00:25] [Server thread/DEBUG] [FML]: Bar Step: Initialization - Minecraft took 0.000s
[01:00:25] [Server thread/TRACE] [FML]: Sending event FMLInitializationEvent to mod mcp
[01:00:25] [Server thread/TRACE] [FML]: Sent event FMLInitializationEvent to mod mcp
[01:00:25] [Server thread/DEBUG] [FML]: Bar Step: Initialization - Minecraft Coder Pack took 0.001s
[01:00:25] [Server thread/TRACE] [FML]: Sending event FMLInitializationEvent to mod FML
[01:00:25] [Server thread/TRACE] [FML]: Sent event FMLInitializationEvent to mod FML
[01:00:25] [Server thread/DEBUG] [FML]: Bar Step: Initialization - Forge Mod Loader took 0.001s
[01:00:25] [Server thread/TRACE] [FML]: Sending event FMLInitializationEvent to mod forge
[01:00:25] [Server thread/TRACE] [FML]: Sent event FMLInitializationEvent to mod forge
[01:00:25] [Server thread/DEBUG] [FML]: Bar Step: Initialization - Minecraft Forge took 0.001s
[01:00:25] [Server thread/DEBUG] [FML]: Bar Finished: Initialization took 0.002s
[01:00:25] [Server thread/TRACE] [FML]: Attempting to deliver 0 IMC messages to mod minecraft
[01:00:25] [Server thread/TRACE] [FML]: Sending event IMCEvent to mod minecraft
[01:00:25] [Server thread/TRACE] [FML]: Sent event IMCEvent to mod minecraft
[01:00:25] [Server thread/DEBUG] [FML]: Bar Step: InterModComms$IMC - Minecraft took 0.009s
[01:00:25] [Server thread/TRACE] [FML]: Attempting to deliver 0 IMC messages to mod mcp
[01:00:25] [Server thread/TRACE] [FML]: Sending event IMCEvent to mod mcp
[01:00:25] [Server thread/TRACE] [FML]: Sent event IMCEvent to mod mcp
[01:00:25] [Server thread/DEBUG] [FML]: Bar Step: InterModComms$IMC - Minecraft Coder Pack took 0.000s
[01:00:25] [Server thread/TRACE] [FML]: Attempting to deliver 0 IMC messages to mod FML
[01:00:25] [Server thread/TRACE] [FML]: Sending event IMCEvent to mod FML
[01:00:25] [Server thread/TRACE] [FML]: Sent event IMCEvent to mod FML
[01:00:25] [Server thread/DEBUG] [FML]: Bar Step: InterModComms$IMC - Forge Mod Loader took 0.000s
[01:00:25] [Server thread/TRACE] [FML]: Attempting to deliver 0 IMC messages to mod forge
[01:00:25] [Server thread/TRACE] [FML]: Sending event IMCEvent to mod forge
[01:00:25] [Server thread/TRACE] [FML]: Sent event IMCEvent to mod forge
[01:00:25] [Server thread/DEBUG] [FML]: Bar Step: InterModComms$IMC - Minecraft Forge took 0.000s
[01:00:25] [Server thread/DEBUG] [FML]: Bar Finished: InterModComms$IMC took 0.010s
[01:00:25] [Server thread/INFO] [FML]: Injecting itemstacks
[01:00:25] [Server thread/INFO] [FML]: Itemstack injection complete
[01:00:25] [Server thread/TRACE] [FML]: Sending event FMLPostInitializationEvent to mod minecraft
[01:00:25] [Server thread/TRACE] [FML]: Sent event FMLPostInitializationEvent to mod minecraft
[01:00:25] [Server thread/DEBUG] [FML]: Bar Step: PostInitialization - Minecraft took 0.000s
[01:00:25] [Server thread/TRACE] [FML]: Sending event FMLPostInitializationEvent to mod mcp
[01:00:25] [Server thread/TRACE] [FML]: Sent event FMLPostInitializationEvent to mod mcp
[01:00:25] [Server thread/DEBUG] [FML]: Bar Step: PostInitialization - Minecraft Coder Pack took 0.001s
[01:00:25] [Server thread/TRACE] [FML]: Sending event FMLPostInitializationEvent to mod FML
[01:00:25] [Server thread/TRACE] [FML]: Sent event FMLPostInitializationEvent to mod FML
[01:00:25] [Server thread/DEBUG] [FML]: Bar Step: PostInitialization - Forge Mod Loader took 0.001s
[01:00:25] [Server thread/TRACE] [FML]: Sending event FMLPostInitializationEvent to mod forge
[01:00:25] [Server thread/TRACE] [FML]: Sent event FMLPostInitializationEvent to mod forge
[01:00:25] [Server thread/DEBUG] [FML]: Bar Step: PostInitialization - Minecraft Forge took 0.024s
[01:00:25] [Server thread/DEBUG] [FML]: Bar Finished: PostInitialization took 0.025s
[01:00:25] [Server thread/TRACE] [FML]: Sending event FMLLoadCompleteEvent to mod minecraft
[01:00:25] [Server thread/TRACE] [FML]: Sent event FMLLoadCompleteEvent to mod minecraft
[01:00:25] [Server thread/DEBUG] [FML]: Bar Step: LoadComplete - Minecraft took 0.001s
[01:00:25] [Server thread/TRACE] [FML]: Sending event FMLLoadCompleteEvent to mod mcp
[01:00:25] [Server thread/TRACE] [FML]: Sent event FMLLoadCompleteEvent to mod mcp
[01:00:25] [Server thread/DEBUG] [FML]: Bar Step: LoadComplete - Minecraft Coder Pack took 0.001s
[01:00:25] [Server thread/TRACE] [FML]: Sending event FMLLoadCompleteEvent to mod FML
[01:00:25] [Server thread/TRACE] [FML]: Sent event FMLLoadCompleteEvent to mod FML
[01:00:25] [Server thread/DEBUG] [FML]: Bar Step: LoadComplete - Forge Mod Loader took 0.001s
[01:00:25] [Server thread/TRACE] [FML]: Sending event FMLLoadCompleteEvent to mod forge
[01:00:25] [Server thread/DEBUG] [FML]: Forge RecipeSorter Baking:
[01:00:25] [Server thread/DEBUG] [FML]:   16: RecipeEntry("Before", UNKNOWN, )
[01:00:25] [Server thread/DEBUG] [FML]:   15: RecipeEntry("minecraft:shaped", SHAPED, net.minecraft.item.crafting.ShapedRecipes) Before: minecraft:shapeless
[01:00:25] [Server thread/DEBUG] [FML]:   14: RecipeEntry("forge:shapedore", SHAPED, net.minecraftforge.oredict.ShapedOreRecipe) Before: minecraft:shapeless After: minecraft:shaped
[01:00:25] [Server thread/DEBUG] [FML]:   13: RecipeEntry("minecraft:mapextending", SHAPED, net.minecraft.item.crafting.RecipesMapExtending) Before: minecraft:shapeless After: minecraft:shaped
[01:00:25] [Server thread/DEBUG] [FML]:   12: RecipeEntry("minecraft:shapeless", SHAPELESS, net.minecraft.item.crafting.ShapelessRecipes) After: minecraft:shaped
[01:00:25] [Server thread/DEBUG] [FML]:   11: RecipeEntry("minecraft:repair", SHAPELESS, net.minecraft.item.crafting.RecipeRepairItem) After: minecraft:shapeless
[01:00:25] [Server thread/DEBUG] [FML]:   10: RecipeEntry("minecraft:shield_deco", SHAPELESS, net.minecraft.item.crafting.ShieldRecipes$Decoration) After: minecraft:shapeless
[01:00:25] [Server thread/DEBUG] [FML]:   9: RecipeEntry("minecraft:armordyes", SHAPELESS, net.minecraft.item.crafting.RecipesArmorDyes) After: minecraft:shapeless
[01:00:25] [Server thread/DEBUG] [FML]:   8: RecipeEntry("minecraft:fireworks", SHAPELESS, net.minecraft.item.crafting.RecipeFireworks) After: minecraft:shapeless
[01:00:25] [Server thread/DEBUG] [FML]:   7: RecipeEntry("minecraft:pattern_dupe", SHAPELESS, net.minecraft.item.crafting.RecipesBanners$RecipeDuplicatePattern) After: minecraft:shapeless
[01:00:25] [Server thread/DEBUG] [FML]:   6: RecipeEntry("minecraft:tippedarrow", SHAPELESS, net.minecraft.item.crafting.RecipeTippedArrow) After: minecraft:shapeless
[01:00:25] [Server thread/DEBUG] [FML]:   5: RecipeEntry("minecraft:mapcloning", SHAPELESS, net.minecraft.item.crafting.RecipesMapCloning) After: minecraft:shapeless
[01:00:25] [Server thread/DEBUG] [FML]:   4: RecipeEntry("forge:shapelessore", SHAPELESS, net.minecraftforge.oredict.ShapelessOreRecipe) After: minecraft:shapeless
[01:00:25] [Server thread/DEBUG] [FML]:   3: RecipeEntry("minecraft:pattern_add", SHAPELESS, net.minecraft.item.crafting.RecipesBanners$RecipeAddPattern) After: minecraft:shapeless
[01:00:25] [Server thread/DEBUG] [FML]:   2: RecipeEntry("minecraft:bookcloning", SHAPELESS, net.minecraft.item.crafting.RecipeBookCloning) After: minecraft:shapeless
[01:00:25] [Server thread/DEBUG] [FML]:   1: RecipeEntry("After", UNKNOWN, )
[01:00:25] [Server thread/DEBUG] [FML]: Sorting recipes
[01:00:25] [Server thread/TRACE] [FML]: Sent event FMLLoadCompleteEvent to mod forge
[01:00:25] [Server thread/DEBUG] [FML]: Bar Step: LoadComplete - Minecraft Forge took 0.017s
[01:00:25] [Server thread/DEBUG] [FML]: Bar Finished: LoadComplete took 0.019s
[01:00:25] [Server thread/DEBUG] [FML]: Freezing registries
[01:00:25] [Server thread/TRACE] [FML]: Sending event FMLModIdMappingEvent to mod minecraft
[01:00:25] [Server thread/TRACE] [FML]: Sent event FMLModIdMappingEvent to mod minecraft
[01:00:25] [Server thread/DEBUG] [FML]: Bar Step: ModIdMapping - Minecraft took 0.001s
[01:00:25] [Server thread/TRACE] [FML]: Sending event FMLModIdMappingEvent to mod mcp
[01:00:25] [Server thread/TRACE] [FML]: Sent event FMLModIdMappingEvent to mod mcp
[01:00:25] [Server thread/DEBUG] [FML]: Bar Step: ModIdMapping - Minecraft Coder Pack took 0.001s
[01:00:25] [Server thread/TRACE] [FML]: Sending event FMLModIdMappingEvent to mod FML
[01:00:25] [Server thread/TRACE] [FML]: Sent event FMLModIdMappingEvent to mod FML
[01:00:25] [Server thread/DEBUG] [FML]: Bar Step: ModIdMapping - Forge Mod Loader took 0.001s
[01:00:25] [Server thread/TRACE] [FML]: Sending event FMLModIdMappingEvent to mod forge
[01:00:25] [Server thread/TRACE] [FML]: Sent event FMLModIdMappingEvent to mod forge
[01:00:25] [Server thread/DEBUG] [FML]: Bar Step: ModIdMapping - Minecraft Forge took 0.027s
[01:00:25] [Server thread/DEBUG] [FML]: Bar Finished: ModIdMapping took 0.029s
[01:00:25] [Server thread/DEBUG] [FML]: All registries frozen
[01:00:25] [Server thread/INFO] [FML]: Forge Mod Loader has successfully loaded 4 mods
[01:00:25] [Server thread/TRACE] [FML]: Sending event FMLServerAboutToStartEvent to mod minecraft
[01:00:25] [Server thread/TRACE] [FML]: Sent event FMLServerAboutToStartEvent to mod minecraft
[01:00:25] [Server thread/DEBUG] [FML]: Bar Step: ServerAboutToStart - Minecraft took 0.000s
[01:00:25] [Server thread/TRACE] [FML]: Sending event FMLServerAboutToStartEvent to mod mcp
[01:00:25] [Server thread/TRACE] [FML]: Sent event FMLServerAboutToStartEvent to mod mcp
[01:00:25] [Server thread/DEBUG] [FML]: Bar Step: ServerAboutToStart - Minecraft Coder Pack took 0.000s
[01:00:25] [Server thread/TRACE] [FML]: Sending event FMLServerAboutToStartEvent to mod FML
[01:00:25] [Server thread/TRACE] [FML]: Sent event FMLServerAboutToStartEvent to mod FML
[01:00:25] [Server thread/DEBUG] [FML]: Bar Step: ServerAboutToStart - Forge Mod Loader took 0.000s
[01:00:25] [Server thread/TRACE] [FML]: Sending event FMLServerAboutToStartEvent to mod forge
[01:00:25] [Server thread/TRACE] [FML]: Sent event FMLServerAboutToStartEvent to mod forge
[01:00:25] [Server thread/DEBUG] [FML]: Bar Step: ServerAboutToStart - Minecraft Forge took 0.000s
[01:00:25] [Server thread/DEBUG] [FML]: Bar Finished: ServerAboutToStart took 0.001s
[01:00:25] [Server thread/INFO] [net.minecraft.server.dedicated.DedicatedServer]: Preparing level "world"
[01:00:25] [Server thread/INFO] [FML]: Injecting existing registry data into this server instance
[01:00:25] [Server thread/TRACE] [FML]: Registry Name : minecraft:blocks
[01:00:25] [Server thread/TRACE] [FML]:   Registry: 0 minecraft:air Block{minecraft:air}
[01:00:25] [Server thread/TRACE] [FML]:   Registry: 1 minecraft:stone Block{minecraft:stone}
[01:00:25] [Server thread/TRACE] [FML]:   Registry: 2 minecraft:grass Block{minecraft:grass}
[01:00:25] [Server thread/TRACE] [FML]:   Registry: 3 minecraft:dirt Block{minecraft:dirt}
[01:00:25] [Server thread/TRACE] [FML]:   Registry: 4 minecraft:cobblestone Block{minecraft:cobblestone}
[01:00:25] [Server thread/TRACE] [FML]:   Registry: 5 minecraft:planks Block{minecraft:planks}
[01:00:25] [Server thread/TRACE] [FML]:   Registry: 6 minecraft:sapling Block{minecraft:sapling}
[01:00:25] [Server thread/TRACE] [FML]:   Registry: 7 minecraft:bedrock Block{minecraft:bedrock}
[01:00:25] [Server thread/TRACE] [FML]:   Registry: 8 minecraft:flowing_water Block{minecraft:flowing_water}
[01:00:25] [Server thread/TRACE] [FML]:   Registry: 9 minecraft:water Block{minecraft:water}
[01:00:25] [Server thread/TRACE] [FML]:   Registry: 10 minecraft:flowing_lava Block{minecraft:flowing_lava}
[01:00:25] [Server thread/TRACE] [FML]:   Registry: 11 minecraft:lava Block{minecraft:lava}
[01:00:25] [Server thread/TRACE] [FML]:   Registry: 12 minecraft:sand Block{minecraft:sand}
[01:00:25] [Server thread/TRACE] [FML]:   Registry: 13 minecraft:gravel Block{minecraft:gravel}
[01:00:25] [Server thread/TRACE] [FML]:   Registry: 14 minecraft:gold_ore Block{minecraft:gold_ore}
[01:00:25] [Server thread/TRACE] [FML]:   Registry: 15 minecraft:iron_ore Block{minecraft:iron_ore}
[01:00:25] [Server thread/TRACE] [FML]:   Registry: 16 minecraft:coal_ore Block{minecraft:coal_ore}
[01:00:25] [Server thread/TRACE] [FML]:   Registry: 17 minecraft:log Block{minecraft:log}
[01:00:25] [Server thread/TRACE] [FML]:   Registry: 18 minecraft:leaves Block{minecraft:leaves}
[01:00:25] [Server thread/TRACE] [FML]:   Registry: 19 minecraft:sponge Block{minecraft:sponge}
[01:00:25] [Server thread/TRACE] [FML]:   Registry: 20 minecraft:glass Block{minecraft:glass}
[01:00:25] [Server thread/TRACE] [FML]:   Registry: 21 minecraft:lapis_ore Block{minecraft:lapis_ore}
[01:00:25] [Server thread/TRACE] [FML]:   Registry: 22 minecraft:lapis_block Block{minecraft:lapis_block}
[01:00:25] [Server thread/TRACE] [FML]:   Registry: 23 minecraft:dispenser Block{minecraft:dispenser}
[01:00:25] [Server thread/TRACE] [FML]:   Registry: 24 minecraft:sandstone Block{minecraft:sandstone}
[01:00:25] [Server thread/TRACE] [FML]:   Registry: 25 minecraft:noteblock Block{minecraft:noteblock}
[01:00:25] [Server thread/TRACE] [FML]:   Registry: 26 minecraft:bed Block{minecraft:bed}
[01:00:25] [Server thread/TRACE] [FML]:   Registry: 27 minecraft:golden_rail Block{minecraft:golden_rail}
[01:00:25] [Server thread/TRACE] [FML]:   Registry: 28 minecraft:detector_rail Block{minecraft:detector_rail}
[01:00:25] [Server thread/TRACE] [FML]:   Registry: 29 minecraft:sticky_piston Block{minecraft:sticky_piston}
[01:00:25] [Server thread/TRACE] [FML]:   Registry: 30 minecraft:web Block{minecraft:web}
[01:00:25] [Server thread/TRACE] [FML]:   Registry: 31 minecraft:tallgrass Block{minecraft:tallgrass}
[01:00:25] [Server thread/TRACE] [FML]:   Registry: 32 minecraft:deadbush Block{minecraft:deadbush}
[01:00:25] [Server thread/TRACE] [FML]:   Registry: 33 minecraft:piston Block{minecraft:piston}
[01:00:25] [Server thread/TRACE] [FML]:   Registry: 34 minecraft:piston_head Block{minecraft:piston_head}
[01:00:25] [Server thread/TRACE] [FML]:   Registry: 35 minecraft:wool Block{minecraft:wool}
[01:00:25] [Server thread/TRACE] [FML]:   Registry: 36 minecraft:piston_extension Block{minecraft:piston_extension}
[01:00:25] [Server thread/TRACE] [FML]:   Registry: 37 minecraft:yellow_flower Block{minecraft:yellow_flower}
[01:00:25] [Server thread/TRACE] [FML]:   Registry: 38 minecraft:red_flower Block{minecraft:red_flower}
[01:00:25] [Server thread/TRACE] [FML]:   Registry: 39 minecraft:brown_mushroom Block{minecraft:brown_mushroom}
[01:00:25] [Server thread/TRACE] [FML]:   Registry: 40 minecraft:red_mushroom Block{minecraft:red_mushroom}
[01:00:25] [Server thread/TRACE] [FML]:   Registry: 41 minecraft:gold_block Block{minecraft:gold_block}
[01:00:25] [Server thread/TRACE] [FML]:   Registry: 42 minecraft:iron_block Block{minecraft:iron_block}
[01:00:25] [Server thread/TRACE] [FML]:   Registry: 43 minecraft:double_stone_slab Block{minecraft:double_stone_slab}
[01:00:25] [Server thread/TRACE] [FML]:   Registry: 44 minecraft:stone_slab Block{minecraft:stone_slab}
[01:00:25] [Server thread/TRACE] [FML]:   Registry: 45 minecraft:brick_block Block{minecraft:brick_block}
[01:00:25] [Server thread/TRACE] [FML]:   Registry: 46 minecraft:tnt Block{minecraft:tnt}
[01:00:25] [Server thread/TRACE] [FML]:   Registry: 47 minecraft:bookshelf Block{minecraft:bookshelf}
[01:00:25] [Server thread/TRACE] [FML]:   Registry: 48 minecraft:mossy_cobblestone Block{minecraft:mossy_cobblestone}
[01:00:25] [Server thread/TRACE] [FML]:   Registry: 49 minecraft:obsidian Block{minecraft:obsidian}
[01:00:25] [Server thread/TRACE] [FML]:   Registry: 50 minecraft:torch Block{minecraft:torch}
[01:00:25] [Server thread/TRACE] [FML]:   Registry: 51 minecraft:fire Block{minecraft:fire}
[01:00:25] [Server thread/TRACE] [FML]:   Registry: 52 minecraft:mob_spawner Block{minecraft:mob_spawner}
[01:00:25] [Server thread/TRACE] [FML]:   Registry: 53 minecraft:oak_stairs Block{minecraft:oak_stairs}
[01:00:25] [Server thread/TRACE] [FML]:   Registry: 54 minecraft:chest Block{minecraft:chest}
[01:00:25] [Server thread/TRACE] [FML]:   Registry: 55 minecraft:redstone_wire Block{minecraft:redstone_wire}
[01:00:25] [Server thread/TRACE] [FML]:   Registry: 56 minecraft:diamond_ore Block{minecraft:diamond_ore}
[01:00:25] [Server thread/TRACE] [FML]:   Registry: 57 minecraft:diamond_block Block{minecraft:diamond_block}
[01:00:25] [Server thread/TRACE] [FML]:   Registry: 58 minecraft:crafting_table Block{minecraft:crafting_table}
[01:00:25] [Server thread/TRACE] [FML]:   Registry: 59 minecraft:wheat Block{minecraft:wheat}
[01:00:25] [Server thread/TRACE] [FML]:   Registry: 60 minecraft:farmland Block{minecraft:farmland}
[01:00:25] [Server thread/TRACE] [FML]:   Registry: 61 minecraft:furnace Block{minecraft:furnace}
[01:00:25] [Server thread/TRACE] [FML]:   Registry: 62 minecraft:lit_furnace Block{minecraft:lit_furnace}
[01:00:25] [Server thread/TRACE] [FML]:   Registry: 63 minecraft:standing_sign Block{minecraft:standing_sign}
[01:00:25] [Server thread/TRACE] [FML]:   Registry: 64 minecraft:wooden_door Block{minecraft:wooden_door}
[01:00:25] [Server thread/TRACE] [FML]:   Registry: 65 minecraft:ladder Block{minecraft:ladder}
[01:00:25] [Server thread/TRACE] [FML]:   Registry: 66 minecraft:rail Block{minecraft:rail}
[01:00:25] [Server thread/TRACE] [FML]:   Registry: 67 minecraft:stone_stairs Block{minecraft:stone_stairs}
[01:00:25] [Server thread/TRACE] [FML]:   Registry: 68 minecraft:wall_sign Block{minecraft:wall_sign}
[01:00:25] [Server thread/TRACE] [FML]:   Registry: 69 minecraft:lever Block{minecraft:lever}
[01:00:25] [Server thread/TRACE] [FML]:   Registry: 70 minecraft:stone_pressure_plate Block{minecraft:stone_pressure_plate}
[01:00:25] [Server thread/TRACE] [FML]:   Registry: 71 minecraft:iron_door Block{minecraft:iron_door}
[01:00:25] [Server thread/TRACE] [FML]:   Registry: 72 minecraft:wooden_pressure_plate Block{minecraft:wooden_pressure_plate}
[01:00:25] [Server thread/TRACE] [FML]:   Registry: 73 minecraft:redstone_ore Block{minecraft:redstone_ore}
[01:00:25] [Server thread/TRACE] [FML]:   Registry: 74 minecraft:lit_redstone_ore Block{minecraft:lit_redstone_ore}
[01:00:25] [Server thread/TRACE] [FML]:   Registry: 75 minecraft:unlit_redstone_torch Block{minecraft:unlit_redstone_torch}
[01:00:25] [Server thread/TRACE] [FML]:   Registry: 76 minecraft:redstone_torch Block{minecraft:redstone_torch}
[01:00:25] [Server thread/TRACE] [FML]:   Registry: 77 minecraft:stone_button Block{minecraft:stone_button}
[01:00:25] [Server thread/TRACE] [FML]:   Registry: 78 minecraft:snow_layer Block{minecraft:snow_layer}
[01:00:25] [Server thread/TRACE] [FML]:   Registry: 79 minecraft:ice Block{minecraft:ice}
[01:00:25] [Server thread/TRACE] [FML]:   Registry: 80 minecraft:snow Block{minecraft:snow}
[01:00:25] [Server thread/TRACE] [FML]:   Registry: 81 minecraft:cactus Block{minecraft:cactus}
[01:00:25] [Server thread/TRACE] [FML]:   Registry: 82 minecraft:clay Block{minecraft:clay}
[01:00:25] [Server thread/TRACE] [FML]:   Registry: 83 minecraft:reeds Block{minecraft:reeds}
[01:00:25] [Server thread/TRACE] [FML]:   Registry: 84 minecraft:jukebox Block{minecraft:jukebox}
[01:00:25] [Server thread/TRACE] [FML]:   Registry: 85 minecraft:fence Block{minecraft:fence}
[01:00:25] [Server thread/TRACE] [FML]:   Registry: 86 minecraft:pumpkin Block{minecraft:pumpkin}
[01:00:25] [Server thread/TRACE] [FML]:   Registry: 87 minecraft:netherrack Block{minecraft:netherrack}
[01:00:25] [Server thread/TRACE] [FML]:   Registry: 88 minecraft:soul_sand Block{minecraft:soul_sand}
[01:00:25] [Server thread/TRACE] [FML]:   Registry: 89 minecraft:glowstone Block{minecraft:glowstone}
[01:00:25] [Server thread/TRACE] [FML]:   Registry: 90 minecraft:portal Block{minecraft:portal}
[01:00:25] [Server thread/TRACE] [FML]:   Registry: 91 minecraft:lit_pumpkin Block{minecraft:lit_pumpkin}
[01:00:25] [Server thread/TRACE] [FML]:   Registry: 92 minecraft:cake Block{minecraft:cake}
[01:00:25] [Server thread/TRACE] [FML]:   Registry: 93 minecraft:unpowered_repeater Block{minecraft:unpowered_repeater}
[01:00:25] [Server thread/TRACE] [FML]:   Registry: 94 minecraft:powered_repeater Block{minecraft:powered_repeater}
[01:00:25] [Server thread/TRACE] [FML]:   Registry: 95 minecraft:stained_glass Block{minecraft:stained_glass}
[01:00:25] [Server thread/TRACE] [FML]:   Registry: 96 minecraft:trapdoor Block{minecraft:trapdoor}
[01:00:25] [Server thread/TRACE] [FML]:   Registry: 97 minecraft:monster_egg Block{minecraft:monster_egg}
[01:00:25] [Server thread/TRACE] [FML]:   Registry: 98 minecraft:stonebrick Block{minecraft:stonebrick}
[01:00:25] [Server thread/TRACE] [FML]:   Registry: 99 minecraft:brown_mushroom_block Block{minecraft:brown_mushroom_block}
[01:00:25] [Server thread/TRACE] [FML]:   Registry: 100 minecraft:red_mushroom_block Block{minecraft:red_mushroom_block}
[01:00:25] [Server thread/TRACE] [FML]:   Registry: 101 minecraft:iron_bars Block{minecraft:iron_bars}
[01:00:25] [Server thread/TRACE] [FML]:   Registry: 102 minecraft:glass_pane Block{minecraft:glass_pane}
[01:00:25] [Server thread/TRACE] [FML]:   Registry: 103 minecraft:melon_block Block{minecraft:melon_block}
[01:00:25] [Server thread/TRACE] [FML]:   Registry: 104 minecraft:pumpkin_stem Block{minecraft:pumpkin_stem}
[01:00:25] [Server thread/TRACE] [FML]:   Registry: 105 minecraft:melon_stem Block{minecraft:melon_stem}
[01:00:25] [Server thread/TRACE] [FML]:   Registry: 106 minecraft:vine Block{minecraft:vine}
[01:00:25] [Server thread/TRACE] [FML]:   Registry: 107 minecraft:fence_gate Block{minecraft:fence_gate}
[01:00:25] [Server thread/TRACE] [FML]:   Registry: 108 minecraft:brick_stairs Block{minecraft:brick_stairs}
[01:00:25] [Server thread/TRACE] [FML]:   Registry: 109 minecraft:stone_brick_stairs Block{minecraft:stone_brick_stairs}
[01:00:25] [Server thread/TRACE] [FML]:   Registry: 110 minecraft:mycelium Block{minecraft:mycelium}
[01:00:25] [Server thread/TRACE] [FML]:   Registry: 111 minecraft:waterlily Block{minecraft:waterlily}
[01:00:25] [Server thread/TRACE] [FML]:   Registry: 112 minecraft:nether_brick Block{minecraft:nether_brick}
[01:00:25] [Server thread/TRACE] [FML]:   Registry: 113 minecraft:nether_brick_fence Block{minecraft:nether_brick_fence}
[01:00:25] [Server thread/TRACE] [FML]:   Registry: 114 minecraft:nether_brick_stairs Block{minecraft:nether_brick_stairs}
[01:00:25] [Server thread/TRACE] [FML]:   Registry: 115 minecraft:nether_wart Block{minecraft:nether_wart}
[01:00:25] [Server thread/TRACE] [FML]:   Registry: 116 minecraft:enchanting_table Block{minecraft:enchanting_table}
[01:00:25] [Server thread/TRACE] [FML]:   Registry: 117 minecraft:brewing_stand Block{minecraft:brewing_stand}
[01:00:25] [Server thread/TRACE] [FML]:   Registry: 118 minecraft:cauldron Block{minecraft:cauldron}
[01:00:25] [Server thread/TRACE] [FML]:   Registry: 119 minecraft:end_portal Block{minecraft:end_portal}
[01:00:25] [Server thread/TRACE] [FML]:   Registry: 120 minecraft:end_portal_frame Block{minecraft:end_portal_frame}
[01:00:25] [Server thread/TRACE] [FML]:   Registry: 121 minecraft:end_stone Block{minecraft:end_stone}
[01:00:25] [Server thread/TRACE] [FML]:   Registry: 122 minecraft:dragon_egg Block{minecraft:dragon_egg}
[01:00:25] [Server thread/TRACE] [FML]:   Registry: 123 minecraft:redstone_lamp Block{minecraft:redstone_lamp}
[01:00:25] [Server thread/TRACE] [FML]:   Registry: 124 minecraft:lit_redstone_lamp Block{minecraft:lit_redstone_lamp}
[01:00:25] [Server thread/TRACE] [FML]:   Registry: 125 minecraft:double_wooden_slab Block{minecraft:double_wooden_slab}
[01:00:25] [Server thread/TRACE] [FML]:   Registry: 126 minecraft:wooden_slab Block{minecraft:wooden_slab}
[01:00:25] [Server thread/TRACE] [FML]:   Registry: 127 minecraft:cocoa Block{minecraft:cocoa}
[01:00:25] [Server thread/TRACE] [FML]:   Registry: 128 minecraft:sandstone_stairs Block{minecraft:sandstone_stairs}
[01:00:25] [Server thread/TRACE] [FML]:   Registry: 129 minecraft:emerald_ore Block{minecraft:emerald_ore}
[01:00:25] [Server thread/TRACE] [FML]:   Registry: 130 minecraft:ender_chest Block{minecraft:ender_chest}
[01:00:25] [Server thread/TRACE] [FML]:   Registry: 131 minecraft:tripwire_hook Block{minecraft:tripwire_hook}
[01:00:25] [Server thread/TRACE] [FML]:   Registry: 132 minecraft:tripwire Block{minecraft:tripwire}
[01:00:25] [Server thread/TRACE] [FML]:   Registry: 133 minecraft:emerald_block Block{minecraft:emerald_block}
[01:00:25] [Server thread/TRACE] [FML]:   Registry: 134 minecraft:spruce_stairs Block{minecraft:spruce_stairs}
[01:00:25] [Server thread/TRACE] [FML]:   Registry: 135 minecraft:birch_stairs Block{minecraft:birch_stairs}
[01:00:25] [Server thread/TRACE] [FML]:   Registry: 136 minecraft:jungle_stairs Block{minecraft:jungle_stairs}
[01:00:25] [Server thread/TRACE] [FML]:   Registry: 137 minecraft:command_block Block{minecraft:command_block}
[01:00:25] [Server thread/TRACE] [FML]:   Registry: 138 minecraft:beacon Block{minecraft:beacon}
[01:00:25] [Server thread/TRACE] [FML]:   Registry: 139 minecraft:cobblestone_wall Block{minecraft:cobblestone_wall}
[01:00:25] [Server thread/TRACE] [FML]:   Registry: 140 minecraft:flower_pot Block{minecraft:flower_pot}
[01:00:25] [Server thread/TRACE] [FML]:   Registry: 141 minecraft:carrots Block{minecraft:carrots}
[01:00:25] [Server thread/TRACE] [FML]:   Registry: 142 minecraft:potatoes Block{minecraft:potatoes}
[01:00:25] [Server thread/TRACE] [FML]:   Registry: 143 minecraft:wooden_button Block{minecraft:wooden_button}
[01:00:25] [Server thread/TRACE] [FML]:   Registry: 144 minecraft:skull Block{minecraft:skull}
[01:00:25] [Server thread/TRACE] [FML]:   Registry: 145 minecraft:anvil Block{minecraft:anvil}
[01:00:25] [Server thread/TRACE] [FML]:   Registry: 146 minecraft:trapped_chest Block{minecraft:trapped_chest}
[01:00:25] [Server thread/TRACE] [FML]:   Registry: 147 minecraft:light_weighted_pressure_plate Block{minecraft:light_weighted_pressure_plate}
[01:00:25] [Server thread/TRACE] [FML]:   Registry: 148 minecraft:heavy_weighted_pressure_plate Block{minecraft:heavy_weighted_pressure_plate}
[01:00:25] [Server thread/TRACE] [FML]:   Registry: 149 minecraft:unpowered_comparator Block{minecraft:unpowered_comparator}
[01:00:25] [Server thread/TRACE] [FML]:   Registry: 150 minecraft:powered_comparator Block{minecraft:powered_comparator}
[01:00:25] [Server thread/TRACE] [FML]:   Registry: 151 minecraft:daylight_detector Block{minecraft:daylight_detector}
[01:00:25] [Server thread/TRACE] [FML]:   Registry: 152 minecraft:redstone_block Block{minecraft:redstone_block}
[01:00:25] [Server thread/TRACE] [FML]:   Registry: 153 minecraft:quartz_ore Block{minecraft:quartz_ore}
[01:00:25] [Server thread/TRACE] [FML]:   Registry: 154 minecraft:hopper Block{minecraft:hopper}
[01:00:25] [Server thread/TRACE] [FML]:   Registry: 155 minecraft:quartz_block Block{minecraft:quartz_block}
[01:00:25] [Server thread/TRACE] [FML]:   Registry: 156 minecraft:quartz_stairs Block{minecraft:quartz_stairs}
[01:00:25] [Server thread/TRACE] [FML]:   Registry: 157 minecraft:activator_rail Block{minecraft:activator_rail}
[01:00:25] [Server thread/TRACE] [FML]:   Registry: 158 minecraft:dropper Block{minecraft:dropper}
[01:00:25] [Server thread/TRACE] [FML]:   Registry: 159 minecraft:stained_hardened_clay Block{minecraft:stained_hardened_clay}
[01:00:25] [Server thread/TRACE] [FML]:   Registry: 160 minecraft:stained_glass_pane Block{minecraft:stained_glass_pane}
[01:00:25] [Server thread/TRACE] [FML]:   Registry: 161 minecraft:leaves2 Block{minecraft:leaves2}
[01:00:25] [Server thread/TRACE] [FML]:   Registry: 162 minecraft:log2 Block{minecraft:log2}
[01:00:25] [Server thread/TRACE] [FML]:   Registry: 163 minecraft:acacia_stairs Block{minecraft:acacia_stairs}
[01:00:25] [Server thread/TRACE] [FML]:   Registry: 164 minecraft:dark_oak_stairs Block{minecraft:dark_oak_stairs}
[01:00:25] [Server thread/TRACE] [FML]:   Registry: 165 minecraft:slime Block{minecraft:slime}
[01:00:25] [Server thread/TRACE] [FML]:   Registry: 166 minecraft:barrier Block{minecraft:barrier}
[01:00:25] [Server thread/TRACE] [FML]:   Registry: 167 minecraft:iron_trapdoor Block{minecraft:iron_trapdoor}
[01:00:25] [Server thread/TRACE] [FML]:   Registry: 168 minecraft:prismarine Block{minecraft:prismarine}
[01:00:25] [Server thread/TRACE] [FML]:   Registry: 169 minecraft:sea_lantern Block{minecraft:sea_lantern}
[01:00:25] [Server thread/TRACE] [FML]:   Registry: 170 minecraft:hay_block Block{minecraft:hay_block}
[01:00:25] [Server thread/TRACE] [FML]:   Registry: 171 minecraft:carpet Block{minecraft:carpet}
[01:00:25] [Server thread/TRACE] [FML]:   Registry: 172 minecraft:hardened_clay Block{minecraft:hardened_clay}
[01:00:25] [Server thread/TRACE] [FML]:   Registry: 173 minecraft:coal_block Block{minecraft:coal_block}
[01:00:25] [Server thread/TRACE] [FML]:   Registry: 174 minecraft:packed_ice Block{minecraft:packed_ice}
[01:00:25] [Server thread/TRACE] [FML]:   Registry: 175 minecraft:double_plant Block{minecraft:double_plant}
[01:00:25] [Server thread/TRACE] [FML]:   Registry: 176 minecraft:standing_banner Block{minecraft:standing_banner}
[01:00:25] [Server thread/TRACE] [FML]:   Registry: 177 minecraft:wall_banner Block{minecraft:wall_banner}
[01:00:25] [Server thread/TRACE] [FML]:   Registry: 178 minecraft:daylight_detector_inverted Block{minecraft:daylight_detector_inverted}
[01:00:25] [Server thread/TRACE] [FML]:   Registry: 179 minecraft:red_sandstone Block{minecraft:red_sandstone}
[01:00:25] [Server thread/TRACE] [FML]:   Registry: 180 minecraft:red_sandstone_stairs Block{minecraft:red_sandstone_stairs}
[01:00:25] [Server thread/TRACE] [FML]:   Registry: 181 minecraft:double_stone_slab2 Block{minecraft:double_stone_slab2}
[01:00:25] [Server thread/TRACE] [FML]:   Registry: 182 minecraft:stone_slab2 Block{minecraft:stone_slab2}
[01:00:25] [Server thread/TRACE] [FML]:   Registry: 183 minecraft:spruce_fence_gate Block{minecraft:spruce_fence_gate}
[01:00:25] [Server thread/TRACE] [FML]:   Registry: 184 minecraft:birch_fence_gate Block{minecraft:birch_fence_gate}
[01:00:25] [Server thread/TRACE] [FML]:   Registry: 185 minecraft:jungle_fence_gate Block{minecraft:jungle_fence_gate}
[01:00:25] [Server thread/TRACE] [FML]:   Registry: 186 minecraft:dark_oak_fence_gate Block{minecraft:dark_oak_fence_gate}
[01:00:25] [Server thread/TRACE] [FML]:   Registry: 187 minecraft:acacia_fence_gate Block{minecraft:acacia_fence_gate}
[01:00:25] [Server thread/TRACE] [FML]:   Registry: 188 minecraft:spruce_fence Block{minecraft:spruce_fence}
[01:00:25] [Server thread/TRACE] [FML]:   Registry: 189 minecraft:birch_fence Block{minecraft:birch_fence}
[01:00:25] [Server thread/TRACE] [FML]:   Registry: 190 minecraft:jungle_fence Block{minecraft:jungle_fence}
[01:00:25] [Server thread/TRACE] [FML]:   Registry: 191 minecraft:dark_oak_fence Block{minecraft:dark_oak_fence}
[01:00:25] [Server thread/TRACE] [FML]:   Registry: 192 minecraft:acacia_fence Block{minecraft:acacia_fence}
[01:00:25] [Server thread/TRACE] [FML]:   Registry: 193 minecraft:spruce_door Block{minecraft:spruce_door}
[01:00:25] [Server thread/TRACE] [FML]:   Registry: 194 minecraft:birch_door Block{minecraft:birch_door}
[01:00:25] [Server thread/TRACE] [FML]:   Registry: 195 minecraft:jungle_door Block{minecraft:jungle_door}
[01:00:25] [Server thread/TRACE] [FML]:   Registry: 196 minecraft:acacia_door Block{minecraft:acacia_door}
[01:00:25] [Server thread/TRACE] [FML]:   Registry: 197 minecraft:dark_oak_door Block{minecraft:dark_oak_door}
[01:00:25] [Server thread/TRACE] [FML]:   Registry: 198 minecraft:end_rod Block{minecraft:end_rod}
[01:00:25] [Server thread/TRACE] [FML]:   Registry: 199 minecraft:chorus_plant Block{minecraft:chorus_plant}
[01:00:25] [Server thread/TRACE] [FML]:   Registry: 200 minecraft:chorus_flower Block{minecraft:chorus_flower}
[01:00:25] [Server thread/TRACE] [FML]:   Registry: 201 minecraft:purpur_block Block{minecraft:purpur_block}
[01:00:25] [Server thread/TRACE] [FML]:   Registry: 202 minecraft:purpur_pillar Block{minecraft:purpur_pillar}
[01:00:25] [Server thread/TRACE] [FML]:   Registry: 203 minecraft:purpur_stairs Block{minecraft:purpur_stairs}
[01:00:25] [Server thread/TRACE] [FML]:   Registry: 204 minecraft:purpur_double_slab Block{minecraft:purpur_double_slab}
[01:00:25] [Server thread/TRACE] [FML]:   Registry: 205 minecraft:purpur_slab Block{minecraft:purpur_slab}
[01:00:25] [Server thread/TRACE] [FML]:   Registry: 206 minecraft:end_bricks Block{minecraft:end_bricks}
[01:00:25] [Server thread/TRACE] [FML]:   Registry: 207 minecraft:beetroots Block{minecraft:beetroots}
[01:00:25] [Server thread/TRACE] [FML]:   Registry: 208 minecraft:grass_path Block{minecraft:grass_path}
[01:00:25] [Server thread/TRACE] [FML]:   Registry: 209 minecraft:end_gateway Block{minecraft:end_gateway}
[01:00:25] [Server thread/TRACE] [FML]:   Registry: 210 minecraft:repeating_command_block Block{minecraft:repeating_command_block}
[01:00:25] [Server thread/TRACE] [FML]:   Registry: 211 minecraft:chain_command_block Block{minecraft:chain_command_block}
[01:00:25] [Server thread/TRACE] [FML]:   Registry: 212 minecraft:frosted_ice Block{minecraft:frosted_ice}
[01:00:25] [Server thread/TRACE] [FML]:   Registry: 213 minecraft:magma Block{minecraft:magma}
[01:00:25] [Server thread/TRACE] [FML]:   Registry: 214 minecraft:nether_wart_block Block{minecraft:nether_wart_block}
[01:00:25] [Server thread/TRACE] [FML]:   Registry: 215 minecraft:red_nether_brick Block{minecraft:red_nether_brick}
[01:00:25] [Server thread/TRACE] [FML]:   Registry: 216 minecraft:bone_block Block{minecraft:bone_block}
[01:00:25] [Server thread/TRACE] [FML]:   Registry: 217 minecraft:structure_void Block{minecraft:structure_void}
[01:00:25] [Server thread/TRACE] [FML]:   Registry: 218 minecraft:observer Block{minecraft:observer}
[01:00:25] [Server thread/TRACE] [FML]:   Registry: 219 minecraft:white_shulker_box Block{minecraft:white_shulker_box}
[01:00:25] [Server thread/TRACE] [FML]:   Registry: 220 minecraft:orange_shulker_box Block{minecraft:orange_shulker_box}
[01:00:25] [Server thread/TRACE] [FML]:   Registry: 221 minecraft:magenta_shulker_box Block{minecraft:magenta_shulker_box}
[01:00:25] [Server thread/TRACE] [FML]:   Registry: 222 minecraft:light_blue_shulker_box Block{minecraft:light_blue_shulker_box}
[01:00:25] [Server thread/TRACE] [FML]:   Registry: 223 minecraft:yellow_shulker_box Block{minecraft:yellow_shulker_box}
[01:00:25] [Server thread/TRACE] [FML]:   Registry: 224 minecraft:lime_shulker_box Block{minecraft:lime_shulker_box}
[01:00:25] [Server thread/TRACE] [FML]:   Registry: 225 minecraft:pink_shulker_box Block{minecraft:pink_shulker_box}
[01:00:25] [Server thread/TRACE] [FML]:   Registry: 226 minecraft:gray_shulker_box Block{minecraft:gray_shulker_box}
[01:00:25] [Server thread/TRACE] [FML]:   Registry: 227 minecraft:silver_shulker_box Block{minecraft:silver_shulker_box}
[01:00:25] [Server thread/TRACE] [FML]:   Registry: 228 minecraft:cyan_shulker_box Block{minecraft:cyan_shulker_box}
[01:00:25] [Server thread/TRACE] [FML]:   Registry: 229 minecraft:purple_shulker_box Block{minecraft:purple_shulker_box}
[01:00:25] [Server thread/TRACE] [FML]:   Registry: 230 minecraft:blue_shulker_box Block{minecraft:blue_shulker_box}
[01:00:25] [Server thread/TRACE] [FML]:   Registry: 231 minecraft:brown_shulker_box Block{minecraft:brown_shulker_box}
[01:00:25] [Server thread/TRACE] [FML]:   Registry: 232 minecraft:green_shulker_box Block{minecraft:green_shulker_box}
[01:00:25] [Server thread/TRACE] [FML]:   Registry: 233 minecraft:red_shulker_box Block{minecraft:red_shulker_box}
[01:00:25] [Server thread/TRACE] [FML]:   Registry: 234 minecraft:black_shulker_box Block{minecraft:black_shulker_box}
[01:00:25] [Server thread/TRACE] [FML]:   Registry: 235 minecraft:white_glazed_terracotta Block{minecraft:white_glazed_terracotta}
[01:00:25] [Server thread/TRACE] [FML]:   Registry: 236 minecraft:orange_glazed_terracotta Block{minecraft:orange_glazed_terracotta}
[01:00:25] [Server thread/TRACE] [FML]:   Registry: 237 minecraft:magenta_glazed_terracotta Block{minecraft:magenta_glazed_terracotta}
[01:00:25] [Server thread/TRACE] [FML]:   Registry: 238 minecraft:light_blue_glazed_terracotta Block{minecraft:light_blue_glazed_terracotta}
[01:00:25] [Server thread/TRACE] [FML]:   Registry: 239 minecraft:yellow_glazed_terracotta Block{minecraft:yellow_glazed_terracotta}
[01:00:25] [Server thread/TRACE] [FML]:   Registry: 240 minecraft:lime_glazed_terracotta Block{minecraft:lime_glazed_terracotta}
[01:00:25] [Server thread/TRACE] [FML]:   Registry: 241 minecraft:pink_glazed_terracotta Block{minecraft:pink_glazed_terracotta}
[01:00:25] [Server thread/TRACE] [FML]:   Registry: 242 minecraft:gray_glazed_terracotta Block{minecraft:gray_glazed_terracotta}
[01:00:25] [Server thread/TRACE] [FML]:   Registry: 243 minecraft:silver_glazed_terracotta Block{minecraft:silver_glazed_terracotta}
[01:00:25] [Server thread/TRACE] [FML]:   Registry: 244 minecraft:cyan_glazed_terracotta Block{minecraft:cyan_glazed_terracotta}
[01:00:25] [Server thread/TRACE] [FML]:   Registry: 245 minecraft:purple_glazed_terracotta Block{minecraft:purple_glazed_terracotta}
[01:00:25] [Server thread/TRACE] [FML]:   Registry: 246 minecraft:blue_glazed_terracotta Block{minecraft:blue_glazed_terracotta}
[01:00:25] [Server thread/TRACE] [FML]:   Registry: 247 minecraft:brown_glazed_terracotta Block{minecraft:brown_glazed_terracotta}
[01:00:25] [Server thread/TRACE] [FML]:   Registry: 248 minecraft:green_glazed_terracotta Block{minecraft:green_glazed_terracotta}
[01:00:25] [Server thread/TRACE] [FML]:   Registry: 249 minecraft:red_glazed_terracotta Block{minecraft:red_glazed_terracotta}
[01:00:25] [Server thread/TRACE] [FML]:   Registry: 250 minecraft:black_glazed_terracotta Block{minecraft:black_glazed_terracotta}
[01:00:25] [Server thread/TRACE] [FML]:   Registry: 251 minecraft:concrete Block{minecraft:concrete}
[01:00:25] [Server thread/TRACE] [FML]:   Registry: 252 minecraft:concrete_powder Block{minecraft:concrete_powder}
[01:00:25] [Server thread/TRACE] [FML]:   Registry: 255 minecraft:structure_block Block{minecraft:structure_block}
[01:00:25] [Server thread/TRACE] [FML]: Registry Name : minecraft:items
[01:00:25] [Server thread/TRACE] [FML]:   Registry: 0 minecraft:air net.minecraft.item.ItemAir@781dbe44
[01:00:25] [Server thread/TRACE] [FML]:   Registry: 1 minecraft:stone net.minecraft.item.ItemMultiTexture@7282af25
[01:00:25] [Server thread/TRACE] [FML]:   Registry: 2 minecraft:grass net.minecraft.item.ItemColored@20ffb8d5
[01:00:25] [Server thread/TRACE] [FML]:   Registry: 3 minecraft:dirt net.minecraft.item.ItemMultiTexture@57e03347
[01:00:25] [Server thread/TRACE] [FML]:   Registry: 4 minecraft:cobblestone net.minecraft.item.ItemBlock@2edb2f8b
[01:00:25] [Server thread/TRACE] [FML]:   Registry: 5 minecraft:planks net.minecraft.item.ItemMultiTexture@21dea711
[01:00:25] [Server thread/TRACE] [FML]:   Registry: 6 minecraft:sapling net.minecraft.item.ItemMultiTexture@a21c74
[01:00:25] [Server thread/TRACE] [FML]:   Registry: 7 minecraft:bedrock net.minecraft.item.ItemBlock@b8a144e
[01:00:25] [Server thread/TRACE] [FML]:   Registry: 12 minecraft:sand net.minecraft.item.ItemMultiTexture@3e38c472
[01:00:25] [Server thread/TRACE] [FML]:   Registry: 13 minecraft:gravel net.minecraft.item.ItemBlock@2ee92e7d
[01:00:25] [Server thread/TRACE] [FML]:   Registry: 14 minecraft:gold_ore net.minecraft.item.ItemBlock@759a678a
[01:00:25] [Server thread/TRACE] [FML]:   Registry: 15 minecraft:iron_ore net.minecraft.item.ItemBlock@6cdbe5ec
[01:00:25] [Server thread/TRACE] [FML]:   Registry: 16 minecraft:coal_ore net.minecraft.item.ItemBlock@14b8a751
[01:00:25] [Server thread/TRACE] [FML]:   Registry: 17 minecraft:log net.minecraft.item.ItemMultiTexture@554566a8
[01:00:25] [Server thread/TRACE] [FML]:   Registry: 18 minecraft:leaves net.minecraft.item.ItemLeaves@63124022
[01:00:25] [Server thread/TRACE] [FML]:   Registry: 19 minecraft:sponge net.minecraft.item.ItemMultiTexture@55421b8d
[01:00:25] [Server thread/TRACE] [FML]:   Registry: 20 minecraft:glass net.minecraft.item.ItemBlock@24a04257
[01:00:25] [Server thread/TRACE] [FML]:   Registry: 21 minecraft:lapis_ore net.minecraft.item.ItemBlock@6615237
[01:00:25] [Server thread/TRACE] [FML]:   Registry: 22 minecraft:lapis_block net.minecraft.item.ItemBlock@eaf8427
[01:00:25] [Server thread/TRACE] [FML]:   Registry: 23 minecraft:dispenser net.minecraft.item.ItemBlock@4bf4680c
[01:00:25] [Server thread/TRACE] [FML]:   Registry: 24 minecraft:sandstone net.minecraft.item.ItemMultiTexture@611c3eae
[01:00:25] [Server thread/TRACE] [FML]:   Registry: 25 minecraft:noteblock net.minecraft.item.ItemBlock@13e00016
[01:00:25] [Server thread/TRACE] [FML]:   Registry: 27 minecraft:golden_rail net.minecraft.item.ItemBlock@7b3cbe6e
[01:00:25] [Server thread/TRACE] [FML]:   Registry: 28 minecraft:detector_rail net.minecraft.item.ItemBlock@177ede17
[01:00:25] [Server thread/TRACE] [FML]:   Registry: 29 minecraft:sticky_piston net.minecraft.item.ItemPiston@4e4395c
[01:00:25] [Server thread/TRACE] [FML]:   Registry: 30 minecraft:web net.minecraft.item.ItemBlock@1ab53860
[01:00:25] [Server thread/TRACE] [FML]:   Registry: 31 minecraft:tallgrass net.minecraft.item.ItemColored@7b5ac347
[01:00:25] [Server thread/TRACE] [FML]:   Registry: 32 minecraft:deadbush net.minecraft.item.ItemBlock@57b9389f
[01:00:25] [Server thread/TRACE] [FML]:   Registry: 33 minecraft:piston net.minecraft.item.ItemPiston@72b2c5ed
[01:00:25] [Server thread/TRACE] [FML]:   Registry: 35 minecraft:wool net.minecraft.item.ItemCloth@727986ad
[01:00:25] [Server thread/TRACE] [FML]:   Registry: 37 minecraft:yellow_flower net.minecraft.item.ItemMultiTexture@6b25ef1c
[01:00:25] [Server thread/TRACE] [FML]:   Registry: 38 minecraft:red_flower net.minecraft.item.ItemMultiTexture@68c34db2
[01:00:25] [Server thread/TRACE] [FML]:   Registry: 39 minecraft:brown_mushroom net.minecraft.item.ItemBlock@7b95bdb0
[01:00:25] [Server thread/TRACE] [FML]:   Registry: 40 minecraft:red_mushroom net.minecraft.item.ItemBlock@3f0ce0d1
[01:00:25] [Server thread/TRACE] [FML]:   Registry: 41 minecraft:gold_block net.minecraft.item.ItemBlock@664db2ca
[01:00:25] [Server thread/TRACE] [FML]:   Registry: 42 minecraft:iron_block net.minecraft.item.ItemBlock@1491cd6c
[01:00:25] [Server thread/TRACE] [FML]:   Registry: 44 minecraft:stone_slab net.minecraft.item.ItemSlab@113dcaf8
[01:00:25] [Server thread/TRACE] [FML]:   Registry: 45 minecraft:brick_block net.minecraft.item.ItemBlock@b5d9f1e
[01:00:25] [Server thread/TRACE] [FML]:   Registry: 46 minecraft:tnt net.minecraft.item.ItemBlock@350ff014
[01:00:25] [Server thread/TRACE] [FML]:   Registry: 47 minecraft:bookshelf net.minecraft.item.ItemBlock@401317a0
[01:00:25] [Server thread/TRACE] [FML]:   Registry: 48 minecraft:mossy_cobblestone net.minecraft.item.ItemBlock@3f866f50
[01:00:25] [Server thread/TRACE] [FML]:   Registry: 49 minecraft:obsidian net.minecraft.item.ItemBlock@5844a2d1
[01:00:25] [Server thread/TRACE] [FML]:   Registry: 50 minecraft:torch net.minecraft.item.ItemBlock@1201769d
[01:00:25] [Server thread/TRACE] [FML]:   Registry: 52 minecraft:mob_spawner net.minecraft.item.ItemBlock@5618fc1f
[01:00:25] [Server thread/TRACE] [FML]:   Registry: 53 minecraft:oak_stairs net.minecraft.item.ItemBlock@60b1ff3b
[01:00:25] [Server thread/TRACE] [FML]:   Registry: 54 minecraft:chest net.minecraft.item.ItemBlock@374c3975
[01:00:25] [Server thread/TRACE] [FML]:   Registry: 56 minecraft:diamond_ore net.minecraft.item.ItemBlock@43c39321
[01:00:25] [Server thread/TRACE] [FML]:   Registry: 57 minecraft:diamond_block net.minecraft.item.ItemBlock@52aa7742
[01:00:25] [Server thread/TRACE] [FML]:   Registry: 58 minecraft:crafting_table net.minecraft.item.ItemBlock@3d0d120b
[01:00:25] [Server thread/TRACE] [FML]:   Registry: 60 minecraft:farmland net.minecraft.item.ItemBlock@6b5c134e
[01:00:25] [Server thread/TRACE] [FML]:   Registry: 61 minecraft:furnace net.minecraft.item.ItemBlock@34d9df9f
[01:00:25] [Server thread/TRACE] [FML]:   Registry: 65 minecraft:ladder net.minecraft.item.ItemBlock@35c8be21
[01:00:25] [Server thread/TRACE] [FML]:   Registry: 66 minecraft:rail net.minecraft.item.ItemBlock@60807fd9
[01:00:25] [Server thread/TRACE] [FML]:   Registry: 67 minecraft:stone_stairs net.minecraft.item.ItemBlock@6bcdd6e4
[01:00:25] [Server thread/TRACE] [FML]:   Registry: 69 minecraft:lever net.minecraft.item.ItemBlock@1192c925
[01:00:25] [Server thread/TRACE] [FML]:   Registry: 70 minecraft:stone_pressure_plate net.minecraft.item.ItemBlock@615b5480
[01:00:25] [Server thread/TRACE] [FML]:   Registry: 72 minecraft:wooden_pressure_plate net.minecraft.item.ItemBlock@24691c5
[01:00:25] [Server thread/TRACE] [FML]:   Registry: 73 minecraft:redstone_ore net.minecraft.item.ItemBlock@7b91d9f
[01:00:25] [Server thread/TRACE] [FML]:   Registry: 76 minecraft:redstone_torch net.minecraft.item.ItemBlock@6537ac
[01:00:25] [Server thread/TRACE] [FML]:   Registry: 77 minecraft:stone_button net.minecraft.item.ItemBlock@3b218c74
[01:00:25] [Server thread/TRACE] [FML]:   Registry: 78 minecraft:snow_layer net.minecraft.item.ItemSnow@42c54bad
[01:00:25] [Server thread/TRACE] [FML]:   Registry: 79 minecraft:ice net.minecraft.item.ItemBlock@6bb4cc0e
[01:00:25] [Server thread/TRACE] [FML]:   Registry: 80 minecraft:snow net.minecraft.item.ItemBlock@5cc1bf20
[01:00:25] [Server thread/TRACE] [FML]:   Registry: 81 minecraft:cactus net.minecraft.item.ItemBlock@2e3f324e
[01:00:25] [Server thread/TRACE] [FML]:   Registry: 82 minecraft:clay net.minecraft.item.ItemBlock@46cf8c07
[01:00:25] [Server thread/TRACE] [FML]:   Registry: 84 minecraft:jukebox net.minecraft.item.ItemBlock@b56ec6c
[01:00:25] [Server thread/TRACE] [FML]:   Registry: 85 minecraft:fence net.minecraft.item.ItemBlock@5abf6a99
[01:00:25] [Server thread/TRACE] [FML]:   Registry: 86 minecraft:pumpkin net.minecraft.item.ItemBlock@38c460e8
[01:00:25] [Server thread/TRACE] [FML]:   Registry: 87 minecraft:netherrack net.minecraft.item.ItemBlock@7a814310
[01:00:25] [Server thread/TRACE] [FML]:   Registry: 88 minecraft:soul_sand net.minecraft.item.ItemBlock@4bbf38b8
[01:00:25] [Server thread/TRACE] [FML]:   Registry: 89 minecraft:glowstone net.minecraft.item.ItemBlock@4e67cfe1
[01:00:25] [Server thread/TRACE] [FML]:   Registry: 91 minecraft:lit_pumpkin net.minecraft.item.ItemBlock@55bf35e5
[01:00:25] [Server thread/TRACE] [FML]:   Registry: 95 minecraft:stained_glass net.minecraft.item.ItemCloth@448cdb47
[01:00:25] [Server thread/TRACE] [FML]:   Registry: 96 minecraft:trapdoor net.minecraft.item.ItemBlock@25567581
[01:00:25] [Server thread/TRACE] [FML]:   Registry: 97 minecraft:monster_egg net.minecraft.item.ItemMultiTexture@67763ebe
[01:00:25] [Server thread/TRACE] [FML]:   Registry: 98 minecraft:stonebrick net.minecraft.item.ItemMultiTexture@5da6b13d
[01:00:25] [Server thread/TRACE] [FML]:   Registry: 99 minecraft:brown_mushroom_block net.minecraft.item.ItemBlock@3dc39459
[01:00:25] [Server thread/TRACE] [FML]:   Registry: 100 minecraft:red_mushroom_block net.minecraft.item.ItemBlock@6b16de91
[01:00:25] [Server thread/TRACE] [FML]:   Registry: 101 minecraft:iron_bars net.minecraft.item.ItemBlock@71bb8b34
[01:00:25] [Server thread/TRACE] [FML]:   Registry: 102 minecraft:glass_pane net.minecraft.item.ItemBlock@197ce367
[01:00:25] [Server thread/TRACE] [FML]:   Registry: 103 minecraft:melon_block net.minecraft.item.ItemBlock@383cdd4d
[01:00:25] [Server thread/TRACE] [FML]:   Registry: 106 minecraft:vine net.minecraft.item.ItemColored@65036e8d
[01:00:25] [Server thread/TRACE] [FML]:   Registry: 107 minecraft:fence_gate net.minecraft.item.ItemBlock@48ccbb32
[01:00:25] [Server thread/TRACE] [FML]:   Registry: 108 minecraft:brick_stairs net.minecraft.item.ItemBlock@26d0ece6
[01:00:25] [Server thread/TRACE] [FML]:   Registry: 109 minecraft:stone_brick_stairs net.minecraft.item.ItemBlock@100bba26
[01:00:25] [Server thread/TRACE] [FML]:   Registry: 110 minecraft:mycelium net.minecraft.item.ItemBlock@4ae280da
[01:00:25] [Server thread/TRACE] [FML]:   Registry: 111 minecraft:waterlily net.minecraft.item.ItemLilyPad@57c69937
[01:00:25] [Server thread/TRACE] [FML]:   Registry: 112 minecraft:nether_brick net.minecraft.item.ItemBlock@1ad1c363
[01:00:25] [Server thread/TRACE] [FML]:   Registry: 113 minecraft:nether_brick_fence net.minecraft.item.ItemBlock@446b64b3
[01:00:25] [Server thread/TRACE] [FML]:   Registry: 114 minecraft:nether_brick_stairs net.minecraft.item.ItemBlock@35ac9ebd
[01:00:25] [Server thread/TRACE] [FML]:   Registry: 116 minecraft:enchanting_table net.minecraft.item.ItemBlock@56c0a61e
[01:00:25] [Server thread/TRACE] [FML]:   Registry: 120 minecraft:end_portal_frame net.minecraft.item.ItemBlock@421ead7e
[01:00:25] [Server thread/TRACE] [FML]:   Registry: 121 minecraft:end_stone net.minecraft.item.ItemBlock@5dcf0772
[01:00:25] [Server thread/TRACE] [FML]:   Registry: 122 minecraft:dragon_egg net.minecraft.item.ItemBlock@5f6494c0
[01:00:25] [Server thread/TRACE] [FML]:   Registry: 123 minecraft:redstone_lamp net.minecraft.item.ItemBlock@6826b70f
[01:00:25] [Server thread/TRACE] [FML]:   Registry: 126 minecraft:wooden_slab net.minecraft.item.ItemSlab@4df7d9ee
[01:00:25] [Server thread/TRACE] [FML]:   Registry: 128 minecraft:sandstone_stairs net.minecraft.item.ItemBlock@781dac73
[01:00:25] [Server thread/TRACE] [FML]:   Registry: 129 minecraft:emerald_ore net.minecraft.item.ItemBlock@3a4e524
[01:00:25] [Server thread/TRACE] [FML]:   Registry: 130 minecraft:ender_chest net.minecraft.item.ItemBlock@5e67a490
[01:00:25] [Server thread/TRACE] [FML]:   Registry: 131 minecraft:tripwire_hook net.minecraft.item.ItemBlock@2dac2e1b
[01:00:25] [Server thread/TRACE] [FML]:   Registry: 133 minecraft:emerald_block net.minecraft.item.ItemBlock@38c761e9
[01:00:25] [Server thread/TRACE] [FML]:   Registry: 134 minecraft:spruce_stairs net.minecraft.item.ItemBlock@1cee2e10
[01:00:25] [Server thread/TRACE] [FML]:   Registry: 135 minecraft:birch_stairs net.minecraft.item.ItemBlock@7f4e5a39
[01:00:25] [Server thread/TRACE] [FML]:   Registry: 136 minecraft:jungle_stairs net.minecraft.item.ItemBlock@33de7f3d
[01:00:25] [Server thread/TRACE] [FML]:   Registry: 137 minecraft:command_block net.minecraft.item.ItemBlock@30159886
[01:00:25] [Server thread/TRACE] [FML]:   Registry: 138 minecraft:beacon net.minecraft.item.ItemBlock@5d66ae3a
[01:00:25] [Server thread/TRACE] [FML]:   Registry: 139 minecraft:cobblestone_wall net.minecraft.item.ItemMultiTexture@10131289
[01:00:25] [Server thread/TRACE] [FML]:   Registry: 143 minecraft:wooden_button net.minecraft.item.ItemBlock@c5e69a5
[01:00:25] [Server thread/TRACE] [FML]:   Registry: 145 minecraft:anvil net.minecraft.item.ItemAnvilBlock@6682e6a5
[01:00:25] [Server thread/TRACE] [FML]:   Registry: 146 minecraft:trapped_chest net.minecraft.item.ItemBlock@ac4915e
[01:00:25] [Server thread/TRACE] [FML]:   Registry: 147 minecraft:light_weighted_pressure_plate net.minecraft.item.ItemBlock@10fb4575
[01:00:25] [Server thread/TRACE] [FML]:   Registry: 148 minecraft:heavy_weighted_pressure_plate net.minecraft.item.ItemBlock@7cc2c551
[01:00:25] [Server thread/TRACE] [FML]:   Registry: 151 minecraft:daylight_detector net.minecraft.item.ItemBlock@d84b3a2
[01:00:25] [Server thread/TRACE] [FML]:   Registry: 152 minecraft:redstone_block net.minecraft.item.ItemBlock@23648d2d
[01:00:25] [Server thread/TRACE] [FML]:   Registry: 153 minecraft:quartz_ore net.minecraft.item.ItemBlock@69feb4d9
[01:00:25] [Server thread/TRACE] [FML]:   Registry: 154 minecraft:hopper net.minecraft.item.ItemBlock@37c1cfa
[01:00:25] [Server thread/TRACE] [FML]:   Registry: 155 minecraft:quartz_block net.minecraft.item.ItemMultiTexture@2bcda694
[01:00:25] [Server thread/TRACE] [FML]:   Registry: 156 minecraft:quartz_stairs net.minecraft.item.ItemBlock@2cc75b25
[01:00:25] [Server thread/TRACE] [FML]:   Registry: 157 minecraft:activator_rail net.minecraft.item.ItemBlock@30036a18
[01:00:25] [Server thread/TRACE] [FML]:   Registry: 158 minecraft:dropper net.minecraft.item.ItemBlock@537b3b2e
[01:00:25] [Server thread/TRACE] [FML]:   Registry: 159 minecraft:stained_hardened_clay net.minecraft.item.ItemCloth@1544ded3
[01:00:25] [Server thread/TRACE] [FML]:   Registry: 160 minecraft:stained_glass_pane net.minecraft.item.ItemCloth@4628a02b
[01:00:25] [Server thread/TRACE] [FML]:   Registry: 161 minecraft:leaves2 net.minecraft.item.ItemLeaves@591f6f83
[01:00:25] [Server thread/TRACE] [FML]:   Registry: 162 minecraft:log2 net.minecraft.item.ItemMultiTexture@3751acd7
[01:00:25] [Server thread/TRACE] [FML]:   Registry: 163 minecraft:acacia_stairs net.minecraft.item.ItemBlock@41fc0084
[01:00:25] [Server thread/TRACE] [FML]:   Registry: 164 minecraft:dark_oak_stairs net.minecraft.item.ItemBlock@401788d5
[01:00:25] [Server thread/TRACE] [FML]:   Registry: 165 minecraft:slime net.minecraft.item.ItemBlock@3ec9f8d
[01:00:25] [Server thread/TRACE] [FML]:   Registry: 166 minecraft:barrier net.minecraft.item.ItemBlock@3ccb12d
[01:00:25] [Server thread/TRACE] [FML]:   Registry: 167 minecraft:iron_trapdoor net.minecraft.item.ItemBlock@28b458e6
[01:00:25] [Server thread/TRACE] [FML]:   Registry: 168 minecraft:prismarine net.minecraft.item.ItemMultiTexture@51424203
[01:00:25] [Server thread/TRACE] [FML]:   Registry: 169 minecraft:sea_lantern net.minecraft.item.ItemBlock@7336fd8f
[01:00:25] [Server thread/TRACE] [FML]:   Registry: 170 minecraft:hay_block net.minecraft.item.ItemBlock@221ca495
[01:00:25] [Server thread/TRACE] [FML]:   Registry: 171 minecraft:carpet net.minecraft.item.ItemCloth@119d4443
[01:00:25] [Server thread/TRACE] [FML]:   Registry: 172 minecraft:hardened_clay net.minecraft.item.ItemBlock@773eca84
[01:00:25] [Server thread/TRACE] [FML]:   Registry: 173 minecraft:coal_block net.minecraft.item.ItemBlock@7d47dfed
[01:00:25] [Server thread/TRACE] [FML]:   Registry: 174 minecraft:packed_ice net.minecraft.item.ItemBlock@3a38e4dc
[01:00:25] [Server thread/TRACE] [FML]:   Registry: 175 minecraft:double_plant net.minecraft.item.ItemMultiTexture@237b2852
[01:00:25] [Server thread/TRACE] [FML]:   Registry: 179 minecraft:red_sandstone net.minecraft.item.ItemMultiTexture@550c973e
[01:00:25] [Server thread/TRACE] [FML]:   Registry: 180 minecraft:red_sandstone_stairs net.minecraft.item.ItemBlock@161d95c6
[01:00:25] [Server thread/TRACE] [FML]:   Registry: 182 minecraft:stone_slab2 net.minecraft.item.ItemSlab@5203c80f
[01:00:25] [Server thread/TRACE] [FML]:   Registry: 183 minecraft:spruce_fence_gate net.minecraft.item.ItemBlock@36551e97
[01:00:25] [Server thread/TRACE] [FML]:   Registry: 184 minecraft:birch_fence_gate net.minecraft.item.ItemBlock@685d7ba5
[01:00:25] [Server thread/TRACE] [FML]:   Registry: 185 minecraft:jungle_fence_gate net.minecraft.item.ItemBlock@16d41725
[01:00:25] [Server thread/TRACE] [FML]:   Registry: 186 minecraft:dark_oak_fence_gate net.minecraft.item.ItemBlock@3b6c2be6
[01:00:25] [Server thread/TRACE] [FML]:   Registry: 187 minecraft:acacia_fence_gate net.minecraft.item.ItemBlock@25533bba
[01:00:25] [Server thread/TRACE] [FML]:   Registry: 188 minecraft:spruce_fence net.minecraft.item.ItemBlock@dc59ec2
[01:00:25] [Server thread/TRACE] [FML]:   Registry: 189 minecraft:birch_fence net.minecraft.item.ItemBlock@375084c9
[01:00:25] [Server thread/TRACE] [FML]:   Registry: 190 minecraft:jungle_fence net.minecraft.item.ItemBlock@bd93bc3
[01:00:25] [Server thread/TRACE] [FML]:   Registry: 191 minecraft:dark_oak_fence net.minecraft.item.ItemBlock@2a136383
[01:00:25] [Server thread/TRACE] [FML]:   Registry: 192 minecraft:acacia_fence net.minecraft.item.ItemBlock@b01cb8d
[01:00:25] [Server thread/TRACE] [FML]:   Registry: 198 minecraft:end_rod net.minecraft.item.ItemBlock@4af7dd6a
[01:00:25] [Server thread/TRACE] [FML]:   Registry: 199 minecraft:chorus_plant net.minecraft.item.ItemBlock@4607d78b
[01:00:25] [Server thread/TRACE] [FML]:   Registry: 200 minecraft:chorus_flower net.minecraft.item.ItemBlock@3b28b7b0
[01:00:25] [Server thread/TRACE] [FML]:   Registry: 201 minecraft:purpur_block net.minecraft.item.ItemBlock@22048bd6
[01:00:25] [Server thread/TRACE] [FML]:   Registry: 202 minecraft:purpur_pillar net.minecraft.item.ItemBlock@566c1e71
[01:00:25] [Server thread/TRACE] [FML]:   Registry: 203 minecraft:purpur_stairs net.minecraft.item.ItemBlock@2e2f20b8
[01:00:25] [Server thread/TRACE] [FML]:   Registry: 205 minecraft:purpur_slab net.minecraft.item.ItemSlab@504497fa
[01:00:25] [Server thread/TRACE] [FML]:   Registry: 206 minecraft:end_bricks net.minecraft.item.ItemBlock@c472300
[01:00:25] [Server thread/TRACE] [FML]:   Registry: 208 minecraft:grass_path net.minecraft.item.ItemBlock@7e0f9528
[01:00:25] [Server thread/TRACE] [FML]:   Registry: 210 minecraft:repeating_command_block net.minecraft.item.ItemBlock@439f2d87
[01:00:25] [Server thread/TRACE] [FML]:   Registry: 211 minecraft:chain_command_block net.minecraft.item.ItemBlock@721bf7ad
[01:00:25] [Server thread/TRACE] [FML]:   Registry: 213 minecraft:magma net.minecraft.item.ItemBlock@852ef8d
[01:00:25] [Server thread/TRACE] [FML]:   Registry: 214 minecraft:nether_wart_block net.minecraft.item.ItemBlock@44dd0d38
[01:00:25] [Server thread/TRACE] [FML]:   Registry: 215 minecraft:red_nether_brick net.minecraft.item.ItemBlock@7e94e331
[01:00:25] [Server thread/TRACE] [FML]:   Registry: 216 minecraft:bone_block net.minecraft.item.ItemBlock@539fc5d1
[01:00:25] [Server thread/TRACE] [FML]:   Registry: 217 minecraft:structure_void net.minecraft.item.ItemBlock@4cae66a8
[01:00:25] [Server thread/TRACE] [FML]:   Registry: 218 minecraft:observer net.minecraft.item.ItemBlock@60b616c8
[01:00:25] [Server thread/TRACE] [FML]:   Registry: 219 minecraft:white_shulker_box net.minecraft.item.ItemShulkerBox@147e0734
[01:00:25] [Server thread/TRACE] [FML]:   Registry: 220 minecraft:orange_shulker_box net.minecraft.item.ItemShulkerBox@2bdab835
[01:00:25] [Server thread/TRACE] [FML]:   Registry: 221 minecraft:magenta_shulker_box net.minecraft.item.ItemShulkerBox@7b8aebd0
[01:00:25] [Server thread/TRACE] [FML]:   Registry: 222 minecraft:light_blue_shulker_box net.minecraft.item.ItemShulkerBox@55222ee9
[01:00:25] [Server thread/TRACE] [FML]:   Registry: 223 minecraft:yellow_shulker_box net.minecraft.item.ItemShulkerBox@3181d4de
[01:00:25] [Server thread/TRACE] [FML]:   Registry: 224 minecraft:lime_shulker_box net.minecraft.item.ItemShulkerBox@4f64d9cb
[01:00:25] [Server thread/TRACE] [FML]:   Registry: 225 minecraft:pink_shulker_box net.minecraft.item.ItemShulkerBox@639c7f9c
[01:00:25] [Server thread/TRACE] [FML]:   Registry: 226 minecraft:gray_shulker_box net.minecraft.item.ItemShulkerBox@270d5060
[01:00:25] [Server thread/TRACE] [FML]:   Registry: 227 minecraft:silver_shulker_box net.minecraft.item.ItemShulkerBox@1815577b
[01:00:25] [Server thread/TRACE] [FML]:   Registry: 228 minecraft:cyan_shulker_box net.minecraft.item.ItemShulkerBox@71567f33
[01:00:25] [Server thread/TRACE] [FML]:   Registry: 229 minecraft:purple_shulker_box net.minecraft.item.ItemShulkerBox@71369e1a
[01:00:25] [Server thread/TRACE] [FML]:   Registry: 230 minecraft:blue_shulker_box net.minecraft.item.ItemShulkerBox@3cf55e0c
[01:00:25] [Server thread/TRACE] [FML]:   Registry: 231 minecraft:brown_shulker_box net.minecraft.item.ItemShulkerBox@ee96866
[01:00:25] [Server thread/TRACE] [FML]:   Registry: 232 minecraft:green_shulker_box net.minecraft.item.ItemShulkerBox@4c04216f
[01:00:25] [Server thread/TRACE] [FML]:   Registry: 233 minecraft:red_shulker_box net.minecraft.item.ItemShulkerBox@987a0bb
[01:00:25] [Server thread/TRACE] [FML]:   Registry: 234 minecraft:black_shulker_box net.minecraft.item.ItemShulkerBox@1f949ab9
[01:00:25] [Server thread/TRACE] [FML]:   Registry: 235 minecraft:white_glazed_terracotta net.minecraft.item.ItemBlock@5a7b6b75
[01:00:25] [Server thread/TRACE] [FML]:   Registry: 236 minecraft:orange_glazed_terracotta net.minecraft.item.ItemBlock@3719360c
[01:00:25] [Server thread/TRACE] [FML]:   Registry: 237 minecraft:magenta_glazed_terracotta net.minecraft.item.ItemBlock@3afca2c
[01:00:25] [Server thread/TRACE] [FML]:   Registry: 238 minecraft:light_blue_glazed_terracotta net.minecraft.item.ItemBlock@3855d9b2
[01:00:25] [Server thread/TRACE] [FML]:   Registry: 239 minecraft:yellow_glazed_terracotta net.minecraft.item.ItemBlock@39f42d0e
[01:00:25] [Server thread/TRACE] [FML]:   Registry: 240 minecraft:lime_glazed_terracotta net.minecraft.item.ItemBlock@47a3d56a
[01:00:25] [Server thread/TRACE] [FML]:   Registry: 241 minecraft:pink_glazed_terracotta net.minecraft.item.ItemBlock@3a209918
[01:00:25] [Server thread/TRACE] [FML]:   Registry: 242 minecraft:gray_glazed_terracotta net.minecraft.item.ItemBlock@2cae5fa7
[01:00:25] [Server thread/TRACE] [FML]:   Registry: 243 minecraft:silver_glazed_terracotta net.minecraft.item.ItemBlock@34aa8b61
[01:00:25] [Server thread/TRACE] [FML]:   Registry: 244 minecraft:cyan_glazed_terracotta net.minecraft.item.ItemBlock@6d7b001b
[01:00:25] [Server thread/TRACE] [FML]:   Registry: 245 minecraft:purple_glazed_terracotta net.minecraft.item.ItemBlock@532dacf5
[01:00:25] [Server thread/TRACE] [FML]:   Registry: 246 minecraft:blue_glazed_terracotta net.minecraft.item.ItemBlock@da09250
[01:00:25] [Server thread/TRACE] [FML]:   Registry: 247 minecraft:brown_glazed_terracotta net.minecraft.item.ItemBlock@6d31f106
[01:00:25] [Server thread/TRACE] [FML]:   Registry: 248 minecraft:green_glazed_terracotta net.minecraft.item.ItemBlock@587f4f63
[01:00:25] [Server thread/TRACE] [FML]:   Registry: 249 minecraft:red_glazed_terracotta net.minecraft.item.ItemBlock@660b1a9d
[01:00:25] [Server thread/TRACE] [FML]:   Registry: 250 minecraft:black_glazed_terracotta net.minecraft.item.ItemBlock@6fb0261e
[01:00:25] [Server thread/TRACE] [FML]:   Registry: 251 minecraft:concrete net.minecraft.item.ItemCloth@d6b532f
[01:00:25] [Server thread/TRACE] [FML]:   Registry: 252 minecraft:concrete_powder net.minecraft.item.ItemCloth@2f4d01b6
[01:00:25] [Server thread/TRACE] [FML]:   Registry: 255 minecraft:structure_block net.minecraft.item.ItemBlock@112c2930
[01:00:25] [Server thread/TRACE] [FML]:   Registry: 256 minecraft:iron_shovel net.minecraft.item.ItemSpade@7523d5a1
[01:00:25] [Server thread/TRACE] [FML]:   Registry: 257 minecraft:iron_pickaxe net.minecraft.item.ItemPickaxe@61853c7e
[01:00:25] [Server thread/TRACE] [FML]:   Registry: 258 minecraft:iron_axe net.minecraft.item.ItemAxe@5980fa73
[01:00:25] [Server thread/TRACE] [FML]:   Registry: 259 minecraft:flint_and_steel net.minecraft.item.ItemFlintAndSteel@44641d6c
[01:00:25] [Server thread/TRACE] [FML]:   Registry: 260 minecraft:apple net.minecraft.item.ItemFood@27bcb4ad
[01:00:25] [Server thread/TRACE] [FML]:   Registry: 261 minecraft:bow net.minecraft.item.ItemBow@166b11e
[01:00:25] [Server thread/TRACE] [FML]:   Registry: 262 minecraft:arrow net.minecraft.item.ItemArrow@3bc20984
[01:00:25] [Server thread/TRACE] [FML]:   Registry: 263 minecraft:coal net.minecraft.item.ItemCoal@f017dd0
[01:00:25] [Server thread/TRACE] [FML]:   Registry: 264 minecraft:diamond net.minecraft.item.Item@2424cb9d
[01:00:25] [Server thread/TRACE] [FML]:   Registry: 265 minecraft:iron_ingot net.minecraft.item.Item@7f51f588
[01:00:25] [Server thread/TRACE] [FML]:   Registry: 266 minecraft:gold_ingot net.minecraft.item.Item@6fb22ae3
[01:00:25] [Server thread/TRACE] [FML]:   Registry: 267 minecraft:iron_sword net.minecraft.item.ItemSword@19ae36f4
[01:00:25] [Server thread/TRACE] [FML]:   Registry: 268 minecraft:wooden_sword net.minecraft.item.ItemSword@6735f210
[01:00:25] [Server thread/TRACE] [FML]:   Registry: 269 minecraft:wooden_shovel net.minecraft.item.ItemSpade@4567fb2b
[01:00:25] [Server thread/TRACE] [FML]:   Registry: 270 minecraft:wooden_pickaxe net.minecraft.item.ItemPickaxe@372954e1
[01:00:25] [Server thread/TRACE] [FML]:   Registry: 271 minecraft:wooden_axe net.minecraft.item.ItemAxe@5fd8dd66
[01:00:25] [Server thread/TRACE] [FML]:   Registry: 272 minecraft:stone_sword net.minecraft.item.ItemSword@173511ff
[01:00:25] [Server thread/TRACE] [FML]:   Registry: 273 minecraft:stone_shovel net.minecraft.item.ItemSpade@6df11e91
[01:00:25] [Server thread/TRACE] [FML]:   Registry: 274 minecraft:stone_pickaxe net.minecraft.item.ItemPickaxe@1002d192
[01:00:25] [Server thread/TRACE] [FML]:   Registry: 275 minecraft:stone_axe net.minecraft.item.ItemAxe@9281d19
[01:00:25] [Server thread/TRACE] [FML]:   Registry: 276 minecraft:diamond_sword net.minecraft.item.ItemSword@36ad5f2a
[01:00:25] [Server thread/TRACE] [FML]:   Registry: 277 minecraft:diamond_shovel net.minecraft.item.ItemSpade@53cddaf8
[01:00:25] [Server thread/TRACE] [FML]:   Registry: 278 minecraft:diamond_pickaxe net.minecraft.item.ItemPickaxe@55c50f52
[01:00:25] [Server thread/TRACE] [FML]:   Registry: 279 minecraft:diamond_axe net.minecraft.item.ItemAxe@1ccc1026
[01:00:25] [Server thread/TRACE] [FML]:   Registry: 280 minecraft:stick net.minecraft.item.Item@4044589a
[01:00:25] [Server thread/TRACE] [FML]:   Registry: 281 minecraft:bowl net.minecraft.item.Item@7de35070
[01:00:25] [Server thread/TRACE] [FML]:   Registry: 282 minecraft:mushroom_stew net.minecraft.item.ItemSoup@1e721583
[01:00:25] [Server thread/TRACE] [FML]:   Registry: 283 minecraft:golden_sword net.minecraft.item.ItemSword@79f5a6ed
[01:00:25] [Server thread/TRACE] [FML]:   Registry: 284 minecraft:golden_shovel net.minecraft.item.ItemSpade@722787b5
[01:00:25] [Server thread/TRACE] [FML]:   Registry: 285 minecraft:golden_pickaxe net.minecraft.item.ItemPickaxe@edb83f8
[01:00:25] [Server thread/TRACE] [FML]:   Registry: 286 minecraft:golden_axe net.minecraft.item.ItemAxe@8b41ad
[01:00:25] [Server thread/TRACE] [FML]:   Registry: 287 minecraft:string net.minecraft.item.ItemBlockSpecial@48dff674
[01:00:25] [Server thread/TRACE] [FML]:   Registry: 288 minecraft:feather net.minecraft.item.Item@120350eb
[01:00:25] [Server thread/TRACE] [FML]:   Registry: 289 minecraft:gunpowder net.minecraft.item.Item@2ccc9681
[01:00:25] [Server thread/TRACE] [FML]:   Registry: 290 minecraft:wooden_hoe net.minecraft.item.ItemHoe@4217bce6
[01:00:25] [Server thread/TRACE] [FML]:   Registry: 291 minecraft:stone_hoe net.minecraft.item.ItemHoe@aa752bb
[01:00:25] [Server thread/TRACE] [FML]:   Registry: 292 minecraft:iron_hoe net.minecraft.item.ItemHoe@77fc19cf
[01:00:25] [Server thread/TRACE] [FML]:   Registry: 293 minecraft:diamond_hoe net.minecraft.item.ItemHoe@643ecfef
[01:00:25] [Server thread/TRACE] [FML]:   Registry: 294 minecraft:golden_hoe net.minecraft.item.ItemHoe@1b31af02
[01:00:25] [Server thread/TRACE] [FML]:   Registry: 295 minecraft:wheat_seeds net.minecraft.item.ItemSeeds@2e45a357
[01:00:25] [Server thread/TRACE] [FML]:   Registry: 296 minecraft:wheat net.minecraft.item.Item@389a5022
[01:00:25] [Server thread/TRACE] [FML]:   Registry: 297 minecraft:bread net.minecraft.item.ItemFood@bb8ead8
[01:00:25] [Server thread/TRACE] [FML]:   Registry: 298 minecraft:leather_helmet net.minecraft.item.ItemArmor@677cb96e
[01:00:25] [Server thread/TRACE] [FML]:   Registry: 299 minecraft:leather_chestplate net.minecraft.item.ItemArmor@1b1252c8
[01:00:25] [Server thread/TRACE] [FML]:   Registry: 300 minecraft:leather_leggings net.minecraft.item.ItemArmor@19d53ab4
[01:00:25] [Server thread/TRACE] [FML]:   Registry: 301 minecraft:leather_boots net.minecraft.item.ItemArmor@53cb0bcb
[01:00:25] [Server thread/TRACE] [FML]:   Registry: 302 minecraft:chainmail_helmet net.minecraft.item.ItemArmor@51fe7f15
[01:00:25] [Server thread/TRACE] [FML]:   Registry: 303 minecraft:chainmail_chestplate net.minecraft.item.ItemArmor@5873f3f0
[01:00:25] [Server thread/TRACE] [FML]:   Registry: 304 minecraft:chainmail_leggings net.minecraft.item.ItemArmor@684372d0
[01:00:25] [Server thread/TRACE] [FML]:   Registry: 305 minecraft:chainmail_boots net.minecraft.item.ItemArmor@63dda940
[01:00:25] [Server thread/TRACE] [FML]:   Registry: 306 minecraft:iron_helmet net.minecraft.item.ItemArmor@41f964f9
[01:00:25] [Server thread/TRACE] [FML]:   Registry: 307 minecraft:iron_chestplate net.minecraft.item.ItemArmor@652e345
[01:00:25] [Server thread/TRACE] [FML]:   Registry: 308 minecraft:iron_leggings net.minecraft.item.ItemArmor@7574d4ad
[01:00:25] [Server thread/TRACE] [FML]:   Registry: 309 minecraft:iron_boots net.minecraft.item.ItemArmor@7bede4ea
[01:00:25] [Server thread/TRACE] [FML]:   Registry: 310 minecraft:diamond_helmet net.minecraft.item.ItemArmor@713999c2
[01:00:25] [Server thread/TRACE] [FML]:   Registry: 311 minecraft:diamond_chestplate net.minecraft.item.ItemArmor@6060146b
[01:00:25] [Server thread/TRACE] [FML]:   Registry: 312 minecraft:diamond_leggings net.minecraft.item.ItemArmor@33627576
[01:00:25] [Server thread/TRACE] [FML]:   Registry: 313 minecraft:diamond_boots net.minecraft.item.ItemArmor@27bc1d44
[01:00:25] [Server thread/TRACE] [FML]:   Registry: 314 minecraft:golden_helmet net.minecraft.item.ItemArmor@1af677f8
[01:00:25] [Server thread/TRACE] [FML]:   Registry: 315 minecraft:golden_chestplate net.minecraft.item.ItemArmor@7a55fb81
[01:00:25] [Server thread/TRACE] [FML]:   Registry: 316 minecraft:golden_leggings net.minecraft.item.ItemArmor@5a3cf878
[01:00:25] [Server thread/TRACE] [FML]:   Registry: 317 minecraft:golden_boots net.minecraft.item.ItemArmor@1d2d8846
[01:00:25] [Server thread/TRACE] [FML]:   Registry: 318 minecraft:flint net.minecraft.item.Item@34cd65ac
[01:00:25] [Server thread/TRACE] [FML]:   Registry: 319 minecraft:porkchop net.minecraft.item.ItemFood@61911947
[01:00:25] [Server thread/TRACE] [FML]:   Registry: 320 minecraft:cooked_porkchop net.minecraft.item.ItemFood@5c53c235
[01:00:25] [Server thread/TRACE] [FML]:   Registry: 321 minecraft:painting net.minecraft.item.ItemHangingEntity@3a45afd4
[01:00:25] [Server thread/TRACE] [FML]:   Registry: 322 minecraft:golden_apple net.minecraft.item.ItemAppleGold@f2fb225
[01:00:25] [Server thread/TRACE] [FML]:   Registry: 323 minecraft:sign net.minecraft.item.ItemSign@52f9e8bb
[01:00:25] [Server thread/TRACE] [FML]:   Registry: 324 minecraft:wooden_door net.minecraft.item.ItemDoor@4e3283f6
[01:00:25] [Server thread/TRACE] [FML]:   Registry: 325 minecraft:bucket net.minecraft.item.ItemBucket@1689527c
[01:00:25] [Server thread/TRACE] [FML]:   Registry: 326 minecraft:water_bucket net.minecraft.item.ItemBucket@21516c88
[01:00:25] [Server thread/TRACE] [FML]:   Registry: 327 minecraft:lava_bucket net.minecraft.item.ItemBucket@1c7cd434
[01:00:25] [Server thread/TRACE] [FML]:   Registry: 328 minecraft:minecart net.minecraft.item.ItemMinecart@52d7ab79
[01:00:25] [Server thread/TRACE] [FML]:   Registry: 329 minecraft:saddle net.minecraft.item.ItemSaddle@b7d2d51
[01:00:25] [Server thread/TRACE] [FML]:   Registry: 330 minecraft:iron_door net.minecraft.item.ItemDoor@641ed324
[01:00:25] [Server thread/TRACE] [FML]:   Registry: 331 minecraft:redstone net.minecraft.item.ItemRedstone@66b0e207
[01:00:25] [Server thread/TRACE] [FML]:   Registry: 332 minecraft:snowball net.minecraft.item.ItemSnowball@640c216b
[01:00:25] [Server thread/TRACE] [FML]:   Registry: 333 minecraft:boat net.minecraft.item.ItemBoat@3e52ed5d
[01:00:25] [Server thread/TRACE] [FML]:   Registry: 334 minecraft:leather net.minecraft.item.Item@6a96d639
[01:00:25] [Server thread/TRACE] [FML]:   Registry: 335 minecraft:milk_bucket net.minecraft.item.ItemBucketMilk@14d1737a
[01:00:25] [Server thread/TRACE] [FML]:   Registry: 336 minecraft:brick net.minecraft.item.Item@482a58c7
[01:00:25] [Server thread/TRACE] [FML]:   Registry: 337 minecraft:clay_ball net.minecraft.item.Item@3e74fd84
[01:00:25] [Server thread/TRACE] [FML]:   Registry: 338 minecraft:reeds net.minecraft.item.ItemBlockSpecial@147efd9
[01:00:25] [Server thread/TRACE] [FML]:   Registry: 339 minecraft:paper net.minecraft.item.Item@1e120628
[01:00:25] [Server thread/TRACE] [FML]:   Registry: 340 minecraft:book net.minecraft.item.ItemBook@23e2c1ca
[01:00:25] [Server thread/TRACE] [FML]:   Registry: 341 minecraft:slime_ball net.minecraft.item.Item@2d4fb0d8
[01:00:25] [Server thread/TRACE] [FML]:   Registry: 342 minecraft:chest_minecart net.minecraft.item.ItemMinecart@dc1fadd
[01:00:25] [Server thread/TRACE] [FML]:   Registry: 343 minecraft:furnace_minecart net.minecraft.item.ItemMinecart@3ef3f661
[01:00:25] [Server thread/TRACE] [FML]:   Registry: 344 minecraft:egg net.minecraft.item.ItemEgg@65859b44
[01:00:25] [Server thread/TRACE] [FML]:   Registry: 345 minecraft:compass net.minecraft.item.ItemCompass@c212536
[01:00:25] [Server thread/TRACE] [FML]:   Registry: 346 minecraft:fishing_rod net.minecraft.item.ItemFishingRod@60928a61
[01:00:25] [Server thread/TRACE] [FML]:   Registry: 347 minecraft:clock net.minecraft.item.ItemClock@563317c1
[01:00:25] [Server thread/TRACE] [FML]:   Registry: 348 minecraft:glowstone_dust net.minecraft.item.Item@5d5d3a5c
[01:00:25] [Server thread/TRACE] [FML]:   Registry: 349 minecraft:fish net.minecraft.item.ItemFishFood@305b43ca
[01:00:25] [Server thread/TRACE] [FML]:   Registry: 350 minecraft:cooked_fish net.minecraft.item.ItemFishFood@4601047
[01:00:25] [Server thread/TRACE] [FML]:   Registry: 351 minecraft:dye net.minecraft.item.ItemDye@58601e7a
[01:00:25] [Server thread/TRACE] [FML]:   Registry: 352 minecraft:bone net.minecraft.item.Item@62735b13
[01:00:25] [Server thread/TRACE] [FML]:   Registry: 353 minecraft:sugar net.minecraft.item.Item@7aae1170
[01:00:25] [Server thread/TRACE] [FML]:   Registry: 354 minecraft:cake net.minecraft.item.ItemBlockSpecial@4ef5dd23
[01:00:25] [Server thread/TRACE] [FML]:   Registry: 355 minecraft:bed net.minecraft.item.ItemBed@64c25a62
[01:00:25] [Server thread/TRACE] [FML]:   Registry: 356 minecraft:repeater net.minecraft.item.ItemBlockSpecial@43e8f1c
[01:00:25] [Server thread/TRACE] [FML]:   Registry: 357 minecraft:cookie net.minecraft.item.ItemFood@66a82a13
[01:00:25] [Server thread/TRACE] [FML]:   Registry: 358 minecraft:filled_map net.minecraft.item.ItemMap@6a7a1a0d
[01:00:25] [Server thread/TRACE] [FML]:   Registry: 359 minecraft:shears net.minecraft.item.ItemShears@184afb78
[01:00:25] [Server thread/TRACE] [FML]:   Registry: 360 minecraft:melon net.minecraft.item.ItemFood@22da200e
[01:00:25] [Server thread/TRACE] [FML]:   Registry: 361 minecraft:pumpkin_seeds net.minecraft.item.ItemSeeds@4f26425b
[01:00:25] [Server thread/TRACE] [FML]:   Registry: 362 minecraft:melon_seeds net.minecraft.item.ItemSeeds@f03ee8f
[01:00:25] [Server thread/TRACE] [FML]:   Registry: 363 minecraft:beef net.minecraft.item.ItemFood@40dd552c
[01:00:25] [Server thread/TRACE] [FML]:   Registry: 364 minecraft:cooked_beef net.minecraft.item.ItemFood@33f4c769
[01:00:25] [Server thread/TRACE] [FML]:   Registry: 365 minecraft:chicken net.minecraft.item.ItemFood@4438938e
[01:00:25] [Server thread/TRACE] [FML]:   Registry: 366 minecraft:cooked_chicken net.minecraft.item.ItemFood@4e50ae56
[01:00:25] [Server thread/TRACE] [FML]:   Registry: 367 minecraft:rotten_flesh net.minecraft.item.ItemFood@1c68d0db
[01:00:25] [Server thread/TRACE] [FML]:   Registry: 368 minecraft:ender_pearl net.minecraft.item.ItemEnderPearl@3af36922
[01:00:25] [Server thread/TRACE] [FML]:   Registry: 369 minecraft:blaze_rod net.minecraft.item.Item@609b041c
[01:00:25] [Server thread/TRACE] [FML]:   Registry: 370 minecraft:ghast_tear net.minecraft.item.Item@474e34e4
[01:00:25] [Server thread/TRACE] [FML]:   Registry: 371 minecraft:gold_nugget net.minecraft.item.Item@7e2c6702
[01:00:25] [Server thread/TRACE] [FML]:   Registry: 372 minecraft:nether_wart net.minecraft.item.ItemSeeds@5fb7ab9c
[01:00:25] [Server thread/TRACE] [FML]:   Registry: 373 minecraft:potion net.minecraft.item.ItemPotion@51eb0e84
[01:00:25] [Server thread/TRACE] [FML]:   Registry: 374 minecraft:glass_bottle net.minecraft.item.ItemGlassBottle@6ee37ca7
[01:00:25] [Server thread/TRACE] [FML]:   Registry: 375 minecraft:spider_eye net.minecraft.item.ItemFood@6775c0d1
[01:00:25] [Server thread/TRACE] [FML]:   Registry: 376 minecraft:fermented_spider_eye net.minecraft.item.Item@38f617f4
[01:00:25] [Server thread/TRACE] [FML]:   Registry: 377 minecraft:blaze_powder net.minecraft.item.Item@4899799b
[01:00:25] [Server thread/TRACE] [FML]:   Registry: 378 minecraft:magma_cream net.minecraft.item.Item@3dea226b
[01:00:25] [Server thread/TRACE] [FML]:   Registry: 379 minecraft:brewing_stand net.minecraft.item.ItemBlockSpecial@74500e4f
[01:00:25] [Server thread/TRACE] [FML]:   Registry: 380 minecraft:cauldron net.minecraft.item.ItemBlockSpecial@7c91fe86
[01:00:25] [Server thread/TRACE] [FML]:   Registry: 381 minecraft:ender_eye net.minecraft.item.ItemEnderEye@1412682c
[01:00:25] [Server thread/TRACE] [FML]:   Registry: 382 minecraft:speckled_melon net.minecraft.item.Item@53bb71e5
[01:00:25] [Server thread/TRACE] [FML]:   Registry: 383 minecraft:spawn_egg net.minecraft.item.ItemMonsterPlacer@12cd129c
[01:00:25] [Server thread/TRACE] [FML]:   Registry: 384 minecraft:experience_bottle net.minecraft.item.ItemExpBottle@3407aa4f
[01:00:25] [Server thread/TRACE] [FML]:   Registry: 385 minecraft:fire_charge net.minecraft.item.ItemFireball@19b9f903
[01:00:25] [Server thread/TRACE] [FML]:   Registry: 386 minecraft:writable_book net.minecraft.item.ItemWritableBook@22ae905f
[01:00:25] [Server thread/TRACE] [FML]:   Registry: 387 minecraft:written_book net.minecraft.item.ItemWrittenBook@6d4a05f7
[01:00:25] [Server thread/TRACE] [FML]:   Registry: 388 minecraft:emerald net.minecraft.item.Item@51d8f2f2
[01:00:25] [Server thread/TRACE] [FML]:   Registry: 389 minecraft:item_frame net.minecraft.item.ItemHangingEntity@4b476233
[01:00:25] [Server thread/TRACE] [FML]:   Registry: 390 minecraft:flower_pot net.minecraft.item.ItemBlockSpecial@72fb989b
[01:00:25] [Server thread/TRACE] [FML]:   Registry: 391 minecraft:carrot net.minecraft.item.ItemSeedFood@29dcdd1c
[01:00:25] [Server thread/TRACE] [FML]:   Registry: 392 minecraft:potato net.minecraft.item.ItemSeedFood@7cdb7fc
[01:00:25] [Server thread/TRACE] [FML]:   Registry: 393 minecraft:baked_potato net.minecraft.item.ItemFood@524f5ea5
[01:00:25] [Server thread/TRACE] [FML]:   Registry: 394 minecraft:poisonous_potato net.minecraft.item.ItemFood@586843bc
[01:00:25] [Server thread/TRACE] [FML]:   Registry: 395 minecraft:map net.minecraft.item.ItemEmptyMap@5599b5bb
[01:00:25] [Server thread/TRACE] [FML]:   Registry: 396 minecraft:golden_carrot net.minecraft.item.ItemFood@4ff66917
[01:00:25] [Server thread/TRACE] [FML]:   Registry: 397 minecraft:skull net.minecraft.item.ItemSkull@7cd3e0da
[01:00:25] [Server thread/TRACE] [FML]:   Registry: 398 minecraft:carrot_on_a_stick net.minecraft.item.ItemCarrotOnAStick@7ead1d80
[01:00:25] [Server thread/TRACE] [FML]:   Registry: 399 minecraft:nether_star net.minecraft.item.ItemSimpleFoiled@4d43a1b7
[01:00:25] [Server thread/TRACE] [FML]:   Registry: 400 minecraft:pumpkin_pie net.minecraft.item.ItemFood@5b14f482
[01:00:25] [Server thread/TRACE] [FML]:   Registry: 401 minecraft:fireworks net.minecraft.item.ItemFirework@362a561e
[01:00:25] [Server thread/TRACE] [FML]:   Registry: 402 minecraft:firework_charge net.minecraft.item.ItemFireworkCharge@fe8aaeb
[01:00:25] [Server thread/TRACE] [FML]:   Registry: 403 minecraft:enchanted_book net.minecraft.item.ItemEnchantedBook@40c76f5a
[01:00:25] [Server thread/TRACE] [FML]:   Registry: 404 minecraft:comparator net.minecraft.item.ItemBlockSpecial@a323a5b
[01:00:25] [Server thread/TRACE] [FML]:   Registry: 405 minecraft:netherbrick net.minecraft.item.Item@5546e754
[01:00:25] [Server thread/TRACE] [FML]:   Registry: 406 minecraft:quartz net.minecraft.item.Item@ad0bb4e
[01:00:25] [Server thread/TRACE] [FML]:   Registry: 407 minecraft:tnt_minecart net.minecraft.item.ItemMinecart@7196a8f1
[01:00:25] [Server thread/TRACE] [FML]:   Registry: 408 minecraft:hopper_minecart net.minecraft.item.ItemMinecart@6a6da47a
[01:00:25] [Server thread/TRACE] [FML]:   Registry: 409 minecraft:prismarine_shard net.minecraft.item.Item@8f39224
[01:00:25] [Server thread/TRACE] [FML]:   Registry: 410 minecraft:prismarine_crystals net.minecraft.item.Item@7f642bf
[01:00:25] [Server thread/TRACE] [FML]:   Registry: 411 minecraft:rabbit net.minecraft.item.ItemFood@43e3a390
[01:00:25] [Server thread/TRACE] [FML]:   Registry: 412 minecraft:cooked_rabbit net.minecraft.item.ItemFood@44aa91e2
[01:00:25] [Server thread/TRACE] [FML]:   Registry: 413 minecraft:rabbit_stew net.minecraft.item.ItemSoup@50dc49e1
[01:00:25] [Server thread/TRACE] [FML]:   Registry: 414 minecraft:rabbit_foot net.minecraft.item.Item@650a1aff
[01:00:25] [Server thread/TRACE] [FML]:   Registry: 415 minecraft:rabbit_hide net.minecraft.item.Item@3babcaed
[01:00:25] [Server thread/TRACE] [FML]:   Registry: 416 minecraft:armor_stand net.minecraft.item.ItemArmorStand@75ed125a
[01:00:25] [Server thread/TRACE] [FML]:   Registry: 417 minecraft:iron_horse_armor net.minecraft.item.Item@653a5967
[01:00:25] [Server thread/TRACE] [FML]:   Registry: 418 minecraft:golden_horse_armor net.minecraft.item.Item@5a85b4e6
[01:00:25] [Server thread/TRACE] [FML]:   Registry: 419 minecraft:diamond_horse_armor net.minecraft.item.Item@766b6d02
[01:00:25] [Server thread/TRACE] [FML]:   Registry: 420 minecraft:lead net.minecraft.item.ItemLead@63485d7
[01:00:25] [Server thread/TRACE] [FML]:   Registry: 421 minecraft:name_tag net.minecraft.item.ItemNameTag@790ac3e0
[01:00:25] [Server thread/TRACE] [FML]:   Registry: 422 minecraft:command_block_minecart net.minecraft.item.ItemMinecart@5bb2fb2b
[01:00:25] [Server thread/TRACE] [FML]:   Registry: 423 minecraft:mutton net.minecraft.item.ItemFood@2cee5365
[01:00:25] [Server thread/TRACE] [FML]:   Registry: 424 minecraft:cooked_mutton net.minecraft.item.ItemFood@796c68bf
[01:00:25] [Server thread/TRACE] [FML]:   Registry: 425 minecraft:banner net.minecraft.item.ItemBanner@44da7eb3
[01:00:25] [Server thread/TRACE] [FML]:   Registry: 426 minecraft:end_crystal net.minecraft.item.ItemEndCrystal@2c2e3460
[01:00:25] [Server thread/TRACE] [FML]:   Registry: 427 minecraft:spruce_door net.minecraft.item.ItemDoor@3b96f8b0
[01:00:25] [Server thread/TRACE] [FML]:   Registry: 428 minecraft:birch_door net.minecraft.item.ItemDoor@2b170932
[01:00:25] [Server thread/TRACE] [FML]:   Registry: 429 minecraft:jungle_door net.minecraft.item.ItemDoor@1fc0d9b4
[01:00:25] [Server thread/TRACE] [FML]:   Registry: 430 minecraft:acacia_door net.minecraft.item.ItemDoor@42107318
[01:00:25] [Server thread/TRACE] [FML]:   Registry: 431 minecraft:dark_oak_door net.minecraft.item.ItemDoor@4e4f4092
[01:00:25] [Server thread/TRACE] [FML]:   Registry: 432 minecraft:chorus_fruit net.minecraft.item.ItemChorusFruit@5dfc2a4
[01:00:25] [Server thread/TRACE] [FML]:   Registry: 433 minecraft:chorus_fruit_popped net.minecraft.item.Item@3120495d
[01:00:25] [Server thread/TRACE] [FML]:   Registry: 434 minecraft:beetroot net.minecraft.item.ItemFood@781c2497
[01:00:25] [Server thread/TRACE] [FML]:   Registry: 435 minecraft:beetroot_seeds net.minecraft.item.ItemSeeds@b75b890
[01:00:25] [Server thread/TRACE] [FML]:   Registry: 436 minecraft:beetroot_soup net.minecraft.item.ItemSoup@70c491b8
[01:00:25] [Server thread/TRACE] [FML]:   Registry: 437 minecraft:dragon_breath net.minecraft.item.Item@439d545c
[01:00:25] [Server thread/TRACE] [FML]:   Registry: 438 minecraft:splash_potion net.minecraft.item.ItemSplashPotion@1b3a9ef4
[01:00:25] [Server thread/TRACE] [FML]:   Registry: 439 minecraft:spectral_arrow net.minecraft.item.ItemSpectralArrow@73aaec54
[01:00:25] [Server thread/TRACE] [FML]:   Registry: 440 minecraft:tipped_arrow net.minecraft.item.ItemTippedArrow@6def0632
[01:00:25] [Server thread/TRACE] [FML]:   Registry: 441 minecraft:lingering_potion net.minecraft.item.ItemLingeringPotion@7ef41ca2
[01:00:25] [Server thread/TRACE] [FML]:   Registry: 442 minecraft:shield net.minecraft.item.ItemShield@5e98032e
[01:00:25] [Server thread/TRACE] [FML]:   Registry: 443 minecraft:elytra net.minecraft.item.ItemElytra@7f1f60a0
[01:00:25] [Server thread/TRACE] [FML]:   Registry: 444 minecraft:spruce_boat net.minecraft.item.ItemBoat@77ea806f
[01:00:25] [Server thread/TRACE] [FML]:   Registry: 445 minecraft:birch_boat net.minecraft.item.ItemBoat@71b26880
[01:00:25] [Server thread/TRACE] [FML]:   Registry: 446 minecraft:jungle_boat net.minecraft.item.ItemBoat@14a1769d
[01:00:25] [Server thread/TRACE] [FML]:   Registry: 447 minecraft:acacia_boat net.minecraft.item.ItemBoat@10bf1ec9
[01:00:25] [Server thread/TRACE] [FML]:   Registry: 448 minecraft:dark_oak_boat net.minecraft.item.ItemBoat@33751d49
[01:00:25] [Server thread/TRACE] [FML]:   Registry: 449 minecraft:totem_of_undying net.minecraft.item.Item@516195cf
[01:00:25] [Server thread/TRACE] [FML]:   Registry: 450 minecraft:shulker_shell net.minecraft.item.Item@4eeb14e0
[01:00:25] [Server thread/TRACE] [FML]:   Registry: 452 minecraft:iron_nugget net.minecraft.item.Item@26ca12a2
[01:00:25] [Server thread/TRACE] [FML]:   Registry: 453 minecraft:knowledge_book net.minecraft.item.ItemKnowledgeBook@afee63
[01:00:25] [Server thread/TRACE] [FML]:   Registry: 2256 minecraft:record_13 net.minecraft.item.ItemRecord@ff0e6d4
[01:00:25] [Server thread/TRACE] [FML]:   Registry: 2257 minecraft:record_cat net.minecraft.item.ItemRecord@70d3cdbf
[01:00:25] [Server thread/TRACE] [FML]:   Registry: 2258 minecraft:record_blocks net.minecraft.item.ItemRecord@72a7aa4f
[01:00:25] [Server thread/TRACE] [FML]:   Registry: 2259 minecraft:record_chirp net.minecraft.item.ItemRecord@537ca28e
[01:00:25] [Server thread/TRACE] [FML]:   Registry: 2260 minecraft:record_far net.minecraft.item.ItemRecord@5b322873
[01:00:25] [Server thread/TRACE] [FML]:   Registry: 2261 minecraft:record_mall net.minecraft.item.ItemRecord@35e2b89f
[01:00:25] [Server thread/TRACE] [FML]:   Registry: 2262 minecraft:record_mellohi net.minecraft.item.ItemRecord@7ad889be
[01:00:25] [Server thread/TRACE] [FML]:   Registry: 2263 minecraft:record_stal net.minecraft.item.ItemRecord@4c063cb9
[01:00:25] [Server thread/TRACE] [FML]:   Registry: 2264 minecraft:record_strad net.minecraft.item.ItemRecord@63de4fa
[01:00:25] [Server thread/TRACE] [FML]:   Registry: 2265 minecraft:record_ward net.minecraft.item.ItemRecord@26bb92e2
[01:00:25] [Server thread/TRACE] [FML]:   Registry: 2266 minecraft:record_11 net.minecraft.item.ItemRecord@18907af2
[01:00:25] [Server thread/TRACE] [FML]:   Registry: 2267 minecraft:record_wait net.minecraft.item.ItemRecord@658e7ead
[01:00:25] [Server thread/TRACE] [FML]: Registry Name : minecraft:potions
[01:00:25] [Server thread/TRACE] [FML]:   Registry: 1 minecraft:speed net.minecraft.potion.Potion@5a47730c
[01:00:25] [Server thread/TRACE] [FML]:   Registry: 2 minecraft:slowness net.minecraft.potion.Potion@15369d73
[01:00:25] [Server thread/TRACE] [FML]:   Registry: 3 minecraft:haste net.minecraft.potion.Potion@1cde374
[01:00:25] [Server thread/TRACE] [FML]:   Registry: 4 minecraft:mining_fatigue net.minecraft.potion.Potion@6818fd48
[01:00:25] [Server thread/TRACE] [FML]:   Registry: 5 minecraft:strength net.minecraft.potion.PotionAttackDamage@4662752a
[01:00:25] [Server thread/TRACE] [FML]:   Registry: 6 minecraft:instant_health net.minecraft.potion.PotionHealth@2e4eda17
[01:00:25] [Server thread/TRACE] [FML]:   Registry: 7 minecraft:instant_damage net.minecraft.potion.PotionHealth@7b5021d1
[01:00:25] [Server thread/TRACE] [FML]:   Registry: 8 minecraft:jump_boost net.minecraft.potion.Potion@6befbb12
[01:00:25] [Server thread/TRACE] [FML]:   Registry: 9 minecraft:nausea net.minecraft.potion.Potion@21d9cd04
[01:00:25] [Server thread/TRACE] [FML]:   Registry: 10 minecraft:regeneration net.minecraft.potion.Potion@799f354a
[01:00:25] [Server thread/TRACE] [FML]:   Registry: 11 minecraft:resistance net.minecraft.potion.Potion@33bdd01
[01:00:25] [Server thread/TRACE] [FML]:   Registry: 12 minecraft:fire_resistance net.minecraft.potion.Potion@159ac15f
[01:00:25] [Server thread/TRACE] [FML]:   Registry: 13 minecraft:water_breathing net.minecraft.potion.Potion@7ac48f05
[01:00:25] [Server thread/TRACE] [FML]:   Registry: 14 minecraft:invisibility net.minecraft.potion.Potion@7af1d072
[01:00:25] [Server thread/TRACE] [FML]:   Registry: 15 minecraft:blindness net.minecraft.potion.Potion@27ffd9f8
[01:00:25] [Server thread/TRACE] [FML]:   Registry: 16 minecraft:night_vision net.minecraft.potion.Potion@642c6461
[01:00:25] [Server thread/TRACE] [FML]:   Registry: 17 minecraft:hunger net.minecraft.potion.Potion@3ace6346
[01:00:25] [Server thread/TRACE] [FML]:   Registry: 18 minecraft:weakness net.minecraft.potion.PotionAttackDamage@4e48462d
[01:00:25] [Server thread/TRACE] [FML]:   Registry: 19 minecraft:poison net.minecraft.potion.Potion@17216605
[01:00:25] [Server thread/TRACE] [FML]:   Registry: 20 minecraft:wither net.minecraft.potion.Potion@10a907ec
[01:00:25] [Server thread/TRACE] [FML]:   Registry: 21 minecraft:health_boost net.minecraft.potion.PotionHealthBoost@49cc9b2a
[01:00:25] [Server thread/TRACE] [FML]:   Registry: 22 minecraft:absorption net.minecraft.potion.PotionAbsorption@37b01ce2
[01:00:25] [Server thread/TRACE] [FML]:   Registry: 23 minecraft:saturation net.minecraft.potion.PotionHealth@1a88c4f5
[01:00:25] [Server thread/TRACE] [FML]:   Registry: 24 minecraft:glowing net.minecraft.potion.Potion@1894fa9f
[01:00:25] [Server thread/TRACE] [FML]:   Registry: 25 minecraft:levitation net.minecraft.potion.Potion@1144a02b
[01:00:25] [Server thread/TRACE] [FML]:   Registry: 26 minecraft:luck net.minecraft.potion.Potion@26a4f9ed
[01:00:25] [Server thread/TRACE] [FML]:   Registry: 27 minecraft:unluck net.minecraft.potion.Potion@7a572ea0
[01:00:25] [Server thread/TRACE] [FML]: Registry Name : minecraft:biomes
[01:00:25] [Server thread/TRACE] [FML]:   Registry: 0 minecraft:ocean net.minecraft.world.biome.BiomeOcean@1846ad0f
[01:00:25] [Server thread/TRACE] [FML]:   Registry: 1 minecraft:plains net.minecraft.world.biome.BiomePlains@31b741e2
[01:00:25] [Server thread/TRACE] [FML]:   Registry: 2 minecraft:desert net.minecraft.world.biome.BiomeDesert@28f05b0c
[01:00:25] [Server thread/TRACE] [FML]:   Registry: 3 minecraft:extreme_hills net.minecraft.world.biome.BiomeHills@5fdb7394
[01:00:25] [Server thread/TRACE] [FML]:   Registry: 4 minecraft:forest net.minecraft.world.biome.BiomeForest@7540160e
[01:00:25] [Server thread/TRACE] [FML]:   Registry: 5 minecraft:taiga net.minecraft.world.biome.BiomeTaiga@5ca22e19
[01:00:25] [Server thread/TRACE] [FML]:   Registry: 6 minecraft:swampland net.minecraft.world.biome.BiomeSwamp@1bfa3893
[01:00:25] [Server thread/TRACE] [FML]:   Registry: 7 minecraft:river net.minecraft.world.biome.BiomeRiver@3d6778d5
[01:00:25] [Server thread/TRACE] [FML]:   Registry: 8 minecraft:hell net.minecraft.world.biome.BiomeHell@722b2728
[01:00:25] [Server thread/TRACE] [FML]:   Registry: 9 minecraft:sky net.minecraft.world.biome.BiomeEnd@7019d619
[01:00:25] [Server thread/TRACE] [FML]:   Registry: 10 minecraft:frozen_ocean net.minecraft.world.biome.BiomeOcean@2a5c6b76
[01:00:25] [Server thread/TRACE] [FML]:   Registry: 11 minecraft:frozen_river net.minecraft.world.biome.BiomeRiver@ff1f465
[01:00:25] [Server thread/TRACE] [FML]:   Registry: 12 minecraft:ice_flats net.minecraft.world.biome.BiomeSnow@4a833595
[01:00:25] [Server thread/TRACE] [FML]:   Registry: 13 minecraft:ice_mountains net.minecraft.world.biome.BiomeSnow@31006a75
[01:00:25] [Server thread/TRACE] [FML]:   Registry: 14 minecraft:mushroom_island net.minecraft.world.biome.BiomeMushroomIsland@e97f115
[01:00:25] [Server thread/TRACE] [FML]:   Registry: 15 minecraft:mushroom_island_shore net.minecraft.world.biome.BiomeMushroomIsland@5d6b42cf
[01:00:25] [Server thread/TRACE] [FML]:   Registry: 16 minecraft:beaches net.minecraft.world.biome.BiomeBeach@370225c7
[01:00:25] [Server thread/TRACE] [FML]:   Registry: 17 minecraft:desert_hills net.minecraft.world.biome.BiomeDesert@6ac756b
[01:00:25] [Server thread/TRACE] [FML]:   Registry: 18 minecraft:forest_hills net.minecraft.world.biome.BiomeForest@156324b
[01:00:25] [Server thread/TRACE] [FML]:   Registry: 19 minecraft:taiga_hills net.minecraft.world.biome.BiomeTaiga@38a38ed4
[01:00:25] [Server thread/TRACE] [FML]:   Registry: 20 minecraft:smaller_extreme_hills net.minecraft.world.biome.BiomeHills@1e29a81a
[01:00:25] [Server thread/TRACE] [FML]:   Registry: 21 minecraft:jungle net.minecraft.world.biome.BiomeJungle@6fced25c
[01:00:25] [Server thread/TRACE] [FML]:   Registry: 22 minecraft:jungle_hills net.minecraft.world.biome.BiomeJungle@3cf4dec7
[01:00:25] [Server thread/TRACE] [FML]:   Registry: 23 minecraft:jungle_edge net.minecraft.world.biome.BiomeJungle@1b94c789
[01:00:25] [Server thread/TRACE] [FML]:   Registry: 24 minecraft:deep_ocean net.minecraft.world.biome.BiomeOcean@299fc582
[01:00:25] [Server thread/TRACE] [FML]:   Registry: 25 minecraft:stone_beach net.minecraft.world.biome.BiomeStoneBeach@2a425cf5
[01:00:25] [Server thread/TRACE] [FML]:   Registry: 26 minecraft:cold_beach net.minecraft.world.biome.BiomeBeach@17d76ebb
[01:00:25] [Server thread/TRACE] [FML]:   Registry: 27 minecraft:birch_forest net.minecraft.world.biome.BiomeForest@40b31a16
[01:00:25] [Server thread/TRACE] [FML]:   Registry: 28 minecraft:birch_forest_hills net.minecraft.world.biome.BiomeForest@25fa6889
[01:00:25] [Server thread/TRACE] [FML]:   Registry: 29 minecraft:roofed_forest net.minecraft.world.biome.BiomeForest@1de73d37
[01:00:25] [Server thread/TRACE] [FML]:   Registry: 30 minecraft:taiga_cold net.minecraft.world.biome.BiomeTaiga@31693a86
[01:00:25] [Server thread/TRACE] [FML]:   Registry: 31 minecraft:taiga_cold_hills net.minecraft.world.biome.BiomeTaiga@69d2e517
[01:00:25] [Server thread/TRACE] [FML]:   Registry: 32 minecraft:redwood_taiga net.minecraft.world.biome.BiomeTaiga@1f9a7684
[01:00:25] [Server thread/TRACE] [FML]:   Registry: 33 minecraft:redwood_taiga_hills net.minecraft.world.biome.BiomeTaiga@3b30eec5
[01:00:25] [Server thread/TRACE] [FML]:   Registry: 34 minecraft:extreme_hills_with_trees net.minecraft.world.biome.BiomeHills@43755e2f
[01:00:25] [Server thread/TRACE] [FML]:   Registry: 35 minecraft:savanna net.minecraft.world.biome.BiomeSavanna@71139e77
[01:00:25] [Server thread/TRACE] [FML]:   Registry: 36 minecraft:savanna_rock net.minecraft.world.biome.BiomeSavanna@4de91056
[01:00:25] [Server thread/TRACE] [FML]:   Registry: 37 minecraft:mesa net.minecraft.world.biome.BiomeMesa@7bc2bb58
[01:00:25] [Server thread/TRACE] [FML]:   Registry: 38 minecraft:mesa_rock net.minecraft.world.biome.BiomeMesa@7e2c6fd6
[01:00:25] [Server thread/TRACE] [FML]:   Registry: 39 minecraft:mesa_clear_rock net.minecraft.world.biome.BiomeMesa@7ff6804a
[01:00:25] [Server thread/TRACE] [FML]:   Registry: 127 minecraft:void net.minecraft.world.biome.BiomeVoid@6113a26f
[01:00:25] [Server thread/TRACE] [FML]:   Registry: 129 minecraft:mutated_plains net.minecraft.world.biome.BiomePlains@2aac8ad7
[01:00:25] [Server thread/TRACE] [FML]:   Registry: 130 minecraft:mutated_desert net.minecraft.world.biome.BiomeDesert@6a4a2090
[01:00:25] [Server thread/TRACE] [FML]:   Registry: 131 minecraft:mutated_extreme_hills net.minecraft.world.biome.BiomeHills@778c2e7c
[01:00:25] [Server thread/TRACE] [FML]:   Registry: 132 minecraft:mutated_forest net.minecraft.world.biome.BiomeForest@b70fa38
[01:00:25] [Server thread/TRACE] [FML]:   Registry: 133 minecraft:mutated_taiga net.minecraft.world.biome.BiomeTaiga@45c423b3
[01:00:25] [Server thread/TRACE] [FML]:   Registry: 134 minecraft:mutated_swampland net.minecraft.world.biome.BiomeSwamp@7e31d53b
[01:00:25] [Server thread/TRACE] [FML]:   Registry: 140 minecraft:mutated_ice_flats net.minecraft.world.biome.BiomeSnow@68d8eb4f
[01:00:25] [Server thread/TRACE] [FML]:   Registry: 149 minecraft:mutated_jungle net.minecraft.world.biome.BiomeJungle@64757d56
[01:00:25] [Server thread/TRACE] [FML]:   Registry: 151 minecraft:mutated_jungle_edge net.minecraft.world.biome.BiomeJungle@4813d0
[01:00:25] [Server thread/TRACE] [FML]:   Registry: 155 minecraft:mutated_birch_forest net.minecraft.world.biome.BiomeForestMutated@5f0d8937
[01:00:25] [Server thread/TRACE] [FML]:   Registry: 156 minecraft:mutated_birch_forest_hills net.minecraft.world.biome.BiomeForestMutated@105dc04d
[01:00:25] [Server thread/TRACE] [FML]:   Registry: 157 minecraft:mutated_roofed_forest net.minecraft.world.biome.BiomeForest@504b8705
[01:00:25] [Server thread/TRACE] [FML]:   Registry: 158 minecraft:mutated_taiga_cold net.minecraft.world.biome.BiomeTaiga@24a8e40d
[01:00:25] [Server thread/TRACE] [FML]:   Registry: 160 minecraft:mutated_redwood_taiga net.minecraft.world.biome.BiomeTaiga@175f859e
[01:00:25] [Server thread/TRACE] [FML]:   Registry: 161 minecraft:mutated_redwood_taiga_hills net.minecraft.world.biome.BiomeTaiga@69fe7090
[01:00:25] [Server thread/TRACE] [FML]:   Registry: 162 minecraft:mutated_extreme_hills_with_trees net.minecraft.world.biome.BiomeHills@6501b105
[01:00:25] [Server thread/TRACE] [FML]:   Registry: 163 minecraft:mutated_savanna net.minecraft.world.biome.BiomeSavannaMutated@6df2af02
[01:00:25] [Server thread/TRACE] [FML]:   Registry: 164 minecraft:mutated_savanna_rock net.minecraft.world.biome.BiomeSavannaMutated@779228dc
[01:00:25] [Server thread/TRACE] [FML]:   Registry: 165 minecraft:mutated_mesa net.minecraft.world.biome.BiomeMesa@1f7336b2
[01:00:25] [Server thread/TRACE] [FML]:   Registry: 166 minecraft:mutated_mesa_rock net.minecraft.world.biome.BiomeMesa@4c030fe1
[01:00:25] [Server thread/TRACE] [FML]:   Registry: 167 minecraft:mutated_mesa_clear_rock net.minecraft.world.biome.BiomeMesa@347123dc
[01:00:25] [Server thread/TRACE] [FML]: Registry Name : minecraft:soundevents
[01:00:25] [Server thread/TRACE] [FML]:   Registry: 0 minecraft:ambient.cave net.minecraft.util.SoundEvent@77134e08
[01:00:25] [Server thread/TRACE] [FML]:   Registry: 1 minecraft:block.anvil.break net.minecraft.util.SoundEvent@20749d9
[01:00:25] [Server thread/TRACE] [FML]:   Registry: 2 minecraft:block.anvil.destroy net.minecraft.util.SoundEvent@de77232
[01:00:25] [Server thread/TRACE] [FML]:   Registry: 3 minecraft:block.anvil.fall net.minecraft.util.SoundEvent@62628e78
[01:00:25] [Server thread/TRACE] [FML]:   Registry: 4 minecraft:block.anvil.hit net.minecraft.util.SoundEvent@44841b43
[01:00:25] [Server thread/TRACE] [FML]:   Registry: 5 minecraft:block.anvil.land net.minecraft.util.SoundEvent@7c75db8b
[01:00:25] [Server thread/TRACE] [FML]:   Registry: 6 minecraft:block.anvil.place net.minecraft.util.SoundEvent@4ab550d5
[01:00:25] [Server thread/TRACE] [FML]:   Registry: 7 minecraft:block.anvil.step net.minecraft.util.SoundEvent@3cd206b5
[01:00:25] [Server thread/TRACE] [FML]:   Registry: 8 minecraft:block.anvil.use net.minecraft.util.SoundEvent@58e85c6f
[01:00:25] [Server thread/TRACE] [FML]:   Registry: 9 minecraft:block.brewing_stand.brew net.minecraft.util.SoundEvent@a137d7a
[01:00:25] [Server thread/TRACE] [FML]:   Registry: 10 minecraft:block.chest.close net.minecraft.util.SoundEvent@6ac0b715
[01:00:25] [Server thread/TRACE] [FML]:   Registry: 11 minecraft:block.chest.locked net.minecraft.util.SoundEvent@468be356
[01:00:25] [Server thread/TRACE] [FML]:   Registry: 12 minecraft:block.chest.open net.minecraft.util.SoundEvent@5c9ac4cc
[01:00:25] [Server thread/TRACE] [FML]:   Registry: 13 minecraft:block.chorus_flower.death net.minecraft.util.SoundEvent@4df39a88
[01:00:25] [Server thread/TRACE] [FML]:   Registry: 14 minecraft:block.chorus_flower.grow net.minecraft.util.SoundEvent@2264e43c
[01:00:25] [Server thread/TRACE] [FML]:   Registry: 15 minecraft:block.cloth.break net.minecraft.util.SoundEvent@3bec2275
[01:00:25] [Server thread/TRACE] [FML]:   Registry: 16 minecraft:block.cloth.fall net.minecraft.util.SoundEvent@31da3d60
[01:00:25] [Server thread/TRACE] [FML]:   Registry: 17 minecraft:block.cloth.hit net.minecraft.util.SoundEvent@60acd609
[01:00:25] [Server thread/TRACE] [FML]:   Registry: 18 minecraft:block.cloth.place net.minecraft.util.SoundEvent@65ec8b24
[01:00:25] [Server thread/TRACE] [FML]:   Registry: 19 minecraft:block.cloth.step net.minecraft.util.SoundEvent@3f49e266
[01:00:25] [Server thread/TRACE] [FML]:   Registry: 20 minecraft:block.comparator.click net.minecraft.util.SoundEvent@5f18f9d2
[01:00:25] [Server thread/TRACE] [FML]:   Registry: 21 minecraft:block.dispenser.dispense net.minecraft.util.SoundEvent@598260a6
[01:00:25] [Server thread/TRACE] [FML]:   Registry: 22 minecraft:block.dispenser.fail net.minecraft.util.SoundEvent@58b67519
[01:00:25] [Server thread/TRACE] [FML]:   Registry: 23 minecraft:block.dispenser.launch net.minecraft.util.SoundEvent@281ce6bb
[01:00:25] [Server thread/TRACE] [FML]:   Registry: 24 minecraft:block.enchantment_table.use net.minecraft.util.SoundEvent@30d25c03
[01:00:25] [Server thread/TRACE] [FML]:   Registry: 25 minecraft:block.end_gateway.spawn net.minecraft.util.SoundEvent@7a1f8def
[01:00:25] [Server thread/TRACE] [FML]:   Registry: 26 minecraft:block.end_portal.spawn net.minecraft.util.SoundEvent@116a2108
[01:00:25] [Server thread/TRACE] [FML]:   Registry: 27 minecraft:block.end_portal_frame.fill net.minecraft.util.SoundEvent@5e8c34a0
[01:00:25] [Server thread/TRACE] [FML]:   Registry: 28 minecraft:block.enderchest.close net.minecraft.util.SoundEvent@7c1c5936
[01:00:25] [Server thread/TRACE] [FML]:   Registry: 29 minecraft:block.enderchest.open net.minecraft.util.SoundEvent@7aead3af
[01:00:25] [Server thread/TRACE] [FML]:   Registry: 30 minecraft:block.fence_gate.close net.minecraft.util.SoundEvent@3ac8cf9b
[01:00:25] [Server thread/TRACE] [FML]:   Registry: 31 minecraft:block.fence_gate.open net.minecraft.util.SoundEvent@55ec556
[01:00:25] [Server thread/TRACE] [FML]:   Registry: 32 minecraft:block.fire.ambient net.minecraft.util.SoundEvent@1b15f922
[01:00:25] [Server thread/TRACE] [FML]:   Registry: 33 minecraft:block.fire.extinguish net.minecraft.util.SoundEvent@37ce3644
[01:00:25] [Server thread/TRACE] [FML]:   Registry: 34 minecraft:block.furnace.fire_crackle net.minecraft.util.SoundEvent@4b869331
[01:00:25] [Server thread/TRACE] [FML]:   Registry: 35 minecraft:block.glass.break net.minecraft.util.SoundEvent@38018b62
[01:00:25] [Server thread/TRACE] [FML]:   Registry: 36 minecraft:block.glass.fall net.minecraft.util.SoundEvent@ce9b9a9
[01:00:25] [Server thread/TRACE] [FML]:   Registry: 37 minecraft:block.glass.hit net.minecraft.util.SoundEvent@4ad3d266
[01:00:25] [Server thread/TRACE] [FML]:   Registry: 38 minecraft:block.glass.place net.minecraft.util.SoundEvent@3533df16
[01:00:25] [Server thread/TRACE] [FML]:   Registry: 39 minecraft:block.glass.step net.minecraft.util.SoundEvent@15d0849
[01:00:25] [Server thread/TRACE] [FML]:   Registry: 40 minecraft:block.grass.break net.minecraft.util.SoundEvent@4038cd3a
[01:00:25] [Server thread/TRACE] [FML]:   Registry: 41 minecraft:block.grass.fall net.minecraft.util.SoundEvent@14ac77b9
[01:00:25] [Server thread/TRACE] [FML]:   Registry: 42 minecraft:block.grass.hit net.minecraft.util.SoundEvent@3f4cd155
[01:00:25] [Server thread/TRACE] [FML]:   Registry: 43 minecraft:block.grass.place net.minecraft.util.SoundEvent@563a89b5
[01:00:25] [Server thread/TRACE] [FML]:   Registry: 44 minecraft:block.grass.step net.minecraft.util.SoundEvent@506dcf55
[01:00:25] [Server thread/TRACE] [FML]:   Registry: 45 minecraft:block.gravel.break net.minecraft.util.SoundEvent@270b6b5e
[01:00:25] [Server thread/TRACE] [FML]:   Registry: 46 minecraft:block.gravel.fall net.minecraft.util.SoundEvent@7e94d093
[01:00:25] [Server thread/TRACE] [FML]:   Registry: 47 minecraft:block.gravel.hit net.minecraft.util.SoundEvent@7c6189d5
[01:00:25] [Server thread/TRACE] [FML]:   Registry: 48 minecraft:block.gravel.place net.minecraft.util.SoundEvent@4248e66b
[01:00:25] [Server thread/TRACE] [FML]:   Registry: 49 minecraft:block.gravel.step net.minecraft.util.SoundEvent@3e6534e7
[01:00:25] [Server thread/TRACE] [FML]:   Registry: 50 minecraft:block.iron_door.close net.minecraft.util.SoundEvent@66ad7bf0
[01:00:25] [Server thread/TRACE] [FML]:   Registry: 51 minecraft:block.iron_door.open net.minecraft.util.SoundEvent@167279d1
[01:00:25] [Server thread/TRACE] [FML]:   Registry: 52 minecraft:block.iron_trapdoor.close net.minecraft.util.SoundEvent@138caeca
[01:00:25] [Server thread/TRACE] [FML]:   Registry: 53 minecraft:block.iron_trapdoor.open net.minecraft.util.SoundEvent@4d96250
[01:00:25] [Server thread/TRACE] [FML]:   Registry: 54 minecraft:block.ladder.break net.minecraft.util.SoundEvent@9a6fbc0
[01:00:25] [Server thread/TRACE] [FML]:   Registry: 55 minecraft:block.ladder.fall net.minecraft.util.SoundEvent@c1fa7d4
[01:00:25] [Server thread/TRACE] [FML]:   Registry: 56 minecraft:block.ladder.hit net.minecraft.util.SoundEvent@7a93b263
[01:00:25] [Server thread/TRACE] [FML]:   Registry: 57 minecraft:block.ladder.place net.minecraft.util.SoundEvent@35178483
[01:00:25] [Server thread/TRACE] [FML]:   Registry: 58 minecraft:block.ladder.step net.minecraft.util.SoundEvent@bd1111a
[01:00:25] [Server thread/TRACE] [FML]:   Registry: 59 minecraft:block.lava.ambient net.minecraft.util.SoundEvent@7a8136b3
[01:00:25] [Server thread/TRACE] [FML]:   Registry: 60 minecraft:block.lava.extinguish net.minecraft.util.SoundEvent@1de6932a
[01:00:25] [Server thread/TRACE] [FML]:   Registry: 61 minecraft:block.lava.pop net.minecraft.util.SoundEvent@14dc3f89
[01:00:25] [Server thread/TRACE] [FML]:   Registry: 62 minecraft:block.lever.click net.minecraft.util.SoundEvent@1706a5c9
[01:00:25] [Server thread/TRACE] [FML]:   Registry: 63 minecraft:block.metal.break net.minecraft.util.SoundEvent@64412d34
[01:00:25] [Server thread/TRACE] [FML]:   Registry: 64 minecraft:block.metal.fall net.minecraft.util.SoundEvent@4d178d55
[01:00:25] [Server thread/TRACE] [FML]:   Registry: 65 minecraft:block.metal.hit net.minecraft.util.SoundEvent@38c2c309
[01:00:25] [Server thread/TRACE] [FML]:   Registry: 66 minecraft:block.metal.place net.minecraft.util.SoundEvent@1a480135
[01:00:25] [Server thread/TRACE] [FML]:   Registry: 67 minecraft:block.metal.step net.minecraft.util.SoundEvent@778db7c5
[01:00:25] [Server thread/TRACE] [FML]:   Registry: 68 minecraft:block.metal_pressureplate.click_off net.minecraft.util.SoundEvent@681e144
[01:00:25] [Server thread/TRACE] [FML]:   Registry: 69 minecraft:block.metal_pressureplate.click_on net.minecraft.util.SoundEvent@2875b016
[01:00:25] [Server thread/TRACE] [FML]:   Registry: 70 minecraft:block.note.basedrum net.minecraft.util.SoundEvent@72ee5d84
[01:00:25] [Server thread/TRACE] [FML]:   Registry: 71 minecraft:block.note.bass net.minecraft.util.SoundEvent@68c7ef83
[01:00:25] [Server thread/TRACE] [FML]:   Registry: 72 minecraft:block.note.bell net.minecraft.util.SoundEvent@6145b81e
[01:00:25] [Server thread/TRACE] [FML]:   Registry: 73 minecraft:block.note.chime net.minecraft.util.SoundEvent@64355120
[01:00:25] [Server thread/TRACE] [FML]:   Registry: 74 minecraft:block.note.flute net.minecraft.util.SoundEvent@64b7225f
[01:00:25] [Server thread/TRACE] [FML]:   Registry: 75 minecraft:block.note.guitar net.minecraft.util.SoundEvent@33db72bd
[01:00:25] [Server thread/TRACE] [FML]:   Registry: 76 minecraft:block.note.harp net.minecraft.util.SoundEvent@7f92b990
[01:00:25] [Server thread/TRACE] [FML]:   Registry: 77 minecraft:block.note.hat net.minecraft.util.SoundEvent@31e04b13
[01:00:25] [Server thread/TRACE] [FML]:   Registry: 78 minecraft:block.note.pling net.minecraft.util.SoundEvent@6c1832aa
[01:00:25] [Server thread/TRACE] [FML]:   Registry: 79 minecraft:block.note.snare net.minecraft.util.SoundEvent@4beeb0e
[01:00:25] [Server thread/TRACE] [FML]:   Registry: 80 minecraft:block.note.xylophone net.minecraft.util.SoundEvent@6e8a9c30
[01:00:25] [Server thread/TRACE] [FML]:   Registry: 81 minecraft:block.piston.contract net.minecraft.util.SoundEvent@5d01ea21
[01:00:25] [Server thread/TRACE] [FML]:   Registry: 82 minecraft:block.piston.extend net.minecraft.util.SoundEvent@70211e49
[01:00:25] [Server thread/TRACE] [FML]:   Registry: 83 minecraft:block.portal.ambient net.minecraft.util.SoundEvent@3b46dd8
[01:00:25] [Server thread/TRACE] [FML]:   Registry: 84 minecraft:block.portal.travel net.minecraft.util.SoundEvent@39651a82
[01:00:25] [Server thread/TRACE] [FML]:   Registry: 85 minecraft:block.portal.trigger net.minecraft.util.SoundEvent@6be7bf6d
[01:00:25] [Server thread/TRACE] [FML]:   Registry: 86 minecraft:block.redstone_torch.burnout net.minecraft.util.SoundEvent@134c370e
[01:00:25] [Server thread/TRACE] [FML]:   Registry: 87 minecraft:block.sand.break net.minecraft.util.SoundEvent@33364212
[01:00:25] [Server thread/TRACE] [FML]:   Registry: 88 minecraft:block.sand.fall net.minecraft.util.SoundEvent@2216effc
[01:00:25] [Server thread/TRACE] [FML]:   Registry: 89 minecraft:block.sand.hit net.minecraft.util.SoundEvent@745c2004
[01:00:25] [Server thread/TRACE] [FML]:   Registry: 90 minecraft:block.sand.place net.minecraft.util.SoundEvent@6da9dc6
[01:00:25] [Server thread/TRACE] [FML]:   Registry: 91 minecraft:block.sand.step net.minecraft.util.SoundEvent@7fd69dd
[01:00:25] [Server thread/TRACE] [FML]:   Registry: 92 minecraft:block.shulker_box.close net.minecraft.util.SoundEvent@12010fd1
[01:00:25] [Server thread/TRACE] [FML]:   Registry: 93 minecraft:block.shulker_box.open net.minecraft.util.SoundEvent@7c84195
[01:00:25] [Server thread/TRACE] [FML]:   Registry: 94 minecraft:block.slime.break net.minecraft.util.SoundEvent@552ed807
[01:00:25] [Server thread/TRACE] [FML]:   Registry: 95 minecraft:block.slime.fall net.minecraft.util.SoundEvent@3971f0fe
[01:00:25] [Server thread/TRACE] [FML]:   Registry: 96 minecraft:block.slime.hit net.minecraft.util.SoundEvent@23940f86
[01:00:25] [Server thread/TRACE] [FML]:   Registry: 97 minecraft:block.slime.place net.minecraft.util.SoundEvent@66153688
[01:00:25] [Server thread/TRACE] [FML]:   Registry: 98 minecraft:block.slime.step net.minecraft.util.SoundEvent@455824ad
[01:00:25] [Server thread/TRACE] [FML]:   Registry: 99 minecraft:block.snow.break net.minecraft.util.SoundEvent@7318daf8
[01:00:25] [Server thread/TRACE] [FML]:   Registry: 100 minecraft:block.snow.fall net.minecraft.util.SoundEvent@70f31322
[01:00:25] [Server thread/TRACE] [FML]:   Registry: 101 minecraft:block.snow.hit net.minecraft.util.SoundEvent@3f1ddac2
[01:00:25] [Server thread/TRACE] [FML]:   Registry: 102 minecraft:block.snow.place net.minecraft.util.SoundEvent@3be4fcc0
[01:00:25] [Server thread/TRACE] [FML]:   Registry: 103 minecraft:block.snow.step net.minecraft.util.SoundEvent@e1e2e5e
[01:00:25] [Server thread/TRACE] [FML]:   Registry: 104 minecraft:block.stone.break net.minecraft.util.SoundEvent@661c46bc
[01:00:25] [Server thread/TRACE] [FML]:   Registry: 105 minecraft:block.stone.fall net.minecraft.util.SoundEvent@37864b77
[01:00:25] [Server thread/TRACE] [FML]:   Registry: 106 minecraft:block.stone.hit net.minecraft.util.SoundEvent@2b98b3bb
[01:00:25] [Server thread/TRACE] [FML]:   Registry: 107 minecraft:block.stone.place net.minecraft.util.SoundEvent@540b0448
[01:00:25] [Server thread/TRACE] [FML]:   Registry: 108 minecraft:block.stone.step net.minecraft.util.SoundEvent@50a691d3
[01:00:25] [Server thread/TRACE] [FML]:   Registry: 109 minecraft:block.stone_button.click_off net.minecraft.util.SoundEvent@557eb543
[01:00:25] [Server thread/TRACE] [FML]:   Registry: 110 minecraft:block.stone_button.click_on net.minecraft.util.SoundEvent@3b95d13c
[01:00:25] [Server thread/TRACE] [FML]:   Registry: 111 minecraft:block.stone_pressureplate.click_off net.minecraft.util.SoundEvent@3730ab42
[01:00:25] [Server thread/TRACE] [FML]:   Registry: 112 minecraft:block.stone_pressureplate.click_on net.minecraft.util.SoundEvent@537c8c7e
[01:00:25] [Server thread/TRACE] [FML]:   Registry: 113 minecraft:block.tripwire.attach net.minecraft.util.SoundEvent@7308ffff
[01:00:25] [Server thread/TRACE] [FML]:   Registry: 114 minecraft:block.tripwire.click_off net.minecraft.util.SoundEvent@6601cc93
[01:00:25] [Server thread/TRACE] [FML]:   Registry: 115 minecraft:block.tripwire.click_on net.minecraft.util.SoundEvent@54d901aa
[01:00:25] [Server thread/TRACE] [FML]:   Registry: 116 minecraft:block.tripwire.detach net.minecraft.util.SoundEvent@63716833
[01:00:25] [Server thread/TRACE] [FML]:   Registry: 117 minecraft:block.water.ambient net.minecraft.util.SoundEvent@573284a5
[01:00:25] [Server thread/TRACE] [FML]:   Registry: 118 minecraft:block.waterlily.place net.minecraft.util.SoundEvent@3fbfbf84
[01:00:25] [Server thread/TRACE] [FML]:   Registry: 119 minecraft:block.wood.break net.minecraft.util.SoundEvent@23f72d88
[01:00:25] [Server thread/TRACE] [FML]:   Registry: 120 minecraft:block.wood.fall net.minecraft.util.SoundEvent@4bafe935
[01:00:25] [Server thread/TRACE] [FML]:   Registry: 121 minecraft:block.wood.hit net.minecraft.util.SoundEvent@87b5b49
[01:00:25] [Server thread/TRACE] [FML]:   Registry: 122 minecraft:block.wood.place net.minecraft.util.SoundEvent@4a7a965d
[01:00:25] [Server thread/TRACE] [FML]:   Registry: 123 minecraft:block.wood.step net.minecraft.util.SoundEvent@507b79f7
[01:00:25] [Server thread/TRACE] [FML]:   Registry: 124 minecraft:block.wood_button.click_off net.minecraft.util.SoundEvent@64a9d48c
[01:00:25] [Server thread/TRACE] [FML]:   Registry: 125 minecraft:block.wood_button.click_on net.minecraft.util.SoundEvent@365a6a43
[01:00:25] [Server thread/TRACE] [FML]:   Registry: 126 minecraft:block.wood_pressureplate.click_off net.minecraft.util.SoundEvent@288cdaab
[01:00:25] [Server thread/TRACE] [FML]:   Registry: 127 minecraft:block.wood_pressureplate.click_on net.minecraft.util.SoundEvent@23b3aa8c
[01:00:25] [Server thread/TRACE] [FML]:   Registry: 128 minecraft:block.wooden_door.close net.minecraft.util.SoundEvent@99407c2
[01:00:25] [Server thread/TRACE] [FML]:   Registry: 129 minecraft:block.wooden_door.open net.minecraft.util.SoundEvent@6c796cc1
[01:00:25] [Server thread/TRACE] [FML]:   Registry: 130 minecraft:block.wooden_trapdoor.close net.minecraft.util.SoundEvent@226eba67
[01:00:25] [Server thread/TRACE] [FML]:   Registry: 131 minecraft:block.wooden_trapdoor.open net.minecraft.util.SoundEvent@1cb7936c
[01:00:25] [Server thread/TRACE] [FML]:   Registry: 132 minecraft:enchant.thorns.hit net.minecraft.util.SoundEvent@35342d2f
[01:00:25] [Server thread/TRACE] [FML]:   Registry: 133 minecraft:entity.armorstand.break net.minecraft.util.SoundEvent@128c502c
[01:00:25] [Server thread/TRACE] [FML]:   Registry: 134 minecraft:entity.armorstand.fall net.minecraft.util.SoundEvent@45667d98
[01:00:25] [Server thread/TRACE] [FML]:   Registry: 135 minecraft:entity.armorstand.hit net.minecraft.util.SoundEvent@65eabaab
[01:00:25] [Server thread/TRACE] [FML]:   Registry: 136 minecraft:entity.armorstand.place net.minecraft.util.SoundEvent@7123be6c
[01:00:25] [Server thread/TRACE] [FML]:   Registry: 137 minecraft:entity.arrow.hit net.minecraft.util.SoundEvent@1de9d54
[01:00:25] [Server thread/TRACE] [FML]:   Registry: 138 minecraft:entity.arrow.hit_player net.minecraft.util.SoundEvent@77a2aa4a
[01:00:25] [Server thread/TRACE] [FML]:   Registry: 139 minecraft:entity.arrow.shoot net.minecraft.util.SoundEvent@47ad69f7
[01:00:25] [Server thread/TRACE] [FML]:   Registry: 140 minecraft:entity.bat.ambient net.minecraft.util.SoundEvent@2b917fb0
[01:00:25] [Server thread/TRACE] [FML]:   Registry: 141 minecraft:entity.bat.death net.minecraft.util.SoundEvent@5e5073ab
[01:00:25] [Server thread/TRACE] [FML]:   Registry: 142 minecraft:entity.bat.hurt net.minecraft.util.SoundEvent@3c4262d1
[01:00:25] [Server thread/TRACE] [FML]:   Registry: 143 minecraft:entity.bat.loop net.minecraft.util.SoundEvent@100c567f
[01:00:25] [Server thread/TRACE] [FML]:   Registry: 144 minecraft:entity.bat.takeoff net.minecraft.util.SoundEvent@30c0d731
[01:00:25] [Server thread/TRACE] [FML]:   Registry: 145 minecraft:entity.blaze.ambient net.minecraft.util.SoundEvent@6d5037a9
[01:00:25] [Server thread/TRACE] [FML]:   Registry: 146 minecraft:entity.blaze.burn net.minecraft.util.SoundEvent@422b8438
[01:00:25] [Server thread/TRACE] [FML]:   Registry: 147 minecraft:entity.blaze.death net.minecraft.util.SoundEvent@30669dac
[01:00:25] [Server thread/TRACE] [FML]:   Registry: 148 minecraft:entity.blaze.hurt net.minecraft.util.SoundEvent@629adce
[01:00:25] [Server thread/TRACE] [FML]:   Registry: 149 minecraft:entity.blaze.shoot net.minecraft.util.SoundEvent@6a282fdd
[01:00:25] [Server thread/TRACE] [FML]:   Registry: 150 minecraft:entity.boat.paddle_land net.minecraft.util.SoundEvent@743c6ce4
[01:00:25] [Server thread/TRACE] [FML]:   Registry: 151 minecraft:entity.boat.paddle_water net.minecraft.util.SoundEvent@70331432
[01:00:25] [Server thread/TRACE] [FML]:   Registry: 152 minecraft:entity.bobber.retrieve net.minecraft.util.SoundEvent@3bbf9027
[01:00:25] [Server thread/TRACE] [FML]:   Registry: 153 minecraft:entity.bobber.splash net.minecraft.util.SoundEvent@10c2064a
[01:00:25] [Server thread/TRACE] [FML]:   Registry: 154 minecraft:entity.bobber.throw net.minecraft.util.SoundEvent@70e13fa
[01:00:25] [Server thread/TRACE] [FML]:   Registry: 155 minecraft:entity.cat.ambient net.minecraft.util.SoundEvent@6ff415ad
[01:00:25] [Server thread/TRACE] [FML]:   Registry: 156 minecraft:entity.cat.death net.minecraft.util.SoundEvent@280d9edc
[01:00:25] [Server thread/TRACE] [FML]:   Registry: 157 minecraft:entity.cat.hiss net.minecraft.util.SoundEvent@28fd3dc1
[01:00:25] [Server thread/TRACE] [FML]:   Registry: 158 minecraft:entity.cat.hurt net.minecraft.util.SoundEvent@5f9b6ae7
[01:00:25] [Server thread/TRACE] [FML]:   Registry: 159 minecraft:entity.cat.purr net.minecraft.util.SoundEvent@108d55c4
[01:00:25] [Server thread/TRACE] [FML]:   Registry: 160 minecraft:entity.cat.purreow net.minecraft.util.SoundEvent@5432c277
[01:00:25] [Server thread/TRACE] [FML]:   Registry: 161 minecraft:entity.chicken.ambient net.minecraft.util.SoundEvent@15e0fe05
[01:00:25] [Server thread/TRACE] [FML]:   Registry: 162 minecraft:entity.chicken.death net.minecraft.util.SoundEvent@1128620c
[01:00:25] [Server thread/TRACE] [FML]:   Registry: 163 minecraft:entity.chicken.egg net.minecraft.util.SoundEvent@6bf13698
[01:00:25] [Server thread/TRACE] [FML]:   Registry: 164 minecraft:entity.chicken.hurt net.minecraft.util.SoundEvent@299270eb
[01:00:25] [Server thread/TRACE] [FML]:   Registry: 165 minecraft:entity.chicken.step net.minecraft.util.SoundEvent@3b90a30a
[01:00:25] [Server thread/TRACE] [FML]:   Registry: 166 minecraft:entity.cow.ambient net.minecraft.util.SoundEvent@69fa8e76
[01:00:25] [Server thread/TRACE] [FML]:   Registry: 167 minecraft:entity.cow.death net.minecraft.util.SoundEvent@bdd2027
[01:00:25] [Server thread/TRACE] [FML]:   Registry: 168 minecraft:entity.cow.hurt net.minecraft.util.SoundEvent@31f20c9f
[01:00:25] [Server thread/TRACE] [FML]:   Registry: 169 minecraft:entity.cow.milk net.minecraft.util.SoundEvent@f446158
[01:00:25] [Server thread/TRACE] [FML]:   Registry: 170 minecraft:entity.cow.step net.minecraft.util.SoundEvent@32f0c7f8
[01:00:25] [Server thread/TRACE] [FML]:   Registry: 171 minecraft:entity.creeper.death net.minecraft.util.SoundEvent@504e1599
[01:00:25] [Server thread/TRACE] [FML]:   Registry: 172 minecraft:entity.creeper.hurt net.minecraft.util.SoundEvent@71f96dfb
[01:00:25] [Server thread/TRACE] [FML]:   Registry: 173 minecraft:entity.creeper.primed net.minecraft.util.SoundEvent@5d1b9c3d
[01:00:25] [Server thread/TRACE] [FML]:   Registry: 174 minecraft:entity.donkey.ambient net.minecraft.util.SoundEvent@69e05f61
[01:00:25] [Server thread/TRACE] [FML]:   Registry: 175 minecraft:entity.donkey.angry net.minecraft.util.SoundEvent@49a26d19
[01:00:25] [Server thread/TRACE] [FML]:   Registry: 176 minecraft:entity.donkey.chest net.minecraft.util.SoundEvent@730e5763
[01:00:25] [Server thread/TRACE] [FML]:   Registry: 177 minecraft:entity.donkey.death net.minecraft.util.SoundEvent@7275c74b
[01:00:25] [Server thread/TRACE] [FML]:   Registry: 178 minecraft:entity.donkey.hurt net.minecraft.util.SoundEvent@19058533
[01:00:25] [Server thread/TRACE] [FML]:   Registry: 179 minecraft:entity.egg.throw net.minecraft.util.SoundEvent@4315e9af
[01:00:25] [Server thread/TRACE] [FML]:   Registry: 180 minecraft:entity.elder_guardian.ambient net.minecraft.util.SoundEvent@42210be1
[01:00:25] [Server thread/TRACE] [FML]:   Registry: 181 minecraft:entity.elder_guardian.ambient_land net.minecraft.util.SoundEvent@1eb2d371
[01:00:25] [Server thread/TRACE] [FML]:   Registry: 182 minecraft:entity.elder_guardian.curse net.minecraft.util.SoundEvent@2babf189
[01:00:25] [Server thread/TRACE] [FML]:   Registry: 183 minecraft:entity.elder_guardian.death net.minecraft.util.SoundEvent@479f2dc2
[01:00:25] [Server thread/TRACE] [FML]:   Registry: 184 minecraft:entity.elder_guardian.death_land net.minecraft.util.SoundEvent@dab48d3
[01:00:25] [Server thread/TRACE] [FML]:   Registry: 185 minecraft:entity.elder_guardian.flop net.minecraft.util.SoundEvent@58a2b4c
[01:00:25] [Server thread/TRACE] [FML]:   Registry: 186 minecraft:entity.elder_guardian.hurt net.minecraft.util.SoundEvent@7159a5cd
[01:00:25] [Server thread/TRACE] [FML]:   Registry: 187 minecraft:entity.elder_guardian.hurt_land net.minecraft.util.SoundEvent@4f966719
[01:00:25] [Server thread/TRACE] [FML]:   Registry: 188 minecraft:entity.enderdragon.ambient net.minecraft.util.SoundEvent@18ac53e8
[01:00:25] [Server thread/TRACE] [FML]:   Registry: 189 minecraft:entity.enderdragon.death net.minecraft.util.SoundEvent@4ca8dbfa
[01:00:25] [Server thread/TRACE] [FML]:   Registry: 190 minecraft:entity.enderdragon.flap net.minecraft.util.SoundEvent@7063686f
[01:00:25] [Server thread/TRACE] [FML]:   Registry: 191 minecraft:entity.enderdragon.growl net.minecraft.util.SoundEvent@c3177d5
[01:00:25] [Server thread/TRACE] [FML]:   Registry: 192 minecraft:entity.enderdragon.hurt net.minecraft.util.SoundEvent@76f856a8
[01:00:25] [Server thread/TRACE] [FML]:   Registry: 193 minecraft:entity.enderdragon.shoot net.minecraft.util.SoundEvent@7c853486
[01:00:25] [Server thread/TRACE] [FML]:   Registry: 194 minecraft:entity.enderdragon_fireball.explode net.minecraft.util.SoundEvent@174e1b69
[01:00:25] [Server thread/TRACE] [FML]:   Registry: 195 minecraft:entity.endereye.death net.minecraft.util.SoundEvent@1046498a
[01:00:25] [Server thread/TRACE] [FML]:   Registry: 196 minecraft:entity.endereye.launch net.minecraft.util.SoundEvent@243f003c
[01:00:25] [Server thread/TRACE] [FML]:   Registry: 197 minecraft:entity.endermen.ambient net.minecraft.util.SoundEvent@71cb3139
[01:00:25] [Server thread/TRACE] [FML]:   Registry: 198 minecraft:entity.endermen.death net.minecraft.util.SoundEvent@1639f93a
[01:00:25] [Server thread/TRACE] [FML]:   Registry: 199 minecraft:entity.endermen.hurt net.minecraft.util.SoundEvent@3491e86e
[01:00:25] [Server thread/TRACE] [FML]:   Registry: 200 minecraft:entity.endermen.scream net.minecraft.util.SoundEvent@68f32020
[01:00:25] [Server thread/TRACE] [FML]:   Registry: 201 minecraft:entity.endermen.stare net.minecraft.util.SoundEvent@409986fe
[01:00:25] [Server thread/TRACE] [FML]:   Registry: 202 minecraft:entity.endermen.teleport net.minecraft.util.SoundEvent@19b047fe
[01:00:25] [Server thread/TRACE] [FML]:   Registry: 203 minecraft:entity.endermite.ambient net.minecraft.util.SoundEvent@22590e3e
[01:00:25] [Server thread/TRACE] [FML]:   Registry: 204 minecraft:entity.endermite.death net.minecraft.util.SoundEvent@53dad875
[01:00:25] [Server thread/TRACE] [FML]:   Registry: 205 minecraft:entity.endermite.hurt net.minecraft.util.SoundEvent@5f780a86
[01:00:25] [Server thread/TRACE] [FML]:   Registry: 206 minecraft:entity.endermite.step net.minecraft.util.SoundEvent@446c3920
[01:00:25] [Server thread/TRACE] [FML]:   Registry: 207 minecraft:entity.enderpearl.throw net.minecraft.util.SoundEvent@2eaef76d
[01:00:25] [Server thread/TRACE] [FML]:   Registry: 208 minecraft:entity.evocation_fangs.attack net.minecraft.util.SoundEvent@2b329bbd
[01:00:25] [Server thread/TRACE] [FML]:   Registry: 209 minecraft:entity.evocation_illager.ambient net.minecraft.util.SoundEvent@34819867
[01:00:25] [Server thread/TRACE] [FML]:   Registry: 210 minecraft:entity.evocation_illager.cast_spell net.minecraft.util.SoundEvent@118102ee
[01:00:25] [Server thread/TRACE] [FML]:   Registry: 211 minecraft:entity.evocation_illager.death net.minecraft.util.SoundEvent@48cd9a2c
[01:00:25] [Server thread/TRACE] [FML]:   Registry: 212 minecraft:entity.evocation_illager.hurt net.minecraft.util.SoundEvent@771d1ffb
[01:00:25] [Server thread/TRACE] [FML]:   Registry: 213 minecraft:entity.evocation_illager.prepare_attack net.minecraft.util.SoundEvent@4f67e3df
[01:00:25] [Server thread/TRACE] [FML]:   Registry: 214 minecraft:entity.evocation_illager.prepare_summon net.minecraft.util.SoundEvent@56681eaf
[01:00:25] [Server thread/TRACE] [FML]:   Registry: 215 minecraft:entity.evocation_illager.prepare_wololo net.minecraft.util.SoundEvent@72d0f2b4
[01:00:25] [Server thread/TRACE] [FML]:   Registry: 216 minecraft:entity.experience_bottle.throw net.minecraft.util.SoundEvent@6d2dc9d2
[01:00:25] [Server thread/TRACE] [FML]:   Registry: 217 minecraft:entity.experience_orb.pickup net.minecraft.util.SoundEvent@1da4b6b3
[01:00:25] [Server thread/TRACE] [FML]:   Registry: 218 minecraft:entity.firework.blast net.minecraft.util.SoundEvent@b2f4ece
[01:00:25] [Server thread/TRACE] [FML]:   Registry: 219 minecraft:entity.firework.blast_far net.minecraft.util.SoundEvent@7e1f584d
[01:00:25] [Server thread/TRACE] [FML]:   Registry: 220 minecraft:entity.firework.large_blast net.minecraft.util.SoundEvent@7dff6d05
[01:00:25] [Server thread/TRACE] [FML]:   Registry: 221 minecraft:entity.firework.large_blast_far net.minecraft.util.SoundEvent@45d64d27
[01:00:25] [Server thread/TRACE] [FML]:   Registry: 222 minecraft:entity.firework.launch net.minecraft.util.SoundEvent@34fe326d
[01:00:25] [Server thread/TRACE] [FML]:   Registry: 223 minecraft:entity.firework.shoot net.minecraft.util.SoundEvent@30a7c98f
[01:00:25] [Server thread/TRACE] [FML]:   Registry: 224 minecraft:entity.firework.twinkle net.minecraft.util.SoundEvent@36361ddb
[01:00:25] [Server thread/TRACE] [FML]:   Registry: 225 minecraft:entity.firework.twinkle_far net.minecraft.util.SoundEvent@41fed14f
[01:00:25] [Server thread/TRACE] [FML]:   Registry: 226 minecraft:entity.generic.big_fall net.minecraft.util.SoundEvent@4d6ee47
[01:00:25] [Server thread/TRACE] [FML]:   Registry: 227 minecraft:entity.generic.burn net.minecraft.util.SoundEvent@a33b4e3
[01:00:25] [Server thread/TRACE] [FML]:   Registry: 228 minecraft:entity.generic.death net.minecraft.util.SoundEvent@c6da8bb
[01:00:25] [Server thread/TRACE] [FML]:   Registry: 229 minecraft:entity.generic.drink net.minecraft.util.SoundEvent@3bae64d0
[01:00:25] [Server thread/TRACE] [FML]:   Registry: 230 minecraft:entity.generic.eat net.minecraft.util.SoundEvent@8b91134
[01:00:25] [Server thread/TRACE] [FML]:   Registry: 231 minecraft:entity.generic.explode net.minecraft.util.SoundEvent@1fba386c
[01:00:25] [Server thread/TRACE] [FML]:   Registry: 232 minecraft:entity.generic.extinguish_fire net.minecraft.util.SoundEvent@7e736350
[01:00:25] [Server thread/TRACE] [FML]:   Registry: 233 minecraft:entity.generic.hurt net.minecraft.util.SoundEvent@36b310aa
[01:00:25] [Server thread/TRACE] [FML]:   Registry: 234 minecraft:entity.generic.small_fall net.minecraft.util.SoundEvent@76c387f9
[01:00:25] [Server thread/TRACE] [FML]:   Registry: 235 minecraft:entity.generic.splash net.minecraft.util.SoundEvent@3874b815
[01:00:25] [Server thread/TRACE] [FML]:   Registry: 236 minecraft:entity.generic.swim net.minecraft.util.SoundEvent@5d7835a8
[01:00:25] [Server thread/TRACE] [FML]:   Registry: 237 minecraft:entity.ghast.ambient net.minecraft.util.SoundEvent@736048ed
[01:00:25] [Server thread/TRACE] [FML]:   Registry: 238 minecraft:entity.ghast.death net.minecraft.util.SoundEvent@1976f537
[01:00:25] [Server thread/TRACE] [FML]:   Registry: 239 minecraft:entity.ghast.hurt net.minecraft.util.SoundEvent@45f421c
[01:00:25] [Server thread/TRACE] [FML]:   Registry: 240 minecraft:entity.ghast.scream net.minecraft.util.SoundEvent@1816e24a
[01:00:25] [Server thread/TRACE] [FML]:   Registry: 241 minecraft:entity.ghast.shoot net.minecraft.util.SoundEvent@6940f685
[01:00:25] [Server thread/TRACE] [FML]:   Registry: 242 minecraft:entity.ghast.warn net.minecraft.util.SoundEvent@47b179d7
[01:00:25] [Server thread/TRACE] [FML]:   Registry: 243 minecraft:entity.guardian.ambient net.minecraft.util.SoundEvent@39008c9f
[01:00:25] [Server thread/TRACE] [FML]:   Registry: 244 minecraft:entity.guardian.ambient_land net.minecraft.util.SoundEvent@162b3d47
[01:00:25] [Server thread/TRACE] [FML]:   Registry: 245 minecraft:entity.guardian.attack net.minecraft.util.SoundEvent@783115d9
[01:00:25] [Server thread/TRACE] [FML]:   Registry: 246 minecraft:entity.guardian.death net.minecraft.util.SoundEvent@3402b4c9
[01:00:25] [Server thread/TRACE] [FML]:   Registry: 247 minecraft:entity.guardian.death_land net.minecraft.util.SoundEvent@95bb2a2
[01:00:25] [Server thread/TRACE] [FML]:   Registry: 248 minecraft:entity.guardian.flop net.minecraft.util.SoundEvent@46d567cb
[01:00:25] [Server thread/TRACE] [FML]:   Registry: 249 minecraft:entity.guardian.hurt net.minecraft.util.SoundEvent@363a3d15
[01:00:25] [Server thread/TRACE] [FML]:   Registry: 250 minecraft:entity.guardian.hurt_land net.minecraft.util.SoundEvent@173f73e7
[01:00:25] [Server thread/TRACE] [FML]:   Registry: 251 minecraft:entity.horse.ambient net.minecraft.util.SoundEvent@43a51d00
[01:00:25] [Server thread/TRACE] [FML]:   Registry: 252 minecraft:entity.horse.angry net.minecraft.util.SoundEvent@2e23c180
[01:00:25] [Server thread/TRACE] [FML]:   Registry: 253 minecraft:entity.horse.armor net.minecraft.util.SoundEvent@499683c4
[01:00:25] [Server thread/TRACE] [FML]:   Registry: 254 minecraft:entity.horse.breathe net.minecraft.util.SoundEvent@25da615a
[01:00:25] [Server thread/TRACE] [FML]:   Registry: 255 minecraft:entity.horse.death net.minecraft.util.SoundEvent@4efc25fc
[01:00:25] [Server thread/TRACE] [FML]:   Registry: 256 minecraft:entity.horse.eat net.minecraft.util.SoundEvent@7ee3d262
[01:00:25] [Server thread/TRACE] [FML]:   Registry: 257 minecraft:entity.horse.gallop net.minecraft.util.SoundEvent@396e6d9
[01:00:25] [Server thread/TRACE] [FML]:   Registry: 258 minecraft:entity.horse.hurt net.minecraft.util.SoundEvent@75308740
[01:00:25] [Server thread/TRACE] [FML]:   Registry: 259 minecraft:entity.horse.jump net.minecraft.util.SoundEvent@5acc9fdf
[01:00:25] [Server thread/TRACE] [FML]:   Registry: 260 minecraft:entity.horse.land net.minecraft.util.SoundEvent@3a5c2626
[01:00:25] [Server thread/TRACE] [FML]:   Registry: 261 minecraft:entity.horse.saddle net.minecraft.util.SoundEvent@e48bf9a
[01:00:25] [Server thread/TRACE] [FML]:   Registry: 262 minecraft:entity.horse.step net.minecraft.util.SoundEvent@7fb33394
[01:00:25] [Server thread/TRACE] [FML]:   Registry: 263 minecraft:entity.horse.step_wood net.minecraft.util.SoundEvent@41bf79da
[01:00:25] [Server thread/TRACE] [FML]:   Registry: 264 minecraft:entity.hostile.big_fall net.minecraft.util.SoundEvent@1a891add
[01:00:25] [Server thread/TRACE] [FML]:   Registry: 265 minecraft:entity.hostile.death net.minecraft.util.SoundEvent@5176d279
[01:00:25] [Server thread/TRACE] [FML]:   Registry: 266 minecraft:entity.hostile.hurt net.minecraft.util.SoundEvent@373f7450
[01:00:25] [Server thread/TRACE] [FML]:   Registry: 267 minecraft:entity.hostile.small_fall net.minecraft.util.SoundEvent@d74bac4
[01:00:25] [Server thread/TRACE] [FML]:   Registry: 268 minecraft:entity.hostile.splash net.minecraft.util.SoundEvent@5ff90645
[01:00:25] [Server thread/TRACE] [FML]:   Registry: 269 minecraft:entity.hostile.swim net.minecraft.util.SoundEvent@387bf2d9
[01:00:25] [Server thread/TRACE] [FML]:   Registry: 270 minecraft:entity.husk.ambient net.minecraft.util.SoundEvent@74aa9c72
[01:00:25] [Server thread/TRACE] [FML]:   Registry: 271 minecraft:entity.husk.death net.minecraft.util.SoundEvent@5c20aab9
[01:00:25] [Server thread/TRACE] [FML]:   Registry: 272 minecraft:entity.husk.hurt net.minecraft.util.SoundEvent@4b7c4456
[01:00:25] [Server thread/TRACE] [FML]:   Registry: 273 minecraft:entity.husk.step net.minecraft.util.SoundEvent@2c768ada
[01:00:25] [Server thread/TRACE] [FML]:   Registry: 274 minecraft:entity.illusion_illager.ambient net.minecraft.util.SoundEvent@c1fca2a
[01:00:25] [Server thread/TRACE] [FML]:   Registry: 275 minecraft:entity.illusion_illager.cast_spell net.minecraft.util.SoundEvent@5533dc72
[01:00:25] [Server thread/TRACE] [FML]:   Registry: 276 minecraft:entity.illusion_illager.death net.minecraft.util.SoundEvent@7c447c76
[01:00:25] [Server thread/TRACE] [FML]:   Registry: 277 minecraft:entity.illusion_illager.hurt net.minecraft.util.SoundEvent@64fc097e
[01:00:25] [Server thread/TRACE] [FML]:   Registry: 278 minecraft:entity.illusion_illager.mirror_move net.minecraft.util.SoundEvent@1640c151
[01:00:25] [Server thread/TRACE] [FML]:   Registry: 279 minecraft:entity.illusion_illager.prepare_blindness net.minecraft.util.SoundEvent@5d5b5fa7
[01:00:25] [Server thread/TRACE] [FML]:   Registry: 280 minecraft:entity.illusion_illager.prepare_mirror net.minecraft.util.SoundEvent@2a32fb6
[01:00:25] [Server thread/TRACE] [FML]:   Registry: 281 minecraft:entity.irongolem.attack net.minecraft.util.SoundEvent@6107165
[01:00:25] [Server thread/TRACE] [FML]:   Registry: 282 minecraft:entity.irongolem.death net.minecraft.util.SoundEvent@164a62bf
[01:00:25] [Server thread/TRACE] [FML]:   Registry: 283 minecraft:entity.irongolem.hurt net.minecraft.util.SoundEvent@11ebb1b6
[01:00:25] [Server thread/TRACE] [FML]:   Registry: 284 minecraft:entity.irongolem.step net.minecraft.util.SoundEvent@aaee2a2
[01:00:25] [Server thread/TRACE] [FML]:   Registry: 285 minecraft:entity.item.break net.minecraft.util.SoundEvent@f3021cb
[01:00:25] [Server thread/TRACE] [FML]:   Registry: 286 minecraft:entity.item.pickup net.minecraft.util.SoundEvent@4aaae508
[01:00:25] [Server thread/TRACE] [FML]:   Registry: 287 minecraft:entity.itemframe.add_item net.minecraft.util.SoundEvent@6009bea
[01:00:25] [Server thread/TRACE] [FML]:   Registry: 288 minecraft:entity.itemframe.break net.minecraft.util.SoundEvent@7bc6d27a
[01:00:25] [Server thread/TRACE] [FML]:   Registry: 289 minecraft:entity.itemframe.place net.minecraft.util.SoundEvent@75769ab0
[01:00:25] [Server thread/TRACE] [FML]:   Registry: 290 minecraft:entity.itemframe.remove_item net.minecraft.util.SoundEvent@6869a3b3
[01:00:25] [Server thread/TRACE] [FML]:   Registry: 291 minecraft:entity.itemframe.rotate_item net.minecraft.util.SoundEvent@6ab4ba9f
[01:00:25] [Server thread/TRACE] [FML]:   Registry: 292 minecraft:entity.leashknot.break net.minecraft.util.SoundEvent@27ace0b1
[01:00:25] [Server thread/TRACE] [FML]:   Registry: 293 minecraft:entity.leashknot.place net.minecraft.util.SoundEvent@664e5dee
[01:00:25] [Server thread/TRACE] [FML]:   Registry: 294 minecraft:entity.lightning.impact net.minecraft.util.SoundEvent@431f1eaf
[01:00:25] [Server thread/TRACE] [FML]:   Registry: 295 minecraft:entity.lightning.thunder net.minecraft.util.SoundEvent@cb03411
[01:00:25] [Server thread/TRACE] [FML]:   Registry: 296 minecraft:entity.lingeringpotion.throw net.minecraft.util.SoundEvent@4c59e45e
[01:00:25] [Server thread/TRACE] [FML]:   Registry: 297 minecraft:entity.llama.ambient net.minecraft.util.SoundEvent@58ec7116
[01:00:25] [Server thread/TRACE] [FML]:   Registry: 298 minecraft:entity.llama.angry net.minecraft.util.SoundEvent@63bde6c2
[01:00:25] [Server thread/TRACE] [FML]:   Registry: 299 minecraft:entity.llama.chest net.minecraft.util.SoundEvent@6ea04618
[01:00:25] [Server thread/TRACE] [FML]:   Registry: 300 minecraft:entity.llama.death net.minecraft.util.SoundEvent@6dd82486
[01:00:25] [Server thread/TRACE] [FML]:   Registry: 301 minecraft:entity.llama.eat net.minecraft.util.SoundEvent@56078cea
[01:00:25] [Server thread/TRACE] [FML]:   Registry: 302 minecraft:entity.llama.hurt net.minecraft.util.SoundEvent@5a00eb1e
[01:00:25] [Server thread/TRACE] [FML]:   Registry: 303 minecraft:entity.llama.spit net.minecraft.util.SoundEvent@36fcf6c0
[01:00:25] [Server thread/TRACE] [FML]:   Registry: 304 minecraft:entity.llama.step net.minecraft.util.SoundEvent@1aac188d
[01:00:25] [Server thread/TRACE] [FML]:   Registry: 305 minecraft:entity.llama.swag net.minecraft.util.SoundEvent@7026b7ee
[01:00:25] [Server thread/TRACE] [FML]:   Registry: 306 minecraft:entity.magmacube.death net.minecraft.util.SoundEvent@2d23faef
[01:00:25] [Server thread/TRACE] [FML]:   Registry: 307 minecraft:entity.magmacube.hurt net.minecraft.util.SoundEvent@7cb8437d
[01:00:25] [Server thread/TRACE] [FML]:   Registry: 308 minecraft:entity.magmacube.jump net.minecraft.util.SoundEvent@62a4417
[01:00:25] [Server thread/TRACE] [FML]:   Registry: 309 minecraft:entity.magmacube.squish net.minecraft.util.SoundEvent@43f61afb
[01:00:25] [Server thread/TRACE] [FML]:   Registry: 310 minecraft:entity.minecart.inside net.minecraft.util.SoundEvent@713064e8
[01:00:25] [Server thread/TRACE] [FML]:   Registry: 311 minecraft:entity.minecart.riding net.minecraft.util.SoundEvent@4fad6218
[01:00:25] [Server thread/TRACE] [FML]:   Registry: 312 minecraft:entity.mooshroom.shear net.minecraft.util.SoundEvent@1bf39d06
[01:00:25] [Server thread/TRACE] [FML]:   Registry: 313 minecraft:entity.mule.ambient net.minecraft.util.SoundEvent@68217d41
[01:00:25] [Server thread/TRACE] [FML]:   Registry: 314 minecraft:entity.mule.chest net.minecraft.util.SoundEvent@1ac45389
[01:00:25] [Server thread/TRACE] [FML]:   Registry: 315 minecraft:entity.mule.death net.minecraft.util.SoundEvent@3e5d4f6b
[01:00:25] [Server thread/TRACE] [FML]:   Registry: 316 minecraft:entity.mule.hurt net.minecraft.util.SoundEvent@39c1fe0b
[01:00:25] [Server thread/TRACE] [FML]:   Registry: 317 minecraft:entity.painting.break net.minecraft.util.SoundEvent@5ae95707
[01:00:25] [Server thread/TRACE] [FML]:   Registry: 318 minecraft:entity.painting.place net.minecraft.util.SoundEvent@62891fc8
[01:00:25] [Server thread/TRACE] [FML]:   Registry: 319 minecraft:entity.parrot.ambient net.minecraft.util.SoundEvent@367b22e5
[01:00:25] [Server thread/TRACE] [FML]:   Registry: 320 minecraft:entity.parrot.death net.minecraft.util.SoundEvent@fca387
[01:00:25] [Server thread/TRACE] [FML]:   Registry: 321 minecraft:entity.parrot.eat net.minecraft.util.SoundEvent@10bd9df0
[01:00:25] [Server thread/TRACE] [FML]:   Registry: 322 minecraft:entity.parrot.fly net.minecraft.util.SoundEvent@3ae0b770
[01:00:25] [Server thread/TRACE] [FML]:   Registry: 323 minecraft:entity.parrot.hurt net.minecraft.util.SoundEvent@55e3d6c3
[01:00:25] [Server thread/TRACE] [FML]:   Registry: 324 minecraft:entity.parrot.imitate.blaze net.minecraft.util.SoundEvent@30e6a763
[01:00:25] [Server thread/TRACE] [FML]:   Registry: 325 minecraft:entity.parrot.imitate.creeper net.minecraft.util.SoundEvent@4c48fe92
[01:00:25] [Server thread/TRACE] [FML]:   Registry: 326 minecraft:entity.parrot.imitate.elder_guardian net.minecraft.util.SoundEvent@732c9b5c
[01:00:25] [Server thread/TRACE] [FML]:   Registry: 327 minecraft:entity.parrot.imitate.enderdragon net.minecraft.util.SoundEvent@38320e34
[01:00:25] [Server thread/TRACE] [FML]:   Registry: 328 minecraft:entity.parrot.imitate.enderman net.minecraft.util.SoundEvent@3d6a6bee
[01:00:25] [Server thread/TRACE] [FML]:   Registry: 329 minecraft:entity.parrot.imitate.endermite net.minecraft.util.SoundEvent@36ddaebf
[01:00:25] [Server thread/TRACE] [FML]:   Registry: 330 minecraft:entity.parrot.imitate.evocation_illager net.minecraft.util.SoundEvent@213c3543
[01:00:25] [Server thread/TRACE] [FML]:   Registry: 331 minecraft:entity.parrot.imitate.ghast net.minecraft.util.SoundEvent@9d7ccfe
[01:00:25] [Server thread/TRACE] [FML]:   Registry: 332 minecraft:entity.parrot.imitate.husk net.minecraft.util.SoundEvent@670ce331
[01:00:25] [Server thread/TRACE] [FML]:   Registry: 333 minecraft:entity.parrot.imitate.illusion_illager net.minecraft.util.SoundEvent@3cff0139
[01:00:25] [Server thread/TRACE] [FML]:   Registry: 334 minecraft:entity.parrot.imitate.magmacube net.minecraft.util.SoundEvent@7c29adc8
[01:00:25] [Server thread/TRACE] [FML]:   Registry: 335 minecraft:entity.parrot.imitate.polar_bear net.minecraft.util.SoundEvent@4b2e3e8f
[01:00:25] [Server thread/TRACE] [FML]:   Registry: 336 minecraft:entity.parrot.imitate.shulker net.minecraft.util.SoundEvent@4bbb49b0
[01:00:25] [Server thread/TRACE] [FML]:   Registry: 337 minecraft:entity.parrot.imitate.silverfish net.minecraft.util.SoundEvent@f096f37
[01:00:25] [Server thread/TRACE] [FML]:   Registry: 338 minecraft:entity.parrot.imitate.skeleton net.minecraft.util.SoundEvent@3effd4f3
[01:00:25] [Server thread/TRACE] [FML]:   Registry: 339 minecraft:entity.parrot.imitate.slime net.minecraft.util.SoundEvent@41f4fe5
[01:00:25] [Server thread/TRACE] [FML]:   Registry: 340 minecraft:entity.parrot.imitate.spider net.minecraft.util.SoundEvent@15f8701f
[01:00:25] [Server thread/TRACE] [FML]:   Registry: 341 minecraft:entity.parrot.imitate.stray net.minecraft.util.SoundEvent@514cd540
[01:00:25] [Server thread/TRACE] [FML]:   Registry: 342 minecraft:entity.parrot.imitate.vex net.minecraft.util.SoundEvent@11d4dbd6
[01:00:25] [Server thread/TRACE] [FML]:   Registry: 343 minecraft:entity.parrot.imitate.vindication_illager net.minecraft.util.SoundEvent@6f4ade6e
[01:00:25] [Server thread/TRACE] [FML]:   Registry: 344 minecraft:entity.parrot.imitate.witch net.minecraft.util.SoundEvent@39e43310
[01:00:25] [Server thread/TRACE] [FML]:   Registry: 345 minecraft:entity.parrot.imitate.wither net.minecraft.util.SoundEvent@eb507b9
[01:00:25] [Server thread/TRACE] [FML]:   Registry: 346 minecraft:entity.parrot.imitate.wither_skeleton net.minecraft.util.SoundEvent@390877d2
[01:00:25] [Server thread/TRACE] [FML]:   Registry: 347 minecraft:entity.parrot.imitate.wolf net.minecraft.util.SoundEvent@86733
[01:00:25] [Server thread/TRACE] [FML]:   Registry: 348 minecraft:entity.parrot.imitate.zombie net.minecraft.util.SoundEvent@186cb891
[01:00:25] [Server thread/TRACE] [FML]:   Registry: 349 minecraft:entity.parrot.imitate.zombie_pigman net.minecraft.util.SoundEvent@3ec2ecea
[01:00:25] [Server thread/TRACE] [FML]:   Registry: 350 minecraft:entity.parrot.imitate.zombie_villager net.minecraft.util.SoundEvent@440eaa07
[01:00:25] [Server thread/TRACE] [FML]:   Registry: 351 minecraft:entity.parrot.step net.minecraft.util.SoundEvent@7fc7c4a
[01:00:25] [Server thread/TRACE] [FML]:   Registry: 352 minecraft:entity.pig.ambient net.minecraft.util.SoundEvent@7aa9e414
[01:00:25] [Server thread/TRACE] [FML]:   Registry: 353 minecraft:entity.pig.death net.minecraft.util.SoundEvent@53a5e217
[01:00:25] [Server thread/TRACE] [FML]:   Registry: 354 minecraft:entity.pig.hurt net.minecraft.util.SoundEvent@624a24f6
[01:00:25] [Server thread/TRACE] [FML]:   Registry: 355 minecraft:entity.pig.saddle net.minecraft.util.SoundEvent@6b00ad9
[01:00:25] [Server thread/TRACE] [FML]:   Registry: 356 minecraft:entity.pig.step net.minecraft.util.SoundEvent@338cc75f
[01:00:25] [Server thread/TRACE] [FML]:   Registry: 357 minecraft:entity.player.attack.crit net.minecraft.util.SoundEvent@4f453e63
[01:00:25] [Server thread/TRACE] [FML]:   Registry: 358 minecraft:entity.player.attack.knockback net.minecraft.util.SoundEvent@7c9bdee9
[01:00:25] [Server thread/TRACE] [FML]:   Registry: 359 minecraft:entity.player.attack.nodamage net.minecraft.util.SoundEvent@7afbf561
[01:00:25] [Server thread/TRACE] [FML]:   Registry: 360 minecraft:entity.player.attack.strong net.minecraft.util.SoundEvent@2f98635e
[01:00:25] [Server thread/TRACE] [FML]:   Registry: 361 minecraft:entity.player.attack.sweep net.minecraft.util.SoundEvent@49c8f6e8
[01:00:25] [Server thread/TRACE] [FML]:   Registry: 362 minecraft:entity.player.attack.weak net.minecraft.util.SoundEvent@6b0615ae
[01:00:25] [Server thread/TRACE] [FML]:   Registry: 363 minecraft:entity.player.big_fall net.minecraft.util.SoundEvent@4e73b552
[01:00:25] [Server thread/TRACE] [FML]:   Registry: 364 minecraft:entity.player.breath net.minecraft.util.SoundEvent@221dad51
[01:00:25] [Server thread/TRACE] [FML]:   Registry: 365 minecraft:entity.player.burp net.minecraft.util.SoundEvent@2cec704c
[01:00:25] [Server thread/TRACE] [FML]:   Registry: 366 minecraft:entity.player.death net.minecraft.util.SoundEvent@771cbb1a
[01:00:25] [Server thread/TRACE] [FML]:   Registry: 367 minecraft:entity.player.hurt net.minecraft.util.SoundEvent@2416498e
[01:00:25] [Server thread/TRACE] [FML]:   Registry: 368 minecraft:entity.player.hurt_drown net.minecraft.util.SoundEvent@6b2e0f78
[01:00:25] [Server thread/TRACE] [FML]:   Registry: 369 minecraft:entity.player.hurt_on_fire net.minecraft.util.SoundEvent@240f6c41
[01:00:25] [Server thread/TRACE] [FML]:   Registry: 370 minecraft:entity.player.levelup net.minecraft.util.SoundEvent@3659d7b1
[01:00:25] [Server thread/TRACE] [FML]:   Registry: 371 minecraft:entity.player.small_fall net.minecraft.util.SoundEvent@2015b2cd
[01:00:25] [Server thread/TRACE] [FML]:   Registry: 372 minecraft:entity.player.splash net.minecraft.util.SoundEvent@3bdb2c78
[01:00:25] [Server thread/TRACE] [FML]:   Registry: 373 minecraft:entity.player.swim net.minecraft.util.SoundEvent@64693226
[01:00:25] [Server thread/TRACE] [FML]:   Registry: 374 minecraft:entity.polar_bear.ambient net.minecraft.util.SoundEvent@1c758545
[01:00:25] [Server thread/TRACE] [FML]:   Registry: 375 minecraft:entity.polar_bear.baby_ambient net.minecraft.util.SoundEvent@117bcfdc
[01:00:25] [Server thread/TRACE] [FML]:   Registry: 376 minecraft:entity.polar_bear.death net.minecraft.util.SoundEvent@73a19967
[01:00:25] [Server thread/TRACE] [FML]:   Registry: 377 minecraft:entity.polar_bear.hurt net.minecraft.util.SoundEvent@5e746d37
[01:00:25] [Server thread/TRACE] [FML]:   Registry: 378 minecraft:entity.polar_bear.step net.minecraft.util.SoundEvent@6e1b9411
[01:00:25] [Server thread/TRACE] [FML]:   Registry: 379 minecraft:entity.polar_bear.warning net.minecraft.util.SoundEvent@21d1b321
[01:00:25] [Server thread/TRACE] [FML]:   Registry: 380 minecraft:entity.rabbit.ambient net.minecraft.util.SoundEvent@5ec46cdd
[01:00:25] [Server thread/TRACE] [FML]:   Registry: 381 minecraft:entity.rabbit.attack net.minecraft.util.SoundEvent@2324bfe7
[01:00:25] [Server thread/TRACE] [FML]:   Registry: 382 minecraft:entity.rabbit.death net.minecraft.util.SoundEvent@112d1c8e
[01:00:25] [Server thread/TRACE] [FML]:   Registry: 383 minecraft:entity.rabbit.hurt net.minecraft.util.SoundEvent@3d49fd31
[01:00:25] [Server thread/TRACE] [FML]:   Registry: 384 minecraft:entity.rabbit.jump net.minecraft.util.SoundEvent@4016ccc1
[01:00:25] [Server thread/TRACE] [FML]:   Registry: 385 minecraft:entity.sheep.ambient net.minecraft.util.SoundEvent@46cb98a3
[01:00:25] [Server thread/TRACE] [FML]:   Registry: 386 minecraft:entity.sheep.death net.minecraft.util.SoundEvent@3ffb3598
[01:00:25] [Server thread/TRACE] [FML]:   Registry: 387 minecraft:entity.sheep.hurt net.minecraft.util.SoundEvent@4da9f723
[01:00:25] [Server thread/TRACE] [FML]:   Registry: 388 minecraft:entity.sheep.shear net.minecraft.util.SoundEvent@3b2f4a93
[01:00:25] [Server thread/TRACE] [FML]:   Registry: 389 minecraft:entity.sheep.step net.minecraft.util.SoundEvent@213bd3d5
[01:00:25] [Server thread/TRACE] [FML]:   Registry: 390 minecraft:entity.shulker.ambient net.minecraft.util.SoundEvent@470a659f
[01:00:25] [Server thread/TRACE] [FML]:   Registry: 391 minecraft:entity.shulker.close net.minecraft.util.SoundEvent@451882b2
[01:00:25] [Server thread/TRACE] [FML]:   Registry: 392 minecraft:entity.shulker.death net.minecraft.util.SoundEvent@4a23350
[01:00:25] [Server thread/TRACE] [FML]:   Registry: 393 minecraft:entity.shulker.hurt net.minecraft.util.SoundEvent@7b78ed6a
[01:00:25] [Server thread/TRACE] [FML]:   Registry: 394 minecraft:entity.shulker.hurt_closed net.minecraft.util.SoundEvent@6fca5907
[01:00:25] [Server thread/TRACE] [FML]:   Registry: 395 minecraft:entity.shulker.open net.minecraft.util.SoundEvent@6ec65b5e
[01:00:25] [Server thread/TRACE] [FML]:   Registry: 396 minecraft:entity.shulker.shoot net.minecraft.util.SoundEvent@7bebcd65
[01:00:25] [Server thread/TRACE] [FML]:   Registry: 397 minecraft:entity.shulker.teleport net.minecraft.util.SoundEvent@47447ccf
[01:00:25] [Server thread/TRACE] [FML]:   Registry: 398 minecraft:entity.shulker_bullet.hit net.minecraft.util.SoundEvent@7afb1741
[01:00:25] [Server thread/TRACE] [FML]:   Registry: 399 minecraft:entity.shulker_bullet.hurt net.minecraft.util.SoundEvent@263bbfeb
[01:00:25] [Server thread/TRACE] [FML]:   Registry: 400 minecraft:entity.silverfish.ambient net.minecraft.util.SoundEvent@31edeac
[01:00:25] [Server thread/TRACE] [FML]:   Registry: 401 minecraft:entity.silverfish.death net.minecraft.util.SoundEvent@67d86804
[01:00:25] [Server thread/TRACE] [FML]:   Registry: 402 minecraft:entity.silverfish.hurt net.minecraft.util.SoundEvent@45bb2aa1
[01:00:25] [Server thread/TRACE] [FML]:   Registry: 403 minecraft:entity.silverfish.step net.minecraft.util.SoundEvent@3e84111a
[01:00:25] [Server thread/TRACE] [FML]:   Registry: 404 minecraft:entity.skeleton.ambient net.minecraft.util.SoundEvent@4b1a43d8
[01:00:25] [Server thread/TRACE] [FML]:   Registry: 405 minecraft:entity.skeleton.death net.minecraft.util.SoundEvent@6fa69af7
[01:00:25] [Server thread/TRACE] [FML]:   Registry: 406 minecraft:entity.skeleton.hurt net.minecraft.util.SoundEvent@73545b80
[01:00:25] [Server thread/TRACE] [FML]:   Registry: 407 minecraft:entity.skeleton.shoot net.minecraft.util.SoundEvent@6d469831
[01:00:25] [Server thread/TRACE] [FML]:   Registry: 408 minecraft:entity.skeleton.step net.minecraft.util.SoundEvent@74db12c2
[01:00:25] [Server thread/TRACE] [FML]:   Registry: 409 minecraft:entity.skeleton_horse.ambient net.minecraft.util.SoundEvent@2ff15f8c
[01:00:25] [Server thread/TRACE] [FML]:   Registry: 410 minecraft:entity.skeleton_horse.death net.minecraft.util.SoundEvent@7ea899a9
[01:00:25] [Server thread/TRACE] [FML]:   Registry: 411 minecraft:entity.skeleton_horse.hurt net.minecraft.util.SoundEvent@2776015d
[01:00:25] [Server thread/TRACE] [FML]:   Registry: 412 minecraft:entity.slime.attack net.minecraft.util.SoundEvent@b174a73
[01:00:25] [Server thread/TRACE] [FML]:   Registry: 413 minecraft:entity.slime.death net.minecraft.util.SoundEvent@2e3f79a2
[01:00:25] [Server thread/TRACE] [FML]:   Registry: 414 minecraft:entity.slime.hurt net.minecraft.util.SoundEvent@1460c81d
[01:00:25] [Server thread/TRACE] [FML]:   Registry: 415 minecraft:entity.slime.jump net.minecraft.util.SoundEvent@38b5f25
[01:00:25] [Server thread/TRACE] [FML]:   Registry: 416 minecraft:entity.slime.squish net.minecraft.util.SoundEvent@327ed9f5
[01:00:25] [Server thread/TRACE] [FML]:   Registry: 417 minecraft:entity.small_magmacube.death net.minecraft.util.SoundEvent@67594471
[01:00:25] [Server thread/TRACE] [FML]:   Registry: 418 minecraft:entity.small_magmacube.hurt net.minecraft.util.SoundEvent@756b58a7
[01:00:25] [Server thread/TRACE] [FML]:   Registry: 419 minecraft:entity.small_magmacube.squish net.minecraft.util.SoundEvent@2cc04358
[01:00:25] [Server thread/TRACE] [FML]:   Registry: 420 minecraft:entity.small_slime.death net.minecraft.util.SoundEvent@68b58644
[01:00:25] [Server thread/TRACE] [FML]:   Registry: 421 minecraft:entity.small_slime.hurt net.minecraft.util.SoundEvent@45e22def
[01:00:25] [Server thread/TRACE] [FML]:   Registry: 422 minecraft:entity.small_slime.jump net.minecraft.util.SoundEvent@6ae3fb94
[01:00:25] [Server thread/TRACE] [FML]:   Registry: 423 minecraft:entity.small_slime.squish net.minecraft.util.SoundEvent@4417af13
[01:00:25] [Server thread/TRACE] [FML]:   Registry: 424 minecraft:entity.snowball.throw net.minecraft.util.SoundEvent@d48673
[01:00:25] [Server thread/TRACE] [FML]:   Registry: 425 minecraft:entity.snowman.ambient net.minecraft.util.SoundEvent@548d5ed3
[01:00:25] [Server thread/TRACE] [FML]:   Registry: 426 minecraft:entity.snowman.death net.minecraft.util.SoundEvent@21c7208d
[01:00:25] [Server thread/TRACE] [FML]:   Registry: 427 minecraft:entity.snowman.hurt net.minecraft.util.SoundEvent@58516c91
[01:00:25] [Server thread/TRACE] [FML]:   Registry: 428 minecraft:entity.snowman.shoot net.minecraft.util.SoundEvent@7c129ef6
[01:00:25] [Server thread/TRACE] [FML]:   Registry: 429 minecraft:entity.spider.ambient net.minecraft.util.SoundEvent@42d73c61
[01:00:25] [Server thread/TRACE] [FML]:   Registry: 430 minecraft:entity.spider.death net.minecraft.util.SoundEvent@5a8cbffe
[01:00:25] [Server thread/TRACE] [FML]:   Registry: 431 minecraft:entity.spider.hurt net.minecraft.util.SoundEvent@96a75da
[01:00:25] [Server thread/TRACE] [FML]:   Registry: 432 minecraft:entity.spider.step net.minecraft.util.SoundEvent@61e7bf2f
[01:00:25] [Server thread/TRACE] [FML]:   Registry: 433 minecraft:entity.splash_potion.break net.minecraft.util.SoundEvent@1a28b346
[01:00:25] [Server thread/TRACE] [FML]:   Registry: 434 minecraft:entity.splash_potion.throw net.minecraft.util.SoundEvent@25e49cb2
[01:00:25] [Server thread/TRACE] [FML]:   Registry: 435 minecraft:entity.squid.ambient net.minecraft.util.SoundEvent@7f7af971
[01:00:25] [Server thread/TRACE] [FML]:   Registry: 436 minecraft:entity.squid.death net.minecraft.util.SoundEvent@23382f76
[01:00:25] [Server thread/TRACE] [FML]:   Registry: 437 minecraft:entity.squid.hurt net.minecraft.util.SoundEvent@7c551ad4
[01:00:25] [Server thread/TRACE] [FML]:   Registry: 438 minecraft:entity.stray.ambient net.minecraft.util.SoundEvent@7d5508e0
[01:00:25] [Server thread/TRACE] [FML]:   Registry: 439 minecraft:entity.stray.death net.minecraft.util.SoundEvent@554cd74a
[01:00:25] [Server thread/TRACE] [FML]:   Registry: 440 minecraft:entity.stray.hurt net.minecraft.util.SoundEvent@37ed010a
[01:00:25] [Server thread/TRACE] [FML]:   Registry: 441 minecraft:entity.stray.step net.minecraft.util.SoundEvent@633a2e99
[01:00:25] [Server thread/TRACE] [FML]:   Registry: 442 minecraft:entity.tnt.primed net.minecraft.util.SoundEvent@367d2816
[01:00:25] [Server thread/TRACE] [FML]:   Registry: 443 minecraft:entity.vex.ambient net.minecraft.util.SoundEvent@5b84f14
[01:00:25] [Server thread/TRACE] [FML]:   Registry: 444 minecraft:entity.vex.charge net.minecraft.util.SoundEvent@5a82ebf8
[01:00:25] [Server thread/TRACE] [FML]:   Registry: 445 minecraft:entity.vex.death net.minecraft.util.SoundEvent@68fe48d7
[01:00:25] [Server thread/TRACE] [FML]:   Registry: 446 minecraft:entity.vex.hurt net.minecraft.util.SoundEvent@379ce046
[01:00:25] [Server thread/TRACE] [FML]:   Registry: 447 minecraft:entity.villager.ambient net.minecraft.util.SoundEvent@701bc94e
[01:00:25] [Server thread/TRACE] [FML]:   Registry: 448 minecraft:entity.villager.death net.minecraft.util.SoundEvent@3d8b319e
[01:00:25] [Server thread/TRACE] [FML]:   Registry: 449 minecraft:entity.villager.hurt net.minecraft.util.SoundEvent@27a97e08
[01:00:25] [Server thread/TRACE] [FML]:   Registry: 450 minecraft:entity.villager.no net.minecraft.util.SoundEvent@77e7246b
[01:00:25] [Server thread/TRACE] [FML]:   Registry: 451 minecraft:entity.villager.trading net.minecraft.util.SoundEvent@5918c260
[01:00:25] [Server thread/TRACE] [FML]:   Registry: 452 minecraft:entity.villager.yes net.minecraft.util.SoundEvent@3d7b1f1c
[01:00:25] [Server thread/TRACE] [FML]:   Registry: 453 minecraft:entity.vindication_illager.ambient net.minecraft.util.SoundEvent@51ce6f85
[01:00:25] [Server thread/TRACE] [FML]:   Registry: 454 minecraft:entity.vindication_illager.death net.minecraft.util.SoundEvent@1f44ddab
[01:00:25] [Server thread/TRACE] [FML]:   Registry: 455 minecraft:entity.vindication_illager.hurt net.minecraft.util.SoundEvent@5017e1
[01:00:25] [Server thread/TRACE] [FML]:   Registry: 456 minecraft:entity.witch.ambient net.minecraft.util.SoundEvent@65b66b08
[01:00:25] [Server thread/TRACE] [FML]:   Registry: 457 minecraft:entity.witch.death net.minecraft.util.SoundEvent@4726927c
[01:00:25] [Server thread/TRACE] [FML]:   Registry: 458 minecraft:entity.witch.drink net.minecraft.util.SoundEvent@7eb6b6b6
[01:00:25] [Server thread/TRACE] [FML]:   Registry: 459 minecraft:entity.witch.hurt net.minecraft.util.SoundEvent@7ed9499e
[01:00:25] [Server thread/TRACE] [FML]:   Registry: 460 minecraft:entity.witch.throw net.minecraft.util.SoundEvent@28e19366
[01:00:25] [Server thread/TRACE] [FML]:   Registry: 461 minecraft:entity.wither.ambient net.minecraft.util.SoundEvent@5b275174
[01:00:25] [Server thread/TRACE] [FML]:   Registry: 462 minecraft:entity.wither.break_block net.minecraft.util.SoundEvent@10ef5fa0
[01:00:25] [Server thread/TRACE] [FML]:   Registry: 463 minecraft:entity.wither.death net.minecraft.util.SoundEvent@244e619a
[01:00:25] [Server thread/TRACE] [FML]:   Registry: 464 minecraft:entity.wither.hurt net.minecraft.util.SoundEvent@10acd6
[01:00:25] [Server thread/TRACE] [FML]:   Registry: 465 minecraft:entity.wither.shoot net.minecraft.util.SoundEvent@61dde151
[01:00:25] [Server thread/TRACE] [FML]:   Registry: 466 minecraft:entity.wither.spawn net.minecraft.util.SoundEvent@b25b095
[01:00:25] [Server thread/TRACE] [FML]:   Registry: 467 minecraft:entity.wither_skeleton.ambient net.minecraft.util.SoundEvent@5cb042da
[01:00:25] [Server thread/TRACE] [FML]:   Registry: 468 minecraft:entity.wither_skeleton.death net.minecraft.util.SoundEvent@59c33386
[01:00:25] [Server thread/TRACE] [FML]:   Registry: 469 minecraft:entity.wither_skeleton.hurt net.minecraft.util.SoundEvent@571a9686
[01:00:25] [Server thread/TRACE] [FML]:   Registry: 470 minecraft:entity.wither_skeleton.step net.minecraft.util.SoundEvent@719d35e8
[01:00:25] [Server thread/TRACE] [FML]:   Registry: 471 minecraft:entity.wolf.ambient net.minecraft.util.SoundEvent@2f651f93
[01:00:25] [Server thread/TRACE] [FML]:   Registry: 472 minecraft:entity.wolf.death net.minecraft.util.SoundEvent@6ffa56fa
[01:00:25] [Server thread/TRACE] [FML]:   Registry: 473 minecraft:entity.wolf.growl net.minecraft.util.SoundEvent@6c575325
[01:00:25] [Server thread/TRACE] [FML]:   Registry: 474 minecraft:entity.wolf.howl net.minecraft.util.SoundEvent@747d1932
[01:00:25] [Server thread/TRACE] [FML]:   Registry: 475 minecraft:entity.wolf.hurt net.minecraft.util.SoundEvent@736309a9
[01:00:25] [Server thread/TRACE] [FML]:   Registry: 476 minecraft:entity.wolf.pant net.minecraft.util.SoundEvent@4e93dcb9
[01:00:25] [Server thread/TRACE] [FML]:   Registry: 477 minecraft:entity.wolf.shake net.minecraft.util.SoundEvent@188b6035
[01:00:25] [Server thread/TRACE] [FML]:   Registry: 478 minecraft:entity.wolf.step net.minecraft.util.SoundEvent@4a34e9f
[01:00:25] [Server thread/TRACE] [FML]:   Registry: 479 minecraft:entity.wolf.whine net.minecraft.util.SoundEvent@6f6621e3
[01:00:25] [Server thread/TRACE] [FML]:   Registry: 480 minecraft:entity.zombie.ambient net.minecraft.util.SoundEvent@3fc05ea2
[01:00:25] [Server thread/TRACE] [FML]:   Registry: 481 minecraft:entity.zombie.attack_door_wood net.minecraft.util.SoundEvent@7c891ba7
[01:00:25] [Server thread/TRACE] [FML]:   Registry: 482 minecraft:entity.zombie.attack_iron_door net.minecraft.util.SoundEvent@6240651f
[01:00:25] [Server thread/TRACE] [FML]:   Registry: 483 minecraft:entity.zombie.break_door_wood net.minecraft.util.SoundEvent@3cf7298d
[01:00:25] [Server thread/TRACE] [FML]:   Registry: 484 minecraft:entity.zombie.death net.minecraft.util.SoundEvent@1ff55ff
[01:00:25] [Server thread/TRACE] [FML]:   Registry: 485 minecraft:entity.zombie.hurt net.minecraft.util.SoundEvent@351f2244
[01:00:25] [Server thread/TRACE] [FML]:   Registry: 486 minecraft:entity.zombie.infect net.minecraft.util.SoundEvent@5496c165
[01:00:25] [Server thread/TRACE] [FML]:   Registry: 487 minecraft:entity.zombie.step net.minecraft.util.SoundEvent@51a8313b
[01:00:25] [Server thread/TRACE] [FML]:   Registry: 488 minecraft:entity.zombie_horse.ambient net.minecraft.util.SoundEvent@2a03d65c
[01:00:25] [Server thread/TRACE] [FML]:   Registry: 489 minecraft:entity.zombie_horse.death net.minecraft.util.SoundEvent@6642dc5a
[01:00:25] [Server thread/TRACE] [FML]:   Registry: 490 minecraft:entity.zombie_horse.hurt net.minecraft.util.SoundEvent@43da41e
[01:00:25] [Server thread/TRACE] [FML]:   Registry: 491 minecraft:entity.zombie_pig.ambient net.minecraft.util.SoundEvent@148c7c4b
[01:00:25] [Server thread/TRACE] [FML]:   Registry: 492 minecraft:entity.zombie_pig.angry net.minecraft.util.SoundEvent@2009f9b0
[01:00:25] [Server thread/TRACE] [FML]:   Registry: 493 minecraft:entity.zombie_pig.death net.minecraft.util.SoundEvent@50d951e7
[01:00:25] [Server thread/TRACE] [FML]:   Registry: 494 minecraft:entity.zombie_pig.hurt net.minecraft.util.SoundEvent@39ad12b6
[01:00:25] [Server thread/TRACE] [FML]:   Registry: 495 minecraft:entity.zombie_villager.ambient net.minecraft.util.SoundEvent@4eb45fec
[01:00:25] [Server thread/TRACE] [FML]:   Registry: 496 minecraft:entity.zombie_villager.converted net.minecraft.util.SoundEvent@211febf3
[01:00:25] [Server thread/TRACE] [FML]:   Registry: 497 minecraft:entity.zombie_villager.cure net.minecraft.util.SoundEvent@3bd3d05e
[01:00:25] [Server thread/TRACE] [FML]:   Registry: 498 minecraft:entity.zombie_villager.death net.minecraft.util.SoundEvent@6aba5d30
[01:00:25] [Server thread/TRACE] [FML]:   Registry: 499 minecraft:entity.zombie_villager.hurt net.minecraft.util.SoundEvent@61d34b4
[01:00:25] [Server thread/TRACE] [FML]:   Registry: 500 minecraft:entity.zombie_villager.step net.minecraft.util.SoundEvent@588307f7
[01:00:25] [Server thread/TRACE] [FML]:   Registry: 501 minecraft:item.armor.equip_chain net.minecraft.util.SoundEvent@7df76d99
[01:00:25] [Server thread/TRACE] [FML]:   Registry: 502 minecraft:item.armor.equip_diamond net.minecraft.util.SoundEvent@459cfcca
[01:00:25] [Server thread/TRACE] [FML]:   Registry: 503 minecraft:item.armor.equip_elytra net.minecraft.util.SoundEvent@2acbc859
[01:00:25] [Server thread/TRACE] [FML]:   Registry: 504 minecraft:item.armor.equip_generic net.minecraft.util.SoundEvent@6ab7ce48
[01:00:25] [Server thread/TRACE] [FML]:   Registry: 505 minecraft:item.armor.equip_gold net.minecraft.util.SoundEvent@2c6aed22
[01:00:25] [Server thread/TRACE] [FML]:   Registry: 506 minecraft:item.armor.equip_iron net.minecraft.util.SoundEvent@e322ec9
[01:00:25] [Server thread/TRACE] [FML]:   Registry: 507 minecraft:item.armor.equip_leather net.minecraft.util.SoundEvent@7acfb656
[01:00:25] [Server thread/TRACE] [FML]:   Registry: 508 minecraft:item.bottle.empty net.minecraft.util.SoundEvent@2e5ee2c9
[01:00:25] [Server thread/TRACE] [FML]:   Registry: 509 minecraft:item.bottle.fill net.minecraft.util.SoundEvent@55a609dd
[01:00:25] [Server thread/TRACE] [FML]:   Registry: 510 minecraft:item.bottle.fill_dragonbreath net.minecraft.util.SoundEvent@4afd21c6
[01:00:25] [Server thread/TRACE] [FML]:   Registry: 511 minecraft:item.bucket.empty net.minecraft.util.SoundEvent@4d0753c9
[01:00:25] [Server thread/TRACE] [FML]:   Registry: 512 minecraft:item.bucket.empty_lava net.minecraft.util.SoundEvent@1416a80a
[01:00:25] [Server thread/TRACE] [FML]:   Registry: 513 minecraft:item.bucket.fill net.minecraft.util.SoundEvent@719bb3b4
[01:00:25] [Server thread/TRACE] [FML]:   Registry: 514 minecraft:item.bucket.fill_lava net.minecraft.util.SoundEvent@52cb4f50
[01:00:25] [Server thread/TRACE] [FML]:   Registry: 515 minecraft:item.chorus_fruit.teleport net.minecraft.util.SoundEvent@25a5c7db
[01:00:25] [Server thread/TRACE] [FML]:   Registry: 516 minecraft:item.elytra.flying net.minecraft.util.SoundEvent@4d27d9d
[01:00:25] [Server thread/TRACE] [FML]:   Registry: 517 minecraft:item.firecharge.use net.minecraft.util.SoundEvent@28f878a0
[01:00:25] [Server thread/TRACE] [FML]:   Registry: 518 minecraft:item.flintandsteel.use net.minecraft.util.SoundEvent@20411320
[01:00:25] [Server thread/TRACE] [FML]:   Registry: 519 minecraft:item.hoe.till net.minecraft.util.SoundEvent@2b5183ec
[01:00:25] [Server thread/TRACE] [FML]:   Registry: 520 minecraft:item.shield.block net.minecraft.util.SoundEvent@3c782d8e
[01:00:25] [Server thread/TRACE] [FML]:   Registry: 521 minecraft:item.shield.break net.minecraft.util.SoundEvent@572e6fd9
[01:00:25] [Server thread/TRACE] [FML]:   Registry: 522 minecraft:item.shovel.flatten net.minecraft.util.SoundEvent@7f5eae0f
[01:00:25] [Server thread/TRACE] [FML]:   Registry: 523 minecraft:item.totem.use net.minecraft.util.SoundEvent@58b71ceb
[01:00:25] [Server thread/TRACE] [FML]:   Registry: 524 minecraft:music.creative net.minecraft.util.SoundEvent@255e5e2e
[01:00:25] [Server thread/TRACE] [FML]:   Registry: 525 minecraft:music.credits net.minecraft.util.SoundEvent@12abdfb
[01:00:25] [Server thread/TRACE] [FML]:   Registry: 526 minecraft:music.dragon net.minecraft.util.SoundEvent@b0e5507
[01:00:25] [Server thread/TRACE] [FML]:   Registry: 527 minecraft:music.end net.minecraft.util.SoundEvent@6bbe50c9
[01:00:25] [Server thread/TRACE] [FML]:   Registry: 528 minecraft:music.game net.minecraft.util.SoundEvent@3c46dcbe
[01:00:25] [Server thread/TRACE] [FML]:   Registry: 529 minecraft:music.menu net.minecraft.util.SoundEvent@68577ba8
[01:00:25] [Server thread/TRACE] [FML]:   Registry: 530 minecraft:music.nether net.minecraft.util.SoundEvent@1108adc8
[01:00:25] [Server thread/TRACE] [FML]:   Registry: 531 minecraft:record.11 net.minecraft.util.SoundEvent@8a98f38
[01:00:25] [Server thread/TRACE] [FML]:   Registry: 532 minecraft:record.13 net.minecraft.util.SoundEvent@20011bf
[01:00:25] [Server thread/TRACE] [FML]:   Registry: 533 minecraft:record.blocks net.minecraft.util.SoundEvent@51d9b06c
[01:00:25] [Server thread/TRACE] [FML]:   Registry: 534 minecraft:record.cat net.minecraft.util.SoundEvent@5eb2172
[01:00:25] [Server thread/TRACE] [FML]:   Registry: 535 minecraft:record.chirp net.minecraft.util.SoundEvent@41ffaeb8
[01:00:25] [Server thread/TRACE] [FML]:   Registry: 536 minecraft:record.far net.minecraft.util.SoundEvent@43f0c2d1
[01:00:25] [Server thread/TRACE] [FML]:   Registry: 537 minecraft:record.mall net.minecraft.util.SoundEvent@5fb65013
[01:00:25] [Server thread/TRACE] [FML]:   Registry: 538 minecraft:record.mellohi net.minecraft.util.SoundEvent@38a1a26
[01:00:25] [Server thread/TRACE] [FML]:   Registry: 539 minecraft:record.stal net.minecraft.util.SoundEvent@3fbcfe81
[01:00:25] [Server thread/TRACE] [FML]:   Registry: 540 minecraft:record.strad net.minecraft.util.SoundEvent@7a1f45ed
[01:00:25] [Server thread/TRACE] [FML]:   Registry: 541 minecraft:record.wait net.minecraft.util.SoundEvent@1744a475
[01:00:25] [Server thread/TRACE] [FML]:   Registry: 542 minecraft:record.ward net.minecraft.util.SoundEvent@444cc791
[01:00:25] [Server thread/TRACE] [FML]:   Registry: 543 minecraft:ui.button.click net.minecraft.util.SoundEvent@1c5c616f
[01:00:25] [Server thread/TRACE] [FML]:   Registry: 544 minecraft:ui.toast.in net.minecraft.util.SoundEvent@1c6c6f24
[01:00:25] [Server thread/TRACE] [FML]:   Registry: 545 minecraft:ui.toast.out net.minecraft.util.SoundEvent@2eb917d0
[01:00:25] [Server thread/TRACE] [FML]:   Registry: 546 minecraft:ui.toast.challenge_complete net.minecraft.util.SoundEvent@c6b2dd9
[01:00:25] [Server thread/TRACE] [FML]:   Registry: 547 minecraft:weather.rain net.minecraft.util.SoundEvent@73437222
[01:00:25] [Server thread/TRACE] [FML]:   Registry: 548 minecraft:weather.rain.above net.minecraft.util.SoundEvent@ca93621
[01:00:25] [Server thread/TRACE] [FML]: Registry Name : minecraft:potiontypes
[01:00:25] [Server thread/TRACE] [FML]:   Registry: 0 minecraft:empty net.minecraft.potion.PotionType@cfd5cd2
[01:00:25] [Server thread/TRACE] [FML]:   Registry: 1 minecraft:water net.minecraft.potion.PotionType@762bf32d
[01:00:25] [Server thread/TRACE] [FML]:   Registry: 2 minecraft:mundane net.minecraft.potion.PotionType@6d7740f0
[01:00:25] [Server thread/TRACE] [FML]:   Registry: 3 minecraft:thick net.minecraft.potion.PotionType@7b1a30e5
[01:00:25] [Server thread/TRACE] [FML]:   Registry: 4 minecraft:awkward net.minecraft.potion.PotionType@1de7f898
[01:00:25] [Server thread/TRACE] [FML]:   Registry: 5 minecraft:night_vision net.minecraft.potion.PotionType@34fcd292
[01:00:25] [Server thread/TRACE] [FML]:   Registry: 6 minecraft:long_night_vision net.minecraft.potion.PotionType@63db743d
[01:00:25] [Server thread/TRACE] [FML]:   Registry: 7 minecraft:invisibility net.minecraft.potion.PotionType@496cedbb
[01:00:25] [Server thread/TRACE] [FML]:   Registry: 8 minecraft:long_invisibility net.minecraft.potion.PotionType@6b6def36
[01:00:25] [Server thread/TRACE] [FML]:   Registry: 9 minecraft:leaping net.minecraft.potion.PotionType@3957d88b
[01:00:25] [Server thread/TRACE] [FML]:   Registry: 10 minecraft:long_leaping net.minecraft.potion.PotionType@1152900
[01:00:25] [Server thread/TRACE] [FML]:   Registry: 11 minecraft:strong_leaping net.minecraft.potion.PotionType@2fba0dac
[01:00:25] [Server thread/TRACE] [FML]:   Registry: 12 minecraft:fire_resistance net.minecraft.potion.PotionType@2b2a4332
[01:00:25] [Server thread/TRACE] [FML]:   Registry: 13 minecraft:long_fire_resistance net.minecraft.potion.PotionType@2cbe455c
[01:00:25] [Server thread/TRACE] [FML]:   Registry: 14 minecraft:swiftness net.minecraft.potion.PotionType@4cb24e2
[01:00:25] [Server thread/TRACE] [FML]:   Registry: 15 minecraft:long_swiftness net.minecraft.potion.PotionType@7be38eba
[01:00:25] [Server thread/TRACE] [FML]:   Registry: 16 minecraft:strong_swiftness net.minecraft.potion.PotionType@2296127
[01:00:25] [Server thread/TRACE] [FML]:   Registry: 17 minecraft:slowness net.minecraft.potion.PotionType@5ce3409b
[01:00:25] [Server thread/TRACE] [FML]:   Registry: 18 minecraft:long_slowness net.minecraft.potion.PotionType@1d283d1
[01:00:25] [Server thread/TRACE] [FML]:   Registry: 19 minecraft:water_breathing net.minecraft.potion.PotionType@66234b0f
[01:00:25] [Server thread/TRACE] [FML]:   Registry: 20 minecraft:long_water_breathing net.minecraft.potion.PotionType@2fca3eb5
[01:00:25] [Server thread/TRACE] [FML]:   Registry: 21 minecraft:healing net.minecraft.potion.PotionType@69eb544f
[01:00:25] [Server thread/TRACE] [FML]:   Registry: 22 minecraft:strong_healing net.minecraft.potion.PotionType@7cb29ea8
[01:00:25] [Server thread/TRACE] [FML]:   Registry: 23 minecraft:harming net.minecraft.potion.PotionType@b5c902
[01:00:25] [Server thread/TRACE] [FML]:   Registry: 24 minecraft:strong_harming net.minecraft.potion.PotionType@7e747037
[01:00:25] [Server thread/TRACE] [FML]:   Registry: 25 minecraft:poison net.minecraft.potion.PotionType@4d0e1a9a
[01:00:25] [Server thread/TRACE] [FML]:   Registry: 26 minecraft:long_poison net.minecraft.potion.PotionType@25218a4d
[01:00:25] [Server thread/TRACE] [FML]:   Registry: 27 minecraft:strong_poison net.minecraft.potion.PotionType@bf2aa32
[01:00:25] [Server thread/TRACE] [FML]:   Registry: 28 minecraft:regeneration net.minecraft.potion.PotionType@56da96b3
[01:00:25] [Server thread/TRACE] [FML]:   Registry: 29 minecraft:long_regeneration net.minecraft.potion.PotionType@6b3d9c38
[01:00:25] [Server thread/TRACE] [FML]:   Registry: 30 minecraft:strong_regeneration net.minecraft.potion.PotionType@426710f0
[01:00:25] [Server thread/TRACE] [FML]:   Registry: 31 minecraft:strength net.minecraft.potion.PotionType@5c5a91b4
[01:00:25] [Server thread/TRACE] [FML]:   Registry: 32 minecraft:long_strength net.minecraft.potion.PotionType@5e37fb82
[01:00:25] [Server thread/TRACE] [FML]:   Registry: 33 minecraft:strong_strength net.minecraft.potion.PotionType@59ec7020
[01:00:25] [Server thread/TRACE] [FML]:   Registry: 34 minecraft:weakness net.minecraft.potion.PotionType@23f60b7d
[01:00:25] [Server thread/TRACE] [FML]:   Registry: 35 minecraft:long_weakness net.minecraft.potion.PotionType@2ba9f986
[01:00:25] [Server thread/TRACE] [FML]:   Registry: 36 minecraft:luck net.minecraft.potion.PotionType@4aa3fc9a
[01:00:25] [Server thread/TRACE] [FML]: Registry Name : minecraft:enchantments
[01:00:25] [Server thread/TRACE] [FML]:   Registry: 0 minecraft:protection net.minecraft.enchantment.EnchantmentProtection@63f9ddf9
[01:00:25] [Server thread/TRACE] [FML]:   Registry: 1 minecraft:fire_protection net.minecraft.enchantment.EnchantmentProtection@410fc508
[01:00:25] [Server thread/TRACE] [FML]:   Registry: 2 minecraft:feather_falling net.minecraft.enchantment.EnchantmentProtection@4e17442f
[01:00:25] [Server thread/TRACE] [FML]:   Registry: 3 minecraft:blast_protection net.minecraft.enchantment.EnchantmentProtection@4f5c30b1
[01:00:25] [Server thread/TRACE] [FML]:   Registry: 4 minecraft:projectile_protection net.minecraft.enchantment.EnchantmentProtection@62e73ab6
[01:00:25] [Server thread/TRACE] [FML]:   Registry: 5 minecraft:respiration net.minecraft.enchantment.EnchantmentOxygen@7caf1e5
[01:00:25] [Server thread/TRACE] [FML]:   Registry: 6 minecraft:aqua_affinity net.minecraft.enchantment.EnchantmentWaterWorker@38087342
[01:00:25] [Server thread/TRACE] [FML]:   Registry: 7 minecraft:thorns net.minecraft.enchantment.EnchantmentThorns@5a4464c5
[01:00:25] [Server thread/TRACE] [FML]:   Registry: 8 minecraft:depth_strider net.minecraft.enchantment.EnchantmentWaterWalker@4e974b9e
[01:00:25] [Server thread/TRACE] [FML]:   Registry: 9 minecraft:frost_walker net.minecraft.enchantment.EnchantmentFrostWalker@2a04ab05
[01:00:25] [Server thread/TRACE] [FML]:   Registry: 10 minecraft:binding_curse net.minecraft.enchantment.EnchantmentBindingCurse@2a5abd3c
[01:00:25] [Server thread/TRACE] [FML]:   Registry: 16 minecraft:sharpness net.minecraft.enchantment.EnchantmentDamage@4bce62b
[01:00:25] [Server thread/TRACE] [FML]:   Registry: 17 minecraft:smite net.minecraft.enchantment.EnchantmentDamage@7bf018dd
[01:00:25] [Server thread/TRACE] [FML]:   Registry: 18 minecraft:bane_of_arthropods net.minecraft.enchantment.EnchantmentDamage@15a8cebd
[01:00:25] [Server thread/TRACE] [FML]:   Registry: 19 minecraft:knockback net.minecraft.enchantment.EnchantmentKnockback@274fdea6
[01:00:25] [Server thread/TRACE] [FML]:   Registry: 20 minecraft:fire_aspect net.minecraft.enchantment.EnchantmentFireAspect@661e1399
[01:00:25] [Server thread/TRACE] [FML]:   Registry: 21 minecraft:looting net.minecraft.enchantment.EnchantmentLootBonus@2ad7bd26
[01:00:25] [Server thread/TRACE] [FML]:   Registry: 22 minecraft:sweeping net.minecraft.enchantment.EnchantmentSweepingEdge@53d30d23
[01:00:25] [Server thread/TRACE] [FML]:   Registry: 32 minecraft:efficiency net.minecraft.enchantment.EnchantmentDigging@1216eb3f
[01:00:25] [Server thread/TRACE] [FML]:   Registry: 33 minecraft:silk_touch net.minecraft.enchantment.EnchantmentUntouching@307af381
[01:00:25] [Server thread/TRACE] [FML]:   Registry: 34 minecraft:unbreaking net.minecraft.enchantment.EnchantmentDurability@633ddc0c
[01:00:25] [Server thread/TRACE] [FML]:   Registry: 35 minecraft:fortune net.minecraft.enchantment.EnchantmentLootBonus@4bcdd11
[01:00:25] [Server thread/TRACE] [FML]:   Registry: 48 minecraft:power net.minecraft.enchantment.EnchantmentArrowDamage@58c42c8c
[01:00:25] [Server thread/TRACE] [FML]:   Registry: 49 minecraft:punch net.minecraft.enchantment.EnchantmentArrowKnockback@54895681
[01:00:25] [Server thread/TRACE] [FML]:   Registry: 50 minecraft:flame net.minecraft.enchantment.EnchantmentArrowFire@1796b2d4
[01:00:25] [Server thread/TRACE] [FML]:   Registry: 51 minecraft:infinity net.minecraft.enchantment.EnchantmentArrowInfinite@5db0003d
[01:00:25] [Server thread/TRACE] [FML]:   Registry: 61 minecraft:luck_of_the_sea net.minecraft.enchantment.EnchantmentLootBonus@7f12094d
[01:00:25] [Server thread/TRACE] [FML]:   Registry: 62 minecraft:lure net.minecraft.enchantment.EnchantmentFishingSpeed@7de147e9
[01:00:25] [Server thread/TRACE] [FML]:   Registry: 70 minecraft:mending net.minecraft.enchantment.EnchantmentMending@7f42b194
[01:00:25] [Server thread/TRACE] [FML]:   Registry: 71 minecraft:vanishing_curse net.minecraft.enchantment.EnchantmentVanishingCurse@2a8f8555
[01:00:25] [Server thread/TRACE] [FML]: Registry Name : minecraft:recipes
[01:00:25] [Server thread/TRACE] [FML]:   Registry: 0 minecraft:armordye net.minecraft.item.crafting.RecipesArmorDyes@3212bfd
[01:00:25] [Server thread/TRACE] [FML]:   Registry: 1 minecraft:bookcloning net.minecraft.item.crafting.RecipeBookCloning@1d1cfe4
[01:00:25] [Server thread/TRACE] [FML]:   Registry: 2 minecraft:mapcloning net.minecraft.item.crafting.RecipesMapCloning@4d8056bf
[01:00:25] [Server thread/TRACE] [FML]:   Registry: 3 minecraft:mapextending net.minecraft.item.crafting.RecipesMapExtending@20be890d
[01:00:25] [Server thread/TRACE] [FML]:   Registry: 4 minecraft:fireworks net.minecraft.item.crafting.RecipeFireworks@6c421123
[01:00:25] [Server thread/TRACE] [FML]:   Registry: 5 minecraft:repairitem net.minecraft.item.crafting.RecipeRepairItem@425b5fe2
[01:00:25] [Server thread/TRACE] [FML]:   Registry: 6 minecraft:tippedarrow net.minecraft.item.crafting.RecipeTippedArrow@343db2f6
[01:00:25] [Server thread/TRACE] [FML]:   Registry: 7 minecraft:bannerduplicate net.minecraft.item.crafting.RecipesBanners$RecipeDuplicatePattern@dae5e0
[01:00:25] [Server thread/TRACE] [FML]:   Registry: 8 minecraft:banneraddpattern net.minecraft.item.crafting.RecipesBanners$RecipeAddPattern@517fbf62
[01:00:25] [Server thread/TRACE] [FML]:   Registry: 9 minecraft:shielddecoration net.minecraft.item.crafting.ShieldRecipes$Decoration@6e364f1f
[01:00:25] [Server thread/TRACE] [FML]:   Registry: 10 minecraft:shulkerboxcoloring net.minecraft.item.crafting.ShulkerBoxRecipes$ShulkerBoxColoring@466fedfa
[01:00:25] [Server thread/TRACE] [FML]:   Registry: 11 minecraft:yellow_wool net.minecraft.item.crafting.ShapelessRecipes@2d801d8
[01:00:25] [Server thread/TRACE] [FML]:   Registry: 12 minecraft:yellow_stained_hardened_clay net.minecraft.item.crafting.ShapedRecipes@3c6bd624
[01:00:25] [Server thread/TRACE] [FML]:   Registry: 13 minecraft:yellow_stained_glass_pane net.minecraft.item.crafting.ShapedRecipes@3dd2b9c1
[01:00:25] [Server thread/TRACE] [FML]:   Registry: 14 minecraft:yellow_stained_glass net.minecraft.item.crafting.ShapedRecipes@72f3f14c
[01:00:25] [Server thread/TRACE] [FML]:   Registry: 15 minecraft:yellow_dye_from_sunflower net.minecraft.item.crafting.ShapelessRecipes@2c2a7d53
[01:00:25] [Server thread/TRACE] [FML]:   Registry: 16 minecraft:yellow_dye_from_dandelion net.minecraft.item.crafting.ShapelessRecipes@57b1ec84
[01:00:25] [Server thread/TRACE] [FML]:   Registry: 17 minecraft:yellow_concrete_powder net.minecraft.item.crafting.ShapelessRecipes@15f519f7
[01:00:25] [Server thread/TRACE] [FML]:   Registry: 18 minecraft:yellow_carpet net.minecraft.item.crafting.ShapedRecipes@2c2a903f
[01:00:25] [Server thread/TRACE] [FML]:   Registry: 19 minecraft:yellow_bed_from_white_bed net.minecraft.item.crafting.ShapelessRecipes@70485aa
[01:00:25] [Server thread/TRACE] [FML]:   Registry: 20 minecraft:yellow_bed net.minecraft.item.crafting.ShapedRecipes@399f5daf
[01:00:25] [Server thread/TRACE] [FML]:   Registry: 21 minecraft:yellow_banner net.minecraft.item.crafting.ShapedRecipes@118fbaf0
[01:00:25] [Server thread/TRACE] [FML]:   Registry: 22 minecraft:writable_book net.minecraft.item.crafting.ShapelessRecipes@38054d01
[01:00:25] [Server thread/TRACE] [FML]:   Registry: 23 minecraft:wooden_sword net.minecraft.item.crafting.ShapedRecipes@401926df
[01:00:25] [Server thread/TRACE] [FML]:   Registry: 24 minecraft:wooden_shovel net.minecraft.item.crafting.ShapedRecipes@271e851e
[01:00:25] [Server thread/TRACE] [FML]:   Registry: 25 minecraft:wooden_pressure_plate net.minecraft.item.crafting.ShapedRecipes@6253e59a
[01:00:25] [Server thread/TRACE] [FML]:   Registry: 26 minecraft:wooden_pickaxe net.minecraft.item.crafting.ShapedRecipes@7752c0e7
[01:00:25] [Server thread/TRACE] [FML]:   Registry: 27 minecraft:wooden_hoe net.minecraft.item.crafting.ShapedRecipes@5368e981
[01:00:25] [Server thread/TRACE] [FML]:   Registry: 28 minecraft:wooden_door net.minecraft.item.crafting.ShapedRecipes@4cd7e993
[01:00:25] [Server thread/TRACE] [FML]:   Registry: 29 minecraft:wooden_button net.minecraft.item.crafting.ShapedRecipes@3de56885
[01:00:25] [Server thread/TRACE] [FML]:   Registry: 30 minecraft:wooden_axe net.minecraft.item.crafting.ShapedRecipes@254e9709
[01:00:25] [Server thread/TRACE] [FML]:   Registry: 31 minecraft:white_stained_hardened_clay net.minecraft.item.crafting.ShapedRecipes@b0d3e7
[01:00:25] [Server thread/TRACE] [FML]:   Registry: 32 minecraft:white_stained_glass_pane net.minecraft.item.crafting.ShapedRecipes@1a89414e
[01:00:25] [Server thread/TRACE] [FML]:   Registry: 33 minecraft:white_stained_glass net.minecraft.item.crafting.ShapedRecipes@71fb8301
[01:00:25] [Server thread/TRACE] [FML]:   Registry: 34 minecraft:white_concrete_powder net.minecraft.item.crafting.ShapelessRecipes@485c84d7
[01:00:25] [Server thread/TRACE] [FML]:   Registry: 35 minecraft:white_carpet net.minecraft.item.crafting.ShapedRecipes@632c3f55
[01:00:25] [Server thread/TRACE] [FML]:   Registry: 36 minecraft:white_bed net.minecraft.item.crafting.ShapedRecipes@7440265c
[01:00:25] [Server thread/TRACE] [FML]:   Registry: 37 minecraft:white_banner net.minecraft.item.crafting.ShapedRecipes@aa0dbca
[01:00:25] [Server thread/TRACE] [FML]:   Registry: 38 minecraft:wheat net.minecraft.item.crafting.ShapedRecipes@3de8f85c
[01:00:25] [Server thread/TRACE] [FML]:   Registry: 39 minecraft:tripwire_hook net.minecraft.item.crafting.ShapedRecipes@749d7c01
[01:00:25] [Server thread/TRACE] [FML]:   Registry: 40 minecraft:trapped_chest net.minecraft.item.crafting.ShapelessRecipes@d76099a
[01:00:25] [Server thread/TRACE] [FML]:   Registry: 41 minecraft:trapdoor net.minecraft.item.crafting.ShapedRecipes@750e2d33
[01:00:25] [Server thread/TRACE] [FML]:   Registry: 42 minecraft:torch net.minecraft.item.crafting.ShapedRecipes@61c87f1b
[01:00:25] [Server thread/TRACE] [FML]:   Registry: 43 minecraft:tnt_minecart net.minecraft.item.crafting.ShapedRecipes@70a24f9
[01:00:25] [Server thread/TRACE] [FML]:   Registry: 44 minecraft:tnt net.minecraft.item.crafting.ShapedRecipes@36cfe107
[01:00:25] [Server thread/TRACE] [FML]:   Registry: 45 minecraft:sugar net.minecraft.item.crafting.ShapedRecipes@51b51641
[01:00:25] [Server thread/TRACE] [FML]:   Registry: 46 minecraft:string_to_wool net.minecraft.item.crafting.ShapedRecipes@6a6e9289
[01:00:25] [Server thread/TRACE] [FML]:   Registry: 47 minecraft:stonebrick net.minecraft.item.crafting.ShapedRecipes@687b0ddc
[01:00:25] [Server thread/TRACE] [FML]:   Registry: 48 minecraft:stone_sword net.minecraft.item.crafting.ShapedRecipes@52f43225
[01:00:25] [Server thread/TRACE] [FML]:   Registry: 49 minecraft:stone_stairs net.minecraft.item.crafting.ShapedRecipes@393ae7a0
[01:00:25] [Server thread/TRACE] [FML]:   Registry: 50 minecraft:stone_slab net.minecraft.item.crafting.ShapedRecipes@7ee12d58
[01:00:25] [Server thread/TRACE] [FML]:   Registry: 51 minecraft:stone_shovel net.minecraft.item.crafting.ShapedRecipes@2d5ae78e
[01:00:25] [Server thread/TRACE] [FML]:   Registry: 52 minecraft:stone_pressure_plate net.minecraft.item.crafting.ShapedRecipes@4f7bb8df
[01:00:25] [Server thread/TRACE] [FML]:   Registry: 53 minecraft:stone_pickaxe net.minecraft.item.crafting.ShapedRecipes@350567f1
[01:00:25] [Server thread/TRACE] [FML]:   Registry: 54 minecraft:stone_hoe net.minecraft.item.crafting.ShapedRecipes@28b5662d
[01:00:25] [Server thread/TRACE] [FML]:   Registry: 55 minecraft:stone_button net.minecraft.item.crafting.ShapedRecipes@f76872f
[01:00:25] [Server thread/TRACE] [FML]:   Registry: 56 minecraft:stone_brick_stairs net.minecraft.item.crafting.ShapedRecipes@3a6556b6
[01:00:25] [Server thread/TRACE] [FML]:   Registry: 57 minecraft:stone_brick_slab net.minecraft.item.crafting.ShapedRecipes@7f2ca6f8
[01:00:25] [Server thread/TRACE] [FML]:   Registry: 58 minecraft:stone_axe net.minecraft.item.crafting.ShapedRecipes@5fe5c68b
[01:00:25] [Server thread/TRACE] [FML]:   Registry: 59 minecraft:sticky_piston net.minecraft.item.crafting.ShapedRecipes@38dbeb39
[01:00:25] [Server thread/TRACE] [FML]:   Registry: 60 minecraft:stick net.minecraft.item.crafting.ShapedRecipes@402a69f
[01:00:25] [Server thread/TRACE] [FML]:   Registry: 61 minecraft:spruce_wooden_slab net.minecraft.item.crafting.ShapedRecipes@48106381
[01:00:25] [Server thread/TRACE] [FML]:   Registry: 62 minecraft:spruce_stairs net.minecraft.item.crafting.ShapedRecipes@87aec6a
[01:00:25] [Server thread/TRACE] [FML]:   Registry: 63 minecraft:spruce_planks net.minecraft.item.crafting.ShapedRecipes@336e3be2
[01:00:25] [Server thread/TRACE] [FML]:   Registry: 64 minecraft:spruce_fence_gate net.minecraft.item.crafting.ShapedRecipes@51a719e7
[01:00:25] [Server thread/TRACE] [FML]:   Registry: 65 minecraft:spruce_fence net.minecraft.item.crafting.ShapedRecipes@152e7703
[01:00:25] [Server thread/TRACE] [FML]:   Registry: 66 minecraft:spruce_door net.minecraft.item.crafting.ShapedRecipes@1e6d30c0
[01:00:25] [Server thread/TRACE] [FML]:   Registry: 67 minecraft:spruce_boat net.minecraft.item.crafting.ShapedRecipes@8f4b803
[01:00:25] [Server thread/TRACE] [FML]:   Registry: 68 minecraft:spectral_arrow net.minecraft.item.crafting.ShapedRecipes@7ab1ad9
[01:00:25] [Server thread/TRACE] [FML]:   Registry: 69 minecraft:speckled_melon net.minecraft.item.crafting.ShapedRecipes@95cecc5
[01:00:25] [Server thread/TRACE] [FML]:   Registry: 70 minecraft:snow_layer net.minecraft.item.crafting.ShapedRecipes@6cc8da1c
[01:00:25] [Server thread/TRACE] [FML]:   Registry: 71 minecraft:snow net.minecraft.item.crafting.ShapedRecipes@4d2f9e3c
[01:00:25] [Server thread/TRACE] [FML]:   Registry: 72 minecraft:smooth_sandstone net.minecraft.item.crafting.ShapedRecipes@5501d1c8
[01:00:25] [Server thread/TRACE] [FML]:   Registry: 73 minecraft:smooth_red_sandstone net.minecraft.item.crafting.ShapedRecipes@371cd2fc
[01:00:25] [Server thread/TRACE] [FML]:   Registry: 74 minecraft:slime_ball net.minecraft.item.crafting.ShapedRecipes@478530cb
[01:00:25] [Server thread/TRACE] [FML]:   Registry: 75 minecraft:slime net.minecraft.item.crafting.ShapedRecipes@40a8a26f
[01:00:25] [Server thread/TRACE] [FML]:   Registry: 76 minecraft:sign net.minecraft.item.crafting.ShapedRecipes@2c0dca15
[01:00:25] [Server thread/TRACE] [FML]:   Registry: 77 minecraft:shield net.minecraft.item.crafting.ShapedRecipes@312f3050
[01:00:25] [Server thread/TRACE] [FML]:   Registry: 78 minecraft:shears net.minecraft.item.crafting.ShapedRecipes@1242d96b
[01:00:25] [Server thread/TRACE] [FML]:   Registry: 79 minecraft:sea_lantern net.minecraft.item.crafting.ShapedRecipes@76db9048
[01:00:25] [Server thread/TRACE] [FML]:   Registry: 80 minecraft:sandstone_stairs net.minecraft.item.crafting.ShapedRecipes@123ca460
[01:00:25] [Server thread/TRACE] [FML]:   Registry: 81 minecraft:sandstone_slab net.minecraft.item.crafting.ShapedRecipes@31e7afde
[01:00:25] [Server thread/TRACE] [FML]:   Registry: 82 minecraft:sandstone net.minecraft.item.crafting.ShapedRecipes@308a9264
[01:00:25] [Server thread/TRACE] [FML]:   Registry: 83 minecraft:repeater net.minecraft.item.crafting.ShapedRecipes@1958c0d9
[01:00:25] [Server thread/TRACE] [FML]:   Registry: 84 minecraft:redstone_torch net.minecraft.item.crafting.ShapedRecipes@20a47036
[01:00:25] [Server thread/TRACE] [FML]:   Registry: 85 minecraft:redstone_lamp net.minecraft.item.crafting.ShapedRecipes@46894dc5
[01:00:25] [Server thread/TRACE] [FML]:   Registry: 86 minecraft:redstone_block net.minecraft.item.crafting.ShapedRecipes@61993d18
[01:00:25] [Server thread/TRACE] [FML]:   Registry: 87 minecraft:redstone net.minecraft.item.crafting.ShapedRecipes@16e07bae
[01:00:25] [Server thread/TRACE] [FML]:   Registry: 88 minecraft:red_wool net.minecraft.item.crafting.ShapelessRecipes@57f2e67
[01:00:25] [Server thread/TRACE] [FML]:   Registry: 89 minecraft:red_stained_hardened_clay net.minecraft.item.crafting.ShapedRecipes@26f5e45d
[01:00:25] [Server thread/TRACE] [FML]:   Registry: 90 minecraft:red_stained_glass_pane net.minecraft.item.crafting.ShapedRecipes@55c03e4
[01:00:25] [Server thread/TRACE] [FML]:   Registry: 91 minecraft:red_stained_glass net.minecraft.item.crafting.ShapedRecipes@710afd47
[01:00:25] [Server thread/TRACE] [FML]:   Registry: 92 minecraft:red_sandstone_stairs net.minecraft.item.crafting.ShapedRecipes@1488a861
[01:00:25] [Server thread/TRACE] [FML]:   Registry: 93 minecraft:red_sandstone_slab net.minecraft.item.crafting.ShapedRecipes@43fd77d8
[01:00:25] [Server thread/TRACE] [FML]:   Registry: 94 minecraft:red_sandstone net.minecraft.item.crafting.ShapedRecipes@1ad1be5d
[01:00:25] [Server thread/TRACE] [FML]:   Registry: 95 minecraft:red_nether_brick net.minecraft.item.crafting.ShapedRecipes@b77b0a0
[01:00:25] [Server thread/TRACE] [FML]:   Registry: 96 minecraft:red_dye_from_tulip net.minecraft.item.crafting.ShapelessRecipes@3a70575
[01:00:25] [Server thread/TRACE] [FML]:   Registry: 97 minecraft:red_dye_from_rose_bush net.minecraft.item.crafting.ShapelessRecipes@13dd7887
[01:00:25] [Server thread/TRACE] [FML]:   Registry: 98 minecraft:red_dye_from_poppy net.minecraft.item.crafting.ShapelessRecipes@3cbfdf5c
[01:00:25] [Server thread/TRACE] [FML]:   Registry: 99 minecraft:red_dye_from_beetroot net.minecraft.item.crafting.ShapelessRecipes@63814bbe
[01:00:25] [Server thread/TRACE] [FML]:   Registry: 100 minecraft:red_concrete_powder net.minecraft.item.crafting.ShapelessRecipes@67ceeffd
[01:00:25] [Server thread/TRACE] [FML]:   Registry: 101 minecraft:red_carpet net.minecraft.item.crafting.ShapedRecipes@1e5aacd9
[01:00:25] [Server thread/TRACE] [FML]:   Registry: 102 minecraft:red_bed_from_white_bed net.minecraft.item.crafting.ShapelessRecipes@6cc8adff
[01:00:25] [Server thread/TRACE] [FML]:   Registry: 103 minecraft:red_bed net.minecraft.item.crafting.ShapedRecipes@2c668c2a
[01:00:25] [Server thread/TRACE] [FML]:   Registry: 104 minecraft:red_banner net.minecraft.item.crafting.ShapedRecipes@2e159116
[01:00:25] [Server thread/TRACE] [FML]:   Registry: 105 minecraft:rail net.minecraft.item.crafting.ShapedRecipes@1de08775
[01:00:25] [Server thread/TRACE] [FML]:   Registry: 106 minecraft:rabbit_stew_from_red_mushroom net.minecraft.item.crafting.ShapedRecipes@3bf5911d
[01:00:25] [Server thread/TRACE] [FML]:   Registry: 107 minecraft:rabbit_stew_from_brown_mushroom net.minecraft.item.crafting.ShapedRecipes@69a90b81
[01:00:25] [Server thread/TRACE] [FML]:   Registry: 108 minecraft:quartz_stairs net.minecraft.item.crafting.ShapedRecipes@17136390
[01:00:25] [Server thread/TRACE] [FML]:   Registry: 109 minecraft:quartz_slab net.minecraft.item.crafting.ShapedRecipes@a120b9
[01:00:25] [Server thread/TRACE] [FML]:   Registry: 110 minecraft:quartz_block net.minecraft.item.crafting.ShapedRecipes@2804b13f
[01:00:25] [Server thread/TRACE] [FML]:   Registry: 111 minecraft:purpur_stairs net.minecraft.item.crafting.ShapedRecipes@69499c6f
[01:00:25] [Server thread/TRACE] [FML]:   Registry: 112 minecraft:purpur_slab net.minecraft.item.crafting.ShapedRecipes@15cee630
[01:00:25] [Server thread/TRACE] [FML]:   Registry: 113 minecraft:purpur_pillar net.minecraft.item.crafting.ShapedRecipes@7b79ff1c
[01:00:25] [Server thread/TRACE] [FML]:   Registry: 114 minecraft:purpur_block net.minecraft.item.crafting.ShapedRecipes@17003497
[01:00:25] [Server thread/TRACE] [FML]:   Registry: 115 minecraft:purple_wool net.minecraft.item.crafting.ShapelessRecipes@1c43df76
[01:00:25] [Server thread/TRACE] [FML]:   Registry: 116 minecraft:purple_stained_hardened_clay net.minecraft.item.crafting.ShapedRecipes@14dbfdb1
[01:00:25] [Server thread/TRACE] [FML]:   Registry: 117 minecraft:purple_stained_glass_pane net.minecraft.item.crafting.ShapedRecipes@67f591c2
[01:00:25] [Server thread/TRACE] [FML]:   Registry: 118 minecraft:purple_stained_glass net.minecraft.item.crafting.ShapedRecipes@1b8d20e6
[01:00:25] [Server thread/TRACE] [FML]:   Registry: 119 minecraft:purple_shulker_box net.minecraft.item.crafting.ShapedRecipes@1a4930cf
[01:00:25] [Server thread/TRACE] [FML]:   Registry: 120 minecraft:purple_dye net.minecraft.item.crafting.ShapelessRecipes@7c956dda
[01:00:25] [Server thread/TRACE] [FML]:   Registry: 121 minecraft:purple_concrete_powder net.minecraft.item.crafting.ShapelessRecipes@225e09f0
[01:00:25] [Server thread/TRACE] [FML]:   Registry: 122 minecraft:purple_carpet net.minecraft.item.crafting.ShapedRecipes@6e3b2dd3
[01:00:25] [Server thread/TRACE] [FML]:   Registry: 123 minecraft:purple_bed_from_white_bed net.minecraft.item.crafting.ShapelessRecipes@279c4e3b
[01:00:25] [Server thread/TRACE] [FML]:   Registry: 124 minecraft:purple_bed net.minecraft.item.crafting.ShapedRecipes@3caf5c96
[01:00:25] [Server thread/TRACE] [FML]:   Registry: 125 minecraft:purple_banner net.minecraft.item.crafting.ShapedRecipes@7aa3857b
[01:00:25] [Server thread/TRACE] [FML]:   Registry: 126 minecraft:pumpkin_seeds net.minecraft.item.crafting.ShapedRecipes@1d2046bb
[01:00:25] [Server thread/TRACE] [FML]:   Registry: 127 minecraft:pumpkin_pie net.minecraft.item.crafting.ShapelessRecipes@7769d9b6
[01:00:25] [Server thread/TRACE] [FML]:   Registry: 128 minecraft:prismarine_bricks net.minecraft.item.crafting.ShapedRecipes@5af38a4a
[01:00:25] [Server thread/TRACE] [FML]:   Registry: 129 minecraft:prismarine net.minecraft.item.crafting.ShapedRecipes@1be77a76
[01:00:25] [Server thread/TRACE] [FML]:   Registry: 130 minecraft:polished_granite net.minecraft.item.crafting.ShapedRecipes@563263a
[01:00:25] [Server thread/TRACE] [FML]:   Registry: 131 minecraft:polished_diorite net.minecraft.item.crafting.ShapedRecipes@69ba72da
[01:00:25] [Server thread/TRACE] [FML]:   Registry: 132 minecraft:polished_andesite net.minecraft.item.crafting.ShapedRecipes@63c84d31
[01:00:25] [Server thread/TRACE] [FML]:   Registry: 133 minecraft:piston net.minecraft.item.crafting.ShapedRecipes@9f2376f
[01:00:25] [Server thread/TRACE] [FML]:   Registry: 134 minecraft:pink_wool net.minecraft.item.crafting.ShapelessRecipes@6f68756d
[01:00:25] [Server thread/TRACE] [FML]:   Registry: 135 minecraft:pink_stained_hardened_clay net.minecraft.item.crafting.ShapedRecipes@7ffcb232
[01:00:25] [Server thread/TRACE] [FML]:   Registry: 136 minecraft:pink_stained_glass_pane net.minecraft.item.crafting.ShapedRecipes@37cf91d8
[01:00:25] [Server thread/TRACE] [FML]:   Registry: 137 minecraft:pink_stained_glass net.minecraft.item.crafting.ShapedRecipes@4b09d1c3
[01:00:25] [Server thread/TRACE] [FML]:   Registry: 138 minecraft:pink_dye_from_red_bonemeal net.minecraft.item.crafting.ShapelessRecipes@165aa43a
[01:00:25] [Server thread/TRACE] [FML]:   Registry: 139 minecraft:pink_dye_from_pink_tulip net.minecraft.item.crafting.ShapelessRecipes@76134b9b
[01:00:25] [Server thread/TRACE] [FML]:   Registry: 140 minecraft:pink_dye_from_peony net.minecraft.item.crafting.ShapelessRecipes@7d126083
[01:00:25] [Server thread/TRACE] [FML]:   Registry: 141 minecraft:pink_concrete_powder net.minecraft.item.crafting.ShapelessRecipes@340c57e0
[01:00:25] [Server thread/TRACE] [FML]:   Registry: 142 minecraft:pink_carpet net.minecraft.item.crafting.ShapedRecipes@4ca970d5
[01:00:25] [Server thread/TRACE] [FML]:   Registry: 143 minecraft:pink_bed_from_white_bed net.minecraft.item.crafting.ShapelessRecipes@5b1ff8cd
[01:00:25] [Server thread/TRACE] [FML]:   Registry: 144 minecraft:pink_bed net.minecraft.item.crafting.ShapedRecipes@10a0d93a
[01:00:25] [Server thread/TRACE] [FML]:   Registry: 145 minecraft:pink_banner net.minecraft.item.crafting.ShapedRecipes@3a4f8e8a
[01:00:25] [Server thread/TRACE] [FML]:   Registry: 146 minecraft:pillar_quartz_block net.minecraft.item.crafting.ShapedRecipes@6fd7aba8
[01:00:25] [Server thread/TRACE] [FML]:   Registry: 147 minecraft:paper net.minecraft.item.crafting.ShapedRecipes@1530d0f2
[01:00:25] [Server thread/TRACE] [FML]:   Registry: 148 minecraft:painting net.minecraft.item.crafting.ShapedRecipes@97b5e6a
[01:00:25] [Server thread/TRACE] [FML]:   Registry: 149 minecraft:orange_wool net.minecraft.item.crafting.ShapelessRecipes@2df71be0
[01:00:25] [Server thread/TRACE] [FML]:   Registry: 150 minecraft:orange_stained_hardened_clay net.minecraft.item.crafting.ShapedRecipes@3a54638b
[01:00:25] [Server thread/TRACE] [FML]:   Registry: 151 minecraft:orange_stained_glass_pane net.minecraft.item.crafting.ShapedRecipes@1884e671
[01:00:25] [Server thread/TRACE] [FML]:   Registry: 152 minecraft:orange_stained_glass net.minecraft.item.crafting.ShapedRecipes@1dbff71c
[01:00:25] [Server thread/TRACE] [FML]:   Registry: 153 minecraft:orange_dye_from_red_yellow net.minecraft.item.crafting.ShapelessRecipes@7cdc4070
[01:00:25] [Server thread/TRACE] [FML]:   Registry: 154 minecraft:orange_dye_from_orange_tulip net.minecraft.item.crafting.ShapelessRecipes@1218e12
[01:00:25] [Server thread/TRACE] [FML]:   Registry: 155 minecraft:orange_concrete_powder net.minecraft.item.crafting.ShapelessRecipes@27dfd12b
[01:00:25] [Server thread/TRACE] [FML]:   Registry: 156 minecraft:orange_carpet net.minecraft.item.crafting.ShapedRecipes@61c4cebd
[01:00:25] [Server thread/TRACE] [FML]:   Registry: 157 minecraft:orange_bed_from_white_bed net.minecraft.item.crafting.ShapelessRecipes@7b3c2ae0
[01:00:25] [Server thread/TRACE] [FML]:   Registry: 158 minecraft:orange_bed net.minecraft.item.crafting.ShapedRecipes@32f308c6
[01:00:25] [Server thread/TRACE] [FML]:   Registry: 159 minecraft:orange_banner net.minecraft.item.crafting.ShapedRecipes@6630dd28
[01:00:25] [Server thread/TRACE] [FML]:   Registry: 160 minecraft:observer net.minecraft.item.crafting.ShapedRecipes@70022d44
[01:00:25] [Server thread/TRACE] [FML]:   Registry: 161 minecraft:oak_wooden_slab net.minecraft.item.crafting.ShapedRecipes@445058e8
[01:00:25] [Server thread/TRACE] [FML]:   Registry: 162 minecraft:oak_stairs net.minecraft.item.crafting.ShapedRecipes@70d687b8
[01:00:25] [Server thread/TRACE] [FML]:   Registry: 163 minecraft:oak_planks net.minecraft.item.crafting.ShapedRecipes@459bf87c
[01:00:25] [Server thread/TRACE] [FML]:   Registry: 164 minecraft:noteblock net.minecraft.item.crafting.ShapedRecipes@4ab455e2
[01:00:25] [Server thread/TRACE] [FML]:   Registry: 165 minecraft:nether_wart_block net.minecraft.item.crafting.ShapedRecipes@4a4ff5ed
[01:00:25] [Server thread/TRACE] [FML]:   Registry: 166 minecraft:nether_brick_stairs net.minecraft.item.crafting.ShapedRecipes@39acd1f1
[01:00:25] [Server thread/TRACE] [FML]:   Registry: 167 minecraft:nether_brick_slab net.minecraft.item.crafting.ShapedRecipes@51743cc0
[01:00:25] [Server thread/TRACE] [FML]:   Registry: 168 minecraft:nether_brick_fence net.minecraft.item.crafting.ShapedRecipes@3a72e2e8
[01:00:25] [Server thread/TRACE] [FML]:   Registry: 169 minecraft:nether_brick net.minecraft.item.crafting.ShapedRecipes@6a278584
[01:00:25] [Server thread/TRACE] [FML]:   Registry: 170 minecraft:mushroom_stew net.minecraft.item.crafting.ShapelessRecipes@e36bc01
[01:00:25] [Server thread/TRACE] [FML]:   Registry: 171 minecraft:mossy_stonebrick net.minecraft.item.crafting.ShapelessRecipes@67a6a2d0
[01:00:25] [Server thread/TRACE] [FML]:   Registry: 172 minecraft:mossy_cobblestone_wall net.minecraft.item.crafting.ShapedRecipes@4b360972
[01:00:25] [Server thread/TRACE] [FML]:   Registry: 173 minecraft:mossy_cobblestone net.minecraft.item.crafting.ShapelessRecipes@592cb470
[01:00:25] [Server thread/TRACE] [FML]:   Registry: 174 minecraft:minecart net.minecraft.item.crafting.ShapedRecipes@6e090aaa
[01:00:25] [Server thread/TRACE] [FML]:   Registry: 175 minecraft:melon_seeds net.minecraft.item.crafting.ShapedRecipes@22ae32ba
[01:00:25] [Server thread/TRACE] [FML]:   Registry: 176 minecraft:melon_block net.minecraft.item.crafting.ShapedRecipes@5fa5c8cf
[01:00:25] [Server thread/TRACE] [FML]:   Registry: 177 minecraft:map net.minecraft.item.crafting.ShapedRecipes@6c66ddab
[01:00:25] [Server thread/TRACE] [FML]:   Registry: 178 minecraft:magma_cream net.minecraft.item.crafting.ShapelessRecipes@43423d40
[01:00:25] [Server thread/TRACE] [FML]:   Registry: 179 minecraft:magma net.minecraft.item.crafting.ShapedRecipes@5fb44964
[01:00:25] [Server thread/TRACE] [FML]:   Registry: 180 minecraft:magenta_wool net.minecraft.item.crafting.ShapelessRecipes@6a902015
[01:00:25] [Server thread/TRACE] [FML]:   Registry: 181 minecraft:magenta_stained_hardened_clay net.minecraft.item.crafting.ShapedRecipes@4eb1943b
[01:00:25] [Server thread/TRACE] [FML]:   Registry: 182 minecraft:magenta_stained_glass_pane net.minecraft.item.crafting.ShapedRecipes@3f4a605f
[01:00:25] [Server thread/TRACE] [FML]:   Registry: 183 minecraft:magenta_stained_glass net.minecraft.item.crafting.ShapedRecipes@2dd8a273
[01:00:25] [Server thread/TRACE] [FML]:   Registry: 184 minecraft:magenta_dye_from_purple_and_pink net.minecraft.item.crafting.ShapelessRecipes@19ec5357
[01:00:25] [Server thread/TRACE] [FML]:   Registry: 185 minecraft:magenta_dye_from_lilac net.minecraft.item.crafting.ShapelessRecipes@39dda56f
[01:00:25] [Server thread/TRACE] [FML]:   Registry: 186 minecraft:magenta_dye_from_lapis_red_pink net.minecraft.item.crafting.ShapelessRecipes@77856cc5
[01:00:25] [Server thread/TRACE] [FML]:   Registry: 187 minecraft:magenta_dye_from_lapis_ink_bonemeal net.minecraft.item.crafting.ShapelessRecipes@23c05889
[01:00:25] [Server thread/TRACE] [FML]:   Registry: 188 minecraft:magenta_dye_from_allium net.minecraft.item.crafting.ShapelessRecipes@aee05f4
[01:00:25] [Server thread/TRACE] [FML]:   Registry: 189 minecraft:magenta_concrete_powder net.minecraft.item.crafting.ShapelessRecipes@661db63e
[01:00:25] [Server thread/TRACE] [FML]:   Registry: 190 minecraft:magenta_carpet net.minecraft.item.crafting.ShapedRecipes@60a4e619
[01:00:25] [Server thread/TRACE] [FML]:   Registry: 191 minecraft:magenta_bed_from_white_bed net.minecraft.item.crafting.ShapelessRecipes@11c3ce6a
[01:00:25] [Server thread/TRACE] [FML]:   Registry: 192 minecraft:magenta_bed net.minecraft.item.crafting.ShapedRecipes@dbc7e0a
[01:00:25] [Server thread/TRACE] [FML]:   Registry: 193 minecraft:magenta_banner net.minecraft.item.crafting.ShapedRecipes@66a472b9
[01:00:25] [Server thread/TRACE] [FML]:   Registry: 194 minecraft:lit_pumpkin net.minecraft.item.crafting.ShapedRecipes@4d065e1a
[01:00:25] [Server thread/TRACE] [FML]:   Registry: 195 minecraft:lime_wool net.minecraft.item.crafting.ShapelessRecipes@7ba1cdbe
[01:00:25] [Server thread/TRACE] [FML]:   Registry: 196 minecraft:lime_stained_hardened_clay net.minecraft.item.crafting.ShapedRecipes@6febec41
[01:00:25] [Server thread/TRACE] [FML]:   Registry: 197 minecraft:lime_stained_glass_pane net.minecraft.item.crafting.ShapedRecipes@3722f39d
[01:00:25] [Server thread/TRACE] [FML]:   Registry: 198 minecraft:lime_stained_glass net.minecraft.item.crafting.ShapedRecipes@2493eec6
[01:00:25] [Server thread/TRACE] [FML]:   Registry: 199 minecraft:lime_dye net.minecraft.item.crafting.ShapelessRecipes@65d90b7f
[01:00:25] [Server thread/TRACE] [FML]:   Registry: 200 minecraft:lime_concrete_powder net.minecraft.item.crafting.ShapelessRecipes@7c0e4e4e
[01:00:25] [Server thread/TRACE] [FML]:   Registry: 201 minecraft:lime_carpet net.minecraft.item.crafting.ShapedRecipes@3bcc8f13
[01:00:25] [Server thread/TRACE] [FML]:   Registry: 202 minecraft:lime_bed_from_white_bed net.minecraft.item.crafting.ShapelessRecipes@342723a3
[01:00:25] [Server thread/TRACE] [FML]:   Registry: 203 minecraft:lime_bed net.minecraft.item.crafting.ShapedRecipes@4c8d45cf
[01:00:25] [Server thread/TRACE] [FML]:   Registry: 204 minecraft:lime_banner net.minecraft.item.crafting.ShapedRecipes@61b8c9de
[01:00:25] [Server thread/TRACE] [FML]:   Registry: 205 minecraft:light_weighted_pressure_plate net.minecraft.item.crafting.ShapedRecipes@26270b77
[01:00:25] [Server thread/TRACE] [FML]:   Registry: 206 minecraft:light_gray_wool net.minecraft.item.crafting.ShapelessRecipes@3eee08f5
[01:00:25] [Server thread/TRACE] [FML]:   Registry: 207 minecraft:light_gray_stained_hardened_clay net.minecraft.item.crafting.ShapedRecipes@290c266c
[01:00:25] [Server thread/TRACE] [FML]:   Registry: 208 minecraft:light_gray_stained_glass_pane net.minecraft.item.crafting.ShapedRecipes@4b336cc8
[01:00:25] [Server thread/TRACE] [FML]:   Registry: 209 minecraft:light_gray_stained_glass net.minecraft.item.crafting.ShapedRecipes@58ebee9
[01:00:25] [Server thread/TRACE] [FML]:   Registry: 210 minecraft:light_gray_dye_from_white_tulip net.minecraft.item.crafting.ShapelessRecipes@18513c23
[01:00:25] [Server thread/TRACE] [FML]:   Registry: 211 minecraft:light_gray_dye_from_oxeye_daisy net.minecraft.item.crafting.ShapelessRecipes@304744a1
[01:00:25] [Server thread/TRACE] [FML]:   Registry: 212 minecraft:light_gray_dye_from_ink_bonemeal net.minecraft.item.crafting.ShapelessRecipes@da5d5e1
[01:00:25] [Server thread/TRACE] [FML]:   Registry: 213 minecraft:light_gray_dye_from_gray_bonemeal net.minecraft.item.crafting.ShapelessRecipes@7df3da0b
[01:00:25] [Server thread/TRACE] [FML]:   Registry: 214 minecraft:light_gray_dye_from_azure_bluet net.minecraft.item.crafting.ShapelessRecipes@402f61f5
[01:00:25] [Server thread/TRACE] [FML]:   Registry: 215 minecraft:light_gray_concrete_powder net.minecraft.item.crafting.ShapelessRecipes@67c0c90b
[01:00:25] [Server thread/TRACE] [FML]:   Registry: 216 minecraft:light_gray_carpet net.minecraft.item.crafting.ShapedRecipes@319aa9ee
[01:00:25] [Server thread/TRACE] [FML]:   Registry: 217 minecraft:light_gray_bed_from_white_bed net.minecraft.item.crafting.ShapelessRecipes@3514ac7d
[01:00:25] [Server thread/TRACE] [FML]:   Registry: 218 minecraft:light_gray_bed net.minecraft.item.crafting.ShapedRecipes@5b5b53c6
[01:00:25] [Server thread/TRACE] [FML]:   Registry: 219 minecraft:light_gray_banner net.minecraft.item.crafting.ShapedRecipes@2e7a9db7
[01:00:25] [Server thread/TRACE] [FML]:   Registry: 220 minecraft:light_blue_wool net.minecraft.item.crafting.ShapelessRecipes@54234569
[01:00:25] [Server thread/TRACE] [FML]:   Registry: 221 minecraft:light_blue_stained_hardened_clay net.minecraft.item.crafting.ShapedRecipes@9147ba2
[01:00:25] [Server thread/TRACE] [FML]:   Registry: 222 minecraft:light_blue_stained_glass_pane net.minecraft.item.crafting.ShapedRecipes@60a6840c
[01:00:25] [Server thread/TRACE] [FML]:   Registry: 223 minecraft:light_blue_stained_glass net.minecraft.item.crafting.ShapedRecipes@6de33fde
[01:00:25] [Server thread/TRACE] [FML]:   Registry: 224 minecraft:light_blue_dye_from_lapis_bonemeal net.minecraft.item.crafting.ShapelessRecipes@2a16d4dc
[01:00:25] [Server thread/TRACE] [FML]:   Registry: 225 minecraft:light_blue_dye_from_blue_orchid net.minecraft.item.crafting.ShapelessRecipes@5341641d
[01:00:25] [Server thread/TRACE] [FML]:   Registry: 226 minecraft:light_blue_concrete_powder net.minecraft.item.crafting.ShapelessRecipes@2f73f0c7
[01:00:25] [Server thread/TRACE] [FML]:   Registry: 227 minecraft:light_blue_carpet net.minecraft.item.crafting.ShapedRecipes@40863800
[01:00:25] [Server thread/TRACE] [FML]:   Registry: 228 minecraft:light_blue_bed_from_white_bed net.minecraft.item.crafting.ShapelessRecipes@64665781
[01:00:25] [Server thread/TRACE] [FML]:   Registry: 229 minecraft:light_blue_bed net.minecraft.item.crafting.ShapedRecipes@430d3021
[01:00:25] [Server thread/TRACE] [FML]:   Registry: 230 minecraft:light_blue_banner net.minecraft.item.crafting.ShapedRecipes@cf984d9
[01:00:25] [Server thread/TRACE] [FML]:   Registry: 231 minecraft:lever net.minecraft.item.crafting.ShapedRecipes@13ee97af
[01:00:25] [Server thread/TRACE] [FML]:   Registry: 232 minecraft:leather_leggings net.minecraft.item.crafting.ShapedRecipes@3cead673
[01:00:25] [Server thread/TRACE] [FML]:   Registry: 233 minecraft:leather_helmet net.minecraft.item.crafting.ShapedRecipes@4345fd45
[01:00:25] [Server thread/TRACE] [FML]:   Registry: 234 minecraft:leather_chestplate net.minecraft.item.crafting.ShapedRecipes@62883f8a
[01:00:25] [Server thread/TRACE] [FML]:   Registry: 235 minecraft:leather_boots net.minecraft.item.crafting.ShapedRecipes@19a7906c
[01:00:25] [Server thread/TRACE] [FML]:   Registry: 236 minecraft:leather net.minecraft.item.crafting.ShapedRecipes@25e6c22a
[01:00:25] [Server thread/TRACE] [FML]:   Registry: 237 minecraft:lead net.minecraft.item.crafting.ShapedRecipes@edbc2bf
[01:00:25] [Server thread/TRACE] [FML]:   Registry: 238 minecraft:lapis_lazuli net.minecraft.item.crafting.ShapedRecipes@5e8f0f98
[01:00:25] [Server thread/TRACE] [FML]:   Registry: 239 minecraft:lapis_block net.minecraft.item.crafting.ShapedRecipes@74830d73
[01:00:25] [Server thread/TRACE] [FML]:   Registry: 240 minecraft:ladder net.minecraft.item.crafting.ShapedRecipes@43ab0659
[01:00:25] [Server thread/TRACE] [FML]:   Registry: 241 minecraft:jungle_wooden_slab net.minecraft.item.crafting.ShapedRecipes@6ac9b66b
[01:00:25] [Server thread/TRACE] [FML]:   Registry: 242 minecraft:jungle_stairs net.minecraft.item.crafting.ShapedRecipes@78e043e4
[01:00:25] [Server thread/TRACE] [FML]:   Registry: 243 minecraft:jungle_planks net.minecraft.item.crafting.ShapedRecipes@38e7860c
[01:00:25] [Server thread/TRACE] [FML]:   Registry: 244 minecraft:jungle_fence_gate net.minecraft.item.crafting.ShapedRecipes@5891b7c5
[01:00:25] [Server thread/TRACE] [FML]:   Registry: 245 minecraft:jungle_fence net.minecraft.item.crafting.ShapedRecipes@2965dd88
[01:00:25] [Server thread/TRACE] [FML]:   Registry: 246 minecraft:jungle_door net.minecraft.item.crafting.ShapedRecipes@35ceec81
[01:00:25] [Server thread/TRACE] [FML]:   Registry: 247 minecraft:jungle_boat net.minecraft.item.crafting.ShapedRecipes@be616f0
[01:00:25] [Server thread/TRACE] [FML]:   Registry: 248 minecraft:jukebox net.minecraft.item.crafting.ShapedRecipes@78f5cbc5
[01:00:25] [Server thread/TRACE] [FML]:   Registry: 249 minecraft:item_frame net.minecraft.item.crafting.ShapedRecipes@70ee1963
[01:00:25] [Server thread/TRACE] [FML]:   Registry: 250 minecraft:iron_trapdoor net.minecraft.item.crafting.ShapedRecipes@12be4f83
[01:00:25] [Server thread/TRACE] [FML]:   Registry: 251 minecraft:iron_sword net.minecraft.item.crafting.ShapedRecipes@11bfd751
[01:00:25] [Server thread/TRACE] [FML]:   Registry: 252 minecraft:iron_shovel net.minecraft.item.crafting.ShapedRecipes@17df689e
[01:00:25] [Server thread/TRACE] [FML]:   Registry: 253 minecraft:iron_pickaxe net.minecraft.item.crafting.ShapedRecipes@713e7d9a
[01:00:25] [Server thread/TRACE] [FML]:   Registry: 254 minecraft:iron_nugget net.minecraft.item.crafting.ShapedRecipes@3e6acec2
[01:00:25] [Server thread/TRACE] [FML]:   Registry: 255 minecraft:iron_leggings net.minecraft.item.crafting.ShapedRecipes@1f1fbc9f
[01:00:25] [Server thread/TRACE] [FML]:   Registry: 256 minecraft:iron_ingot_from_nuggets net.minecraft.item.crafting.ShapedRecipes@1e258d3b
[01:00:25] [Server thread/TRACE] [FML]:   Registry: 257 minecraft:iron_ingot_from_block net.minecraft.item.crafting.ShapedRecipes@164dea80
[01:00:25] [Server thread/TRACE] [FML]:   Registry: 258 minecraft:iron_hoe net.minecraft.item.crafting.ShapedRecipes@2328ec73
[01:00:25] [Server thread/TRACE] [FML]:   Registry: 259 minecraft:iron_helmet net.minecraft.item.crafting.ShapedRecipes@58021c3c
[01:00:25] [Server thread/TRACE] [FML]:   Registry: 260 minecraft:iron_door net.minecraft.item.crafting.ShapedRecipes@6d31f14
[01:00:25] [Server thread/TRACE] [FML]:   Registry: 261 minecraft:iron_chestplate net.minecraft.item.crafting.ShapedRecipes@65ef9a0a
[01:00:25] [Server thread/TRACE] [FML]:   Registry: 262 minecraft:iron_boots net.minecraft.item.crafting.ShapedRecipes@45bf93bb
[01:00:25] [Server thread/TRACE] [FML]:   Registry: 263 minecraft:iron_block net.minecraft.item.crafting.ShapedRecipes@114b203
[01:00:25] [Server thread/TRACE] [FML]:   Registry: 264 minecraft:iron_bars net.minecraft.item.crafting.ShapedRecipes@31f5b923
[01:00:25] [Server thread/TRACE] [FML]:   Registry: 265 minecraft:iron_axe net.minecraft.item.crafting.ShapedRecipes@3ca278bc
[01:00:25] [Server thread/TRACE] [FML]:   Registry: 266 minecraft:hopper_minecart net.minecraft.item.crafting.ShapedRecipes@47b4ac83
[01:00:25] [Server thread/TRACE] [FML]:   Registry: 267 minecraft:hopper net.minecraft.item.crafting.ShapedRecipes@7c69e1e1
[01:00:25] [Server thread/TRACE] [FML]:   Registry: 268 minecraft:heavy_weighted_pressure_plate net.minecraft.item.crafting.ShapedRecipes@39b85a73
[01:00:25] [Server thread/TRACE] [FML]:   Registry: 269 minecraft:hay_block net.minecraft.item.crafting.ShapedRecipes@654b899f
[01:00:25] [Server thread/TRACE] [FML]:   Registry: 270 minecraft:green_wool net.minecraft.item.crafting.ShapelessRecipes@287ad0da
[01:00:25] [Server thread/TRACE] [FML]:   Registry: 271 minecraft:green_stained_hardened_clay net.minecraft.item.crafting.ShapedRecipes@7fcc3745
[01:00:25] [Server thread/TRACE] [FML]:   Registry: 272 minecraft:green_stained_glass_pane net.minecraft.item.crafting.ShapedRecipes@1a819901
[01:00:25] [Server thread/TRACE] [FML]:   Registry: 273 minecraft:green_stained_glass net.minecraft.item.crafting.ShapedRecipes@60e47aab
[01:00:25] [Server thread/TRACE] [FML]:   Registry: 274 minecraft:green_concrete_powder net.minecraft.item.crafting.ShapelessRecipes@1b28cff
[01:00:25] [Server thread/TRACE] [FML]:   Registry: 275 minecraft:green_carpet net.minecraft.item.crafting.ShapedRecipes@7e3d168e
[01:00:25] [Server thread/TRACE] [FML]:   Registry: 276 minecraft:green_bed_from_white_bed net.minecraft.item.crafting.ShapelessRecipes@2dc3ece8
[01:00:25] [Server thread/TRACE] [FML]:   Registry: 277 minecraft:green_bed net.minecraft.item.crafting.ShapedRecipes@fbbd90c
[01:00:25] [Server thread/TRACE] [FML]:   Registry: 278 minecraft:green_banner net.minecraft.item.crafting.ShapedRecipes@49d543a9
[01:00:25] [Server thread/TRACE] [FML]:   Registry: 279 minecraft:gray_wool net.minecraft.item.crafting.ShapelessRecipes@533e2f4
[01:00:25] [Server thread/TRACE] [FML]:   Registry: 280 minecraft:gray_stained_hardened_clay net.minecraft.item.crafting.ShapedRecipes@75bf9e67
[01:00:25] [Server thread/TRACE] [FML]:   Registry: 281 minecraft:gray_stained_glass_pane net.minecraft.item.crafting.ShapedRecipes@356fa0d1
[01:00:25] [Server thread/TRACE] [FML]:   Registry: 282 minecraft:gray_stained_glass net.minecraft.item.crafting.ShapedRecipes@2cadcff6
[01:00:25] [Server thread/TRACE] [FML]:   Registry: 283 minecraft:gray_dye net.minecraft.item.crafting.ShapelessRecipes@e5c5e6
[01:00:25] [Server thread/TRACE] [FML]:   Registry: 284 minecraft:gray_concrete_powder net.minecraft.item.crafting.ShapelessRecipes@4f676900
[01:00:25] [Server thread/TRACE] [FML]:   Registry: 285 minecraft:gray_carpet net.minecraft.item.crafting.ShapedRecipes@5d32c1c7
[01:00:25] [Server thread/TRACE] [FML]:   Registry: 286 minecraft:gray_bed_from_white_bed net.minecraft.item.crafting.ShapelessRecipes@bb50de6
[01:00:25] [Server thread/TRACE] [FML]:   Registry: 287 minecraft:gray_bed net.minecraft.item.crafting.ShapedRecipes@c4551c6
[01:00:25] [Server thread/TRACE] [FML]:   Registry: 288 minecraft:gray_banner net.minecraft.item.crafting.ShapedRecipes@528f5b7f
[01:00:25] [Server thread/TRACE] [FML]:   Registry: 289 minecraft:granite net.minecraft.item.crafting.ShapelessRecipes@1ef93e01
[01:00:25] [Server thread/TRACE] [FML]:   Registry: 290 minecraft:golden_sword net.minecraft.item.crafting.ShapedRecipes@66863941
[01:00:25] [Server thread/TRACE] [FML]:   Registry: 291 minecraft:golden_shovel net.minecraft.item.crafting.ShapedRecipes@54387873
[01:00:25] [Server thread/TRACE] [FML]:   Registry: 292 minecraft:golden_rail net.minecraft.item.crafting.ShapedRecipes@39afe59f
[01:00:25] [Server thread/TRACE] [FML]:   Registry: 293 minecraft:golden_pickaxe net.minecraft.item.crafting.ShapedRecipes@4e96cb04
[01:00:25] [Server thread/TRACE] [FML]:   Registry: 294 minecraft:golden_leggings net.minecraft.item.crafting.ShapedRecipes@62054faf
[01:00:25] [Server thread/TRACE] [FML]:   Registry: 295 minecraft:golden_hoe net.minecraft.item.crafting.ShapedRecipes@3578a45b
[01:00:25] [Server thread/TRACE] [FML]:   Registry: 296 minecraft:golden_helmet net.minecraft.item.crafting.ShapedRecipes@1efcba00
[01:00:25] [Server thread/TRACE] [FML]:   Registry: 297 minecraft:golden_chestplate net.minecraft.item.crafting.ShapedRecipes@77ce8bc5
[01:00:25] [Server thread/TRACE] [FML]:   Registry: 298 minecraft:golden_carrot net.minecraft.item.crafting.ShapedRecipes@22361e23
[01:00:25] [Server thread/TRACE] [FML]:   Registry: 299 minecraft:golden_boots net.minecraft.item.crafting.ShapedRecipes@26aee0a6
[01:00:25] [Server thread/TRACE] [FML]:   Registry: 300 minecraft:golden_axe net.minecraft.item.crafting.ShapedRecipes@6b0325d0
[01:00:25] [Server thread/TRACE] [FML]:   Registry: 301 minecraft:golden_apple net.minecraft.item.crafting.ShapedRecipes@51cca357
[01:00:25] [Server thread/TRACE] [FML]:   Registry: 302 minecraft:gold_nugget net.minecraft.item.crafting.ShapedRecipes@e994ca
[01:00:25] [Server thread/TRACE] [FML]:   Registry: 303 minecraft:gold_ingot_from_nuggets net.minecraft.item.crafting.ShapedRecipes@5daad59a
[01:00:25] [Server thread/TRACE] [FML]:   Registry: 304 minecraft:gold_ingot_from_block net.minecraft.item.crafting.ShapedRecipes@8ef1d58
[01:00:25] [Server thread/TRACE] [FML]:   Registry: 305 minecraft:gold_block net.minecraft.item.crafting.ShapedRecipes@350342e0
[01:00:25] [Server thread/TRACE] [FML]:   Registry: 306 minecraft:glowstone net.minecraft.item.crafting.ShapedRecipes@43fe2008
[01:00:25] [Server thread/TRACE] [FML]:   Registry: 307 minecraft:glass_pane net.minecraft.item.crafting.ShapedRecipes@1fc3df43
[01:00:25] [Server thread/TRACE] [FML]:   Registry: 308 minecraft:glass_bottle net.minecraft.item.crafting.ShapedRecipes@8b89b3a
[01:00:25] [Server thread/TRACE] [FML]:   Registry: 309 minecraft:furnace_minecart net.minecraft.item.crafting.ShapedRecipes@4ab9d160
[01:00:25] [Server thread/TRACE] [FML]:   Registry: 310 minecraft:furnace net.minecraft.item.crafting.ShapedRecipes@74431832
[01:00:25] [Server thread/TRACE] [FML]:   Registry: 311 minecraft:flower_pot net.minecraft.item.crafting.ShapedRecipes@43b172e3
[01:00:25] [Server thread/TRACE] [FML]:   Registry: 312 minecraft:flint_and_steel net.minecraft.item.crafting.ShapelessRecipes@6fe2a366
[01:00:25] [Server thread/TRACE] [FML]:   Registry: 313 minecraft:fishing_rod net.minecraft.item.crafting.ShapedRecipes@5c79c5ec
[01:00:25] [Server thread/TRACE] [FML]:   Registry: 314 minecraft:fire_charge net.minecraft.item.crafting.ShapelessRecipes@4b61e97
[01:00:25] [Server thread/TRACE] [FML]:   Registry: 315 minecraft:fermented_spider_eye net.minecraft.item.crafting.ShapelessRecipes@120d6cbf
[01:00:25] [Server thread/TRACE] [FML]:   Registry: 316 minecraft:fence_gate net.minecraft.item.crafting.ShapedRecipes@590dea35
[01:00:25] [Server thread/TRACE] [FML]:   Registry: 317 minecraft:fence net.minecraft.item.crafting.ShapedRecipes@46994f26
[01:00:25] [Server thread/TRACE] [FML]:   Registry: 318 minecraft:ender_eye net.minecraft.item.crafting.ShapelessRecipes@6106dfb6
[01:00:25] [Server thread/TRACE] [FML]:   Registry: 319 minecraft:ender_chest net.minecraft.item.crafting.ShapedRecipes@2336cd91
[01:00:25] [Server thread/TRACE] [FML]:   Registry: 320 minecraft:end_rod net.minecraft.item.crafting.ShapedRecipes@4b50c21
[01:00:25] [Server thread/TRACE] [FML]:   Registry: 321 minecraft:end_crystal net.minecraft.item.crafting.ShapedRecipes@5f33e6d
[01:00:25] [Server thread/TRACE] [FML]:   Registry: 322 minecraft:end_bricks net.minecraft.item.crafting.ShapedRecipes@a1cb94
[01:00:25] [Server thread/TRACE] [FML]:   Registry: 323 minecraft:enchanting_table net.minecraft.item.crafting.ShapedRecipes@12548f9a
[01:00:25] [Server thread/TRACE] [FML]:   Registry: 324 minecraft:emerald_block net.minecraft.item.crafting.ShapedRecipes@2e4d4d22
[01:00:25] [Server thread/TRACE] [FML]:   Registry: 325 minecraft:emerald net.minecraft.item.crafting.ShapedRecipes@2c7375da
[01:00:25] [Server thread/TRACE] [FML]:   Registry: 326 minecraft:dropper net.minecraft.item.crafting.ShapedRecipes@7e89eba7
[01:00:25] [Server thread/TRACE] [FML]:   Registry: 327 minecraft:dispenser net.minecraft.item.crafting.ShapedRecipes@72f35a31
[01:00:25] [Server thread/TRACE] [FML]:   Registry: 328 minecraft:diorite net.minecraft.item.crafting.ShapedRecipes@77020328
[01:00:25] [Server thread/TRACE] [FML]:   Registry: 329 minecraft:diamond_sword net.minecraft.item.crafting.ShapedRecipes@e6e5da4
[01:00:25] [Server thread/TRACE] [FML]:   Registry: 330 minecraft:diamond_shovel net.minecraft.item.crafting.ShapedRecipes@1d556461
[01:00:25] [Server thread/TRACE] [FML]:   Registry: 331 minecraft:diamond_pickaxe net.minecraft.item.crafting.ShapedRecipes@749f61a3
[01:00:25] [Server thread/TRACE] [FML]:   Registry: 332 minecraft:diamond_leggings net.minecraft.item.crafting.ShapedRecipes@fb5d334
[01:00:25] [Server thread/TRACE] [FML]:   Registry: 333 minecraft:diamond_hoe net.minecraft.item.crafting.ShapedRecipes@27ec0d06
[01:00:25] [Server thread/TRACE] [FML]:   Registry: 334 minecraft:diamond_helmet net.minecraft.item.crafting.ShapedRecipes@2a65e237
[01:00:25] [Server thread/TRACE] [FML]:   Registry: 335 minecraft:diamond_chestplate net.minecraft.item.crafting.ShapedRecipes@41f686af
[01:00:25] [Server thread/TRACE] [FML]:   Registry: 336 minecraft:diamond_boots net.minecraft.item.crafting.ShapedRecipes@77a9ac36
[01:00:25] [Server thread/TRACE] [FML]:   Registry: 337 minecraft:diamond_block net.minecraft.item.crafting.ShapedRecipes@1eb6037d
[01:00:25] [Server thread/TRACE] [FML]:   Registry: 338 minecraft:diamond_axe net.minecraft.item.crafting.ShapedRecipes@38826984
[01:00:25] [Server thread/TRACE] [FML]:   Registry: 339 minecraft:diamond net.minecraft.item.crafting.ShapedRecipes@7a78d380
[01:00:25] [Server thread/TRACE] [FML]:   Registry: 340 minecraft:detector_rail net.minecraft.item.crafting.ShapedRecipes@54997f67
[01:00:25] [Server thread/TRACE] [FML]:   Registry: 341 minecraft:daylight_detector net.minecraft.item.crafting.ShapedRecipes@7402c49f
[01:00:25] [Server thread/TRACE] [FML]:   Registry: 342 minecraft:dark_prismarine net.minecraft.item.crafting.ShapedRecipes@3f1d6a13
[01:00:25] [Server thread/TRACE] [FML]:   Registry: 343 minecraft:dark_oak_wooden_slab net.minecraft.item.crafting.ShapedRecipes@6ae6d078
[01:00:25] [Server thread/TRACE] [FML]:   Registry: 344 minecraft:dark_oak_stairs net.minecraft.item.crafting.ShapedRecipes@326706d
[01:00:25] [Server thread/TRACE] [FML]:   Registry: 345 minecraft:dark_oak_planks net.minecraft.item.crafting.ShapedRecipes@44a14de0
[01:00:25] [Server thread/TRACE] [FML]:   Registry: 346 minecraft:dark_oak_fence_gate net.minecraft.item.crafting.ShapedRecipes@78504ce9
[01:00:25] [Server thread/TRACE] [FML]:   Registry: 347 minecraft:dark_oak_fence net.minecraft.item.crafting.ShapedRecipes@26d8908e
[01:00:25] [Server thread/TRACE] [FML]:   Registry: 348 minecraft:dark_oak_door net.minecraft.item.crafting.ShapedRecipes@4119346d
[01:00:25] [Server thread/TRACE] [FML]:   Registry: 349 minecraft:dark_oak_boat net.minecraft.item.crafting.ShapedRecipes@1a66be41
[01:00:25] [Server thread/TRACE] [FML]:   Registry: 350 minecraft:cyan_wool net.minecraft.item.crafting.ShapelessRecipes@68454ed5
[01:00:25] [Server thread/TRACE] [FML]:   Registry: 351 minecraft:cyan_stained_hardened_clay net.minecraft.item.crafting.ShapedRecipes@591e5fd4
[01:00:25] [Server thread/TRACE] [FML]:   Registry: 352 minecraft:cyan_stained_glass_pane net.minecraft.item.crafting.ShapedRecipes@1c792107
[01:00:25] [Server thread/TRACE] [FML]:   Registry: 353 minecraft:cyan_stained_glass net.minecraft.item.crafting.ShapedRecipes@1bb4c431
[01:00:25] [Server thread/TRACE] [FML]:   Registry: 354 minecraft:cyan_dye net.minecraft.item.crafting.ShapelessRecipes@56b66a26
[01:00:25] [Server thread/TRACE] [FML]:   Registry: 355 minecraft:cyan_concrete_powder net.minecraft.item.crafting.ShapelessRecipes@45c408a4
[01:00:25] [Server thread/TRACE] [FML]:   Registry: 356 minecraft:cyan_carpet net.minecraft.item.crafting.ShapedRecipes@cb318ac
[01:00:25] [Server thread/TRACE] [FML]:   Registry: 357 minecraft:cyan_bed_from_white_bed net.minecraft.item.crafting.ShapelessRecipes@6f4adaab
[01:00:25] [Server thread/TRACE] [FML]:   Registry: 358 minecraft:cyan_bed net.minecraft.item.crafting.ShapedRecipes@4e1a3d5a
[01:00:25] [Server thread/TRACE] [FML]:   Registry: 359 minecraft:cyan_banner net.minecraft.item.crafting.ShapedRecipes@4cef0747
[01:00:25] [Server thread/TRACE] [FML]:   Registry: 360 minecraft:crafting_table net.minecraft.item.crafting.ShapedRecipes@113d0f75
[01:00:25] [Server thread/TRACE] [FML]:   Registry: 361 minecraft:cookie net.minecraft.item.crafting.ShapedRecipes@7d17906
[01:00:25] [Server thread/TRACE] [FML]:   Registry: 362 minecraft:compass net.minecraft.item.crafting.ShapedRecipes@5534e6f1
[01:00:25] [Server thread/TRACE] [FML]:   Registry: 363 minecraft:comparator net.minecraft.item.crafting.ShapedRecipes@66e12c3b
[01:00:25] [Server thread/TRACE] [FML]:   Registry: 364 minecraft:cobblestone_wall net.minecraft.item.crafting.ShapedRecipes@4d8f2cfd
[01:00:25] [Server thread/TRACE] [FML]:   Registry: 365 minecraft:cobblestone_slab net.minecraft.item.crafting.ShapedRecipes@1e4d8770
[01:00:25] [Server thread/TRACE] [FML]:   Registry: 366 minecraft:coarse_dirt net.minecraft.item.crafting.ShapedRecipes@13404f75
[01:00:25] [Server thread/TRACE] [FML]:   Registry: 367 minecraft:coal_block net.minecraft.item.crafting.ShapedRecipes@2cdb5974
[01:00:25] [Server thread/TRACE] [FML]:   Registry: 368 minecraft:coal net.minecraft.item.crafting.ShapedRecipes@1450ffa3
[01:00:25] [Server thread/TRACE] [FML]:   Registry: 369 minecraft:clock net.minecraft.item.crafting.ShapedRecipes@1c31de5d
[01:00:25] [Server thread/TRACE] [FML]:   Registry: 370 minecraft:clay net.minecraft.item.crafting.ShapedRecipes@949d347
[01:00:25] [Server thread/TRACE] [FML]:   Registry: 371 minecraft:chiseled_stonebrick net.minecraft.item.crafting.ShapedRecipes@2b90cc1
[01:00:25] [Server thread/TRACE] [FML]:   Registry: 372 minecraft:chiseled_sandstone net.minecraft.item.crafting.ShapedRecipes@d2cb2d0
[01:00:25] [Server thread/TRACE] [FML]:   Registry: 373 minecraft:chiseled_red_sandstone net.minecraft.item.crafting.ShapedRecipes@54556723
[01:00:25] [Server thread/TRACE] [FML]:   Registry: 374 minecraft:chiseled_quartz_block net.minecraft.item.crafting.ShapedRecipes@445b85d7
[01:00:25] [Server thread/TRACE] [FML]:   Registry: 375 minecraft:chest_minecart net.minecraft.item.crafting.ShapedRecipes@26a33cf
[01:00:25] [Server thread/TRACE] [FML]:   Registry: 376 minecraft:chest net.minecraft.item.crafting.ShapedRecipes@8d29719
[01:00:25] [Server thread/TRACE] [FML]:   Registry: 377 minecraft:cauldron net.minecraft.item.crafting.ShapedRecipes@2591d23a
[01:00:25] [Server thread/TRACE] [FML]:   Registry: 378 minecraft:carrot_on_a_stick net.minecraft.item.crafting.ShapedRecipes@67f8f5a6
[01:00:25] [Server thread/TRACE] [FML]:   Registry: 379 minecraft:cake net.minecraft.item.crafting.ShapedRecipes@7c9ea1d0
[01:00:25] [Server thread/TRACE] [FML]:   Registry: 380 minecraft:bucket net.minecraft.item.crafting.ShapedRecipes@51d88c38
[01:00:25] [Server thread/TRACE] [FML]:   Registry: 381 minecraft:brown_wool net.minecraft.item.crafting.ShapelessRecipes@3a8b9458
[01:00:25] [Server thread/TRACE] [FML]:   Registry: 382 minecraft:brown_stained_hardened_clay net.minecraft.item.crafting.ShapedRecipes@295f2d1b
[01:00:25] [Server thread/TRACE] [FML]:   Registry: 383 minecraft:brown_stained_glass_pane net.minecraft.item.crafting.ShapedRecipes@28dacf31
[01:00:25] [Server thread/TRACE] [FML]:   Registry: 384 minecraft:brown_stained_glass net.minecraft.item.crafting.ShapedRecipes@1eb9d69a
[01:00:25] [Server thread/TRACE] [FML]:   Registry: 385 minecraft:brown_concrete_powder net.minecraft.item.crafting.ShapelessRecipes@71668a67
[01:00:25] [Server thread/TRACE] [FML]:   Registry: 386 minecraft:brown_carpet net.minecraft.item.crafting.ShapedRecipes@2047adea
[01:00:25] [Server thread/TRACE] [FML]:   Registry: 387 minecraft:brown_bed_from_white_bed net.minecraft.item.crafting.ShapelessRecipes@2110684a
[01:00:25] [Server thread/TRACE] [FML]:   Registry: 388 minecraft:brown_bed net.minecraft.item.crafting.ShapedRecipes@62794582
[01:00:25] [Server thread/TRACE] [FML]:   Registry: 389 minecraft:brown_banner net.minecraft.item.crafting.ShapedRecipes@1cb44a2f
[01:00:25] [Server thread/TRACE] [FML]:   Registry: 390 minecraft:brick_stairs net.minecraft.item.crafting.ShapedRecipes@212e39ee
[01:00:25] [Server thread/TRACE] [FML]:   Registry: 391 minecraft:brick_slab net.minecraft.item.crafting.ShapedRecipes@197d5a87
[01:00:25] [Server thread/TRACE] [FML]:   Registry: 392 minecraft:brick_block net.minecraft.item.crafting.ShapedRecipes@3c8fe8ad
[01:00:25] [Server thread/TRACE] [FML]:   Registry: 393 minecraft:brewing_stand net.minecraft.item.crafting.ShapedRecipes@9d3a7a1
[01:00:25] [Server thread/TRACE] [FML]:   Registry: 394 minecraft:bread net.minecraft.item.crafting.ShapedRecipes@1d2c253
[01:00:25] [Server thread/TRACE] [FML]:   Registry: 395 minecraft:bowl net.minecraft.item.crafting.ShapedRecipes@4df7b4ac
[01:00:25] [Server thread/TRACE] [FML]:   Registry: 396 minecraft:bow net.minecraft.item.crafting.ShapedRecipes@294c44b7
[01:00:25] [Server thread/TRACE] [FML]:   Registry: 397 minecraft:bookshelf net.minecraft.item.crafting.ShapedRecipes@72e75786
[01:00:25] [Server thread/TRACE] [FML]:   Registry: 398 minecraft:book net.minecraft.item.crafting.ShapelessRecipes@6a04d2a4
[01:00:25] [Server thread/TRACE] [FML]:   Registry: 399 minecraft:bone_meal_from_bone net.minecraft.item.crafting.ShapelessRecipes@61836cd9
[01:00:25] [Server thread/TRACE] [FML]:   Registry: 400 minecraft:bone_meal_from_block net.minecraft.item.crafting.ShapelessRecipes@556aed22
[01:00:25] [Server thread/TRACE] [FML]:   Registry: 401 minecraft:bone_block net.minecraft.item.crafting.ShapedRecipes@19e801b5
[01:00:25] [Server thread/TRACE] [FML]:   Registry: 402 minecraft:boat net.minecraft.item.crafting.ShapedRecipes@9cc0505
[01:00:25] [Server thread/TRACE] [FML]:   Registry: 403 minecraft:blue_wool net.minecraft.item.crafting.ShapelessRecipes@3d3b272a
[01:00:25] [Server thread/TRACE] [FML]:   Registry: 404 minecraft:blue_stained_hardened_clay net.minecraft.item.crafting.ShapedRecipes@707f4647
[01:00:25] [Server thread/TRACE] [FML]:   Registry: 405 minecraft:blue_stained_glass_pane net.minecraft.item.crafting.ShapedRecipes@16949dfa
[01:00:25] [Server thread/TRACE] [FML]:   Registry: 406 minecraft:blue_stained_glass net.minecraft.item.crafting.ShapedRecipes@17f41739
[01:00:25] [Server thread/TRACE] [FML]:   Registry: 407 minecraft:blue_concrete_powder net.minecraft.item.crafting.ShapelessRecipes@2b9ecd05
[01:00:25] [Server thread/TRACE] [FML]:   Registry: 408 minecraft:blue_carpet net.minecraft.item.crafting.ShapedRecipes@7598d675
[01:00:25] [Server thread/TRACE] [FML]:   Registry: 409 minecraft:blue_bed_from_white_bed net.minecraft.item.crafting.ShapelessRecipes@340fc1aa
[01:00:25] [Server thread/TRACE] [FML]:   Registry: 410 minecraft:blue_bed net.minecraft.item.crafting.ShapedRecipes@22429a11
[01:00:25] [Server thread/TRACE] [FML]:   Registry: 411 minecraft:blue_banner net.minecraft.item.crafting.ShapedRecipes@2a99fa07
[01:00:25] [Server thread/TRACE] [FML]:   Registry: 412 minecraft:blaze_powder net.minecraft.item.crafting.ShapelessRecipes@323efafe
[01:00:25] [Server thread/TRACE] [FML]:   Registry: 413 minecraft:black_wool net.minecraft.item.crafting.ShapelessRecipes@4182a651
[01:00:25] [Server thread/TRACE] [FML]:   Registry: 414 minecraft:black_stained_hardened_clay net.minecraft.item.crafting.ShapedRecipes@799fb45e
[01:00:25] [Server thread/TRACE] [FML]:   Registry: 415 minecraft:black_stained_glass_pane net.minecraft.item.crafting.ShapedRecipes@3bf01a01
[01:00:25] [Server thread/TRACE] [FML]:   Registry: 416 minecraft:black_stained_glass net.minecraft.item.crafting.ShapedRecipes@6ffc6ea7
[01:00:25] [Server thread/TRACE] [FML]:   Registry: 417 minecraft:black_concrete_powder net.minecraft.item.crafting.ShapelessRecipes@141dfcf9
[01:00:25] [Server thread/TRACE] [FML]:   Registry: 418 minecraft:black_carpet net.minecraft.item.crafting.ShapedRecipes@621392ea
[01:00:25] [Server thread/TRACE] [FML]:   Registry: 419 minecraft:black_bed_from_white_bed net.minecraft.item.crafting.ShapelessRecipes@71285693
[01:00:25] [Server thread/TRACE] [FML]:   Registry: 420 minecraft:black_bed net.minecraft.item.crafting.ShapedRecipes@520c3dcb
[01:00:25] [Server thread/TRACE] [FML]:   Registry: 421 minecraft:black_banner net.minecraft.item.crafting.ShapedRecipes@5960f17
[01:00:25] [Server thread/TRACE] [FML]:   Registry: 422 minecraft:birch_wooden_slab net.minecraft.item.crafting.ShapedRecipes@174e1b99
[01:00:25] [Server thread/TRACE] [FML]:   Registry: 423 minecraft:birch_stairs net.minecraft.item.crafting.ShapedRecipes@73da303e
[01:00:25] [Server thread/TRACE] [FML]:   Registry: 424 minecraft:birch_planks net.minecraft.item.crafting.ShapedRecipes@7f77e065
[01:00:25] [Server thread/TRACE] [FML]:   Registry: 425 minecraft:birch_fence_gate net.minecraft.item.crafting.ShapedRecipes@7fb82f73
[01:00:25] [Server thread/TRACE] [FML]:   Registry: 426 minecraft:birch_fence net.minecraft.item.crafting.ShapedRecipes@68c4a860
[01:00:25] [Server thread/TRACE] [FML]:   Registry: 427 minecraft:birch_door net.minecraft.item.crafting.ShapedRecipes@1dfe5dd1
[01:00:25] [Server thread/TRACE] [FML]:   Registry: 428 minecraft:birch_boat net.minecraft.item.crafting.ShapedRecipes@727956bb
[01:00:25] [Server thread/TRACE] [FML]:   Registry: 429 minecraft:beetroot_soup net.minecraft.item.crafting.ShapedRecipes@2b400bd0
[01:00:25] [Server thread/TRACE] [FML]:   Registry: 430 minecraft:beacon net.minecraft.item.crafting.ShapedRecipes@1fa18f87
[01:00:25] [Server thread/TRACE] [FML]:   Registry: 431 minecraft:arrow net.minecraft.item.crafting.ShapedRecipes@3b66ac74
[01:00:25] [Server thread/TRACE] [FML]:   Registry: 432 minecraft:armor_stand net.minecraft.item.crafting.ShapedRecipes@3d98729a
[01:00:25] [Server thread/TRACE] [FML]:   Registry: 433 minecraft:anvil net.minecraft.item.crafting.ShapedRecipes@506b083
[01:00:25] [Server thread/TRACE] [FML]:   Registry: 434 minecraft:andesite net.minecraft.item.crafting.ShapelessRecipes@2a6dbb7c
[01:00:25] [Server thread/TRACE] [FML]:   Registry: 435 minecraft:activator_rail net.minecraft.item.crafting.ShapedRecipes@36cf16a6
[01:00:25] [Server thread/TRACE] [FML]:   Registry: 436 minecraft:acacia_wooden_slab net.minecraft.item.crafting.ShapedRecipes@33eab2e8
[01:00:25] [Server thread/TRACE] [FML]:   Registry: 437 minecraft:acacia_stairs net.minecraft.item.crafting.ShapedRecipes@5bf7f15f
[01:00:25] [Server thread/TRACE] [FML]:   Registry: 438 minecraft:acacia_planks net.minecraft.item.crafting.ShapedRecipes@2bd4780c
[01:00:25] [Server thread/TRACE] [FML]:   Registry: 439 minecraft:acacia_fence_gate net.minecraft.item.crafting.ShapedRecipes@103e7c7c
[01:00:25] [Server thread/TRACE] [FML]:   Registry: 440 minecraft:acacia_fence net.minecraft.item.crafting.ShapedRecipes@3355b8ff
[01:00:25] [Server thread/TRACE] [FML]:   Registry: 441 minecraft:acacia_door net.minecraft.item.crafting.ShapedRecipes@3dfc59c5
[01:00:25] [Server thread/TRACE] [FML]:   Registry: 442 minecraft:acacia_boat net.minecraft.item.crafting.ShapedRecipes@73234691
[01:00:25] [Server thread/TRACE] [FML]: Registry Name : minecraft:villagerprofessions
[01:00:25] [Server thread/TRACE] [FML]:   Registry: 0 minecraft:farmer net.minecraftforge.fml.common.registry.VillagerRegistry$VillagerProfession@37d6dddc
[01:00:25] [Server thread/TRACE] [FML]:   Registry: 1 minecraft:librarian net.minecraftforge.fml.common.registry.VillagerRegistry$VillagerProfession@12214f2f
[01:00:25] [Server thread/TRACE] [FML]:   Registry: 2 minecraft:priest net.minecraftforge.fml.common.registry.VillagerRegistry$VillagerProfession@756c67cd
[01:00:25] [Server thread/TRACE] [FML]:   Registry: 3 minecraft:smith net.minecraftforge.fml.common.registry.VillagerRegistry$VillagerProfession@50de907a
[01:00:25] [Server thread/TRACE] [FML]:   Registry: 4 minecraft:butcher net.minecraftforge.fml.common.registry.VillagerRegistry$VillagerProfession@1fd37440
[01:00:25] [Server thread/TRACE] [FML]:   Registry: 5 minecraft:nitwit net.minecraftforge.fml.common.registry.VillagerRegistry$VillagerProfession@79308a2
[01:00:25] [Server thread/TRACE] [FML]: Registry Name : minecraft:dataserializers
[01:00:25] [Server thread/TRACE] [FML]: Registry Name : minecraft:entities
[01:00:25] [Server thread/TRACE] [FML]:   Registry: 1 minecraft:item net.minecraftforge.fml.common.registry.EntityEntry@7fd751de
[01:00:25] [Server thread/TRACE] [FML]:   Registry: 2 minecraft:xp_orb net.minecraftforge.fml.common.registry.EntityEntry@4a9b92c6
[01:00:25] [Server thread/TRACE] [FML]:   Registry: 3 minecraft:area_effect_cloud net.minecraftforge.fml.common.registry.EntityEntry@6ad6ae45
[01:00:25] [Server thread/TRACE] [FML]:   Registry: 4 minecraft:elder_guardian net.minecraftforge.fml.common.registry.EntityEntry@5885e231
[01:00:25] [Server thread/TRACE] [FML]:   Registry: 5 minecraft:wither_skeleton net.minecraftforge.fml.common.registry.EntityEntry@5835e24a
[01:00:25] [Server thread/TRACE] [FML]:   Registry: 6 minecraft:stray net.minecraftforge.fml.common.registry.EntityEntry@2b9b17ce
[01:00:25] [Server thread/TRACE] [FML]:   Registry: 7 minecraft:egg net.minecraftforge.fml.common.registry.EntityEntry@6f986501
[01:00:25] [Server thread/TRACE] [FML]:   Registry: 8 minecraft:leash_knot net.minecraftforge.fml.common.registry.EntityEntry@22ca1242
[01:00:25] [Server thread/TRACE] [FML]:   Registry: 9 minecraft:painting net.minecraftforge.fml.common.registry.EntityEntry@78288f83
[01:00:25] [Server thread/TRACE] [FML]:   Registry: 10 minecraft:arrow net.minecraftforge.fml.common.registry.EntityEntry@5beb6be2
[01:00:25] [Server thread/TRACE] [FML]:   Registry: 11 minecraft:snowball net.minecraftforge.fml.common.registry.EntityEntry@1182d1df
[01:00:25] [Server thread/TRACE] [FML]:   Registry: 12 minecraft:fireball net.minecraftforge.fml.common.registry.EntityEntry@6d8b7ea9
[01:00:25] [Server thread/TRACE] [FML]:   Registry: 13 minecraft:small_fireball net.minecraftforge.fml.common.registry.EntityEntry@16c5b50a
[01:00:25] [Server thread/TRACE] [FML]:   Registry: 14 minecraft:ender_pearl net.minecraftforge.fml.common.registry.EntityEntry@255ed8e4
[01:00:25] [Server thread/TRACE] [FML]:   Registry: 15 minecraft:eye_of_ender_signal net.minecraftforge.fml.common.registry.EntityEntry@2a7bc16b
[01:00:25] [Server thread/TRACE] [FML]:   Registry: 16 minecraft:potion net.minecraftforge.fml.common.registry.EntityEntry@42cc5460
[01:00:25] [Server thread/TRACE] [FML]:   Registry: 17 minecraft:xp_bottle net.minecraftforge.fml.common.registry.EntityEntry@20820df0
[01:00:25] [Server thread/TRACE] [FML]:   Registry: 18 minecraft:item_frame net.minecraftforge.fml.common.registry.EntityEntry@205159dc
[01:00:25] [Server thread/TRACE] [FML]:   Registry: 19 minecraft:wither_skull net.minecraftforge.fml.common.registry.EntityEntry@67941d
[01:00:25] [Server thread/TRACE] [FML]:   Registry: 20 minecraft:tnt net.minecraftforge.fml.common.registry.EntityEntry@6fde6f05
[01:00:25] [Server thread/TRACE] [FML]:   Registry: 21 minecraft:falling_block net.minecraftforge.fml.common.registry.EntityEntry@4def42c3
[01:00:25] [Server thread/TRACE] [FML]:   Registry: 22 minecraft:fireworks_rocket net.minecraftforge.fml.common.registry.EntityEntry@6eabe718
[01:00:25] [Server thread/TRACE] [FML]:   Registry: 23 minecraft:husk net.minecraftforge.fml.common.registry.EntityEntry@cd5ff55
[01:00:25] [Server thread/TRACE] [FML]:   Registry: 24 minecraft:spectral_arrow net.minecraftforge.fml.common.registry.EntityEntry@16b64a03
[01:00:25] [Server thread/TRACE] [FML]:   Registry: 25 minecraft:shulker_bullet net.minecraftforge.fml.common.registry.EntityEntry@4fe2dd02
[01:00:25] [Server thread/TRACE] [FML]:   Registry: 26 minecraft:dragon_fireball net.minecraftforge.fml.common.registry.EntityEntry@1a2724d3
[01:00:25] [Server thread/TRACE] [FML]:   Registry: 27 minecraft:zombie_villager net.minecraftforge.fml.common.registry.EntityEntry@1c2dd89b
[01:00:25] [Server thread/TRACE] [FML]:   Registry: 28 minecraft:skeleton_horse net.minecraftforge.fml.common.registry.EntityEntry@2e7bb00e
[01:00:25] [Server thread/TRACE] [FML]:   Registry: 29 minecraft:zombie_horse net.minecraftforge.fml.common.registry.EntityEntry@5fd18419
[01:00:25] [Server thread/TRACE] [FML]:   Registry: 30 minecraft:armor_stand net.minecraftforge.fml.common.registry.EntityEntry@7b451bf4
[01:00:25] [Server thread/TRACE] [FML]:   Registry: 31 minecraft:donkey net.minecraftforge.fml.common.registry.EntityEntry@5f45bc8e
[01:00:25] [Server thread/TRACE] [FML]:   Registry: 32 minecraft:mule net.minecraftforge.fml.common.registry.EntityEntry@7ab33ca8
[01:00:25] [Server thread/TRACE] [FML]:   Registry: 33 minecraft:evocation_fangs net.minecraftforge.fml.common.registry.EntityEntry@191f4d65
[01:00:25] [Server thread/TRACE] [FML]:   Registry: 34 minecraft:evocation_illager net.minecraftforge.fml.common.registry.EntityEntry@3e8b8f0
[01:00:25] [Server thread/TRACE] [FML]:   Registry: 35 minecraft:vex net.minecraftforge.fml.common.registry.EntityEntry@4b98225c
[01:00:25] [Server thread/TRACE] [FML]:   Registry: 36 minecraft:vindication_illager net.minecraftforge.fml.common.registry.EntityEntry@5408d4b3
[01:00:25] [Server thread/TRACE] [FML]:   Registry: 37 minecraft:illusion_illager net.minecraftforge.fml.common.registry.EntityEntry@fcd0e8d
[01:00:25] [Server thread/TRACE] [FML]:   Registry: 40 minecraft:commandblock_minecart net.minecraftforge.fml.common.registry.EntityEntry@6dece1f9
[01:00:25] [Server thread/TRACE] [FML]:   Registry: 41 minecraft:boat net.minecraftforge.fml.common.registry.EntityEntry@32b112a1
[01:00:25] [Server thread/TRACE] [FML]:   Registry: 42 minecraft:minecart net.minecraftforge.fml.common.registry.EntityEntry@5c5c7cc4
[01:00:25] [Server thread/TRACE] [FML]:   Registry: 43 minecraft:chest_minecart net.minecraftforge.fml.common.registry.EntityEntry@1214d23c
[01:00:25] [Server thread/TRACE] [FML]:   Registry: 44 minecraft:furnace_minecart net.minecraftforge.fml.common.registry.EntityEntry@595814a1
[01:00:25] [Server thread/TRACE] [FML]:   Registry: 45 minecraft:tnt_minecart net.minecraftforge.fml.common.registry.EntityEntry@49d42faf
[01:00:25] [Server thread/TRACE] [FML]:   Registry: 46 minecraft:hopper_minecart net.minecraftforge.fml.common.registry.EntityEntry@1209a0f
[01:00:25] [Server thread/TRACE] [FML]:   Registry: 47 minecraft:spawner_minecart net.minecraftforge.fml.common.registry.EntityEntry@520a95ff
[01:00:25] [Server thread/TRACE] [FML]:   Registry: 50 minecraft:creeper net.minecraftforge.fml.common.registry.EntityEntry@714f1a44
[01:00:25] [Server thread/TRACE] [FML]:   Registry: 51 minecraft:skeleton net.minecraftforge.fml.common.registry.EntityEntry@48368a08
[01:00:25] [Server thread/TRACE] [FML]:   Registry: 52 minecraft:spider net.minecraftforge.fml.common.registry.EntityEntry@58aa5c94
[01:00:25] [Server thread/TRACE] [FML]:   Registry: 53 minecraft:giant net.minecraftforge.fml.common.registry.EntityEntry@21f50d2c
[01:00:25] [Server thread/TRACE] [FML]:   Registry: 54 minecraft:zombie net.minecraftforge.fml.common.registry.EntityEntry@473847fb
[01:00:25] [Server thread/TRACE] [FML]:   Registry: 55 minecraft:slime net.minecraftforge.fml.common.registry.EntityEntry@46702c26
[01:00:25] [Server thread/TRACE] [FML]:   Registry: 56 minecraft:ghast net.minecraftforge.fml.common.registry.EntityEntry@7ea3839e
[01:00:25] [Server thread/TRACE] [FML]:   Registry: 57 minecraft:zombie_pigman net.minecraftforge.fml.common.registry.EntityEntry@3d3930fe
[01:00:25] [Server thread/TRACE] [FML]:   Registry: 58 minecraft:enderman net.minecraftforge.fml.common.registry.EntityEntry@699d96bc
[01:00:25] [Server thread/TRACE] [FML]:   Registry: 59 minecraft:cave_spider net.minecraftforge.fml.common.registry.EntityEntry@36e409e0
[01:00:25] [Server thread/TRACE] [FML]:   Registry: 60 minecraft:silverfish net.minecraftforge.fml.common.registry.EntityEntry@6d001fbe
[01:00:25] [Server thread/TRACE] [FML]:   Registry: 61 minecraft:blaze net.minecraftforge.fml.common.registry.EntityEntry@25cde5bb
[01:00:25] [Server thread/TRACE] [FML]:   Registry: 62 minecraft:magma_cube net.minecraftforge.fml.common.registry.EntityEntry@43a7203e
[01:00:25] [Server thread/TRACE] [FML]:   Registry: 63 minecraft:ender_dragon net.minecraftforge.fml.common.registry.EntityEntry@1be8c122
[01:00:25] [Server thread/TRACE] [FML]:   Registry: 64 minecraft:wither net.minecraftforge.fml.common.registry.EntityEntry@4be12f6c
[01:00:25] [Server thread/TRACE] [FML]:   Registry: 65 minecraft:bat net.minecraftforge.fml.common.registry.EntityEntry@55053f81
[01:00:25] [Server thread/TRACE] [FML]:   Registry: 66 minecraft:witch net.minecraftforge.fml.common.registry.EntityEntry@20864cd1
[01:00:25] [Server thread/TRACE] [FML]:   Registry: 67 minecraft:endermite net.minecraftforge.fml.common.registry.EntityEntry@3193e21d
[01:00:25] [Server thread/TRACE] [FML]:   Registry: 68 minecraft:guardian net.minecraftforge.fml.common.registry.EntityEntry@6b126187
[01:00:25] [Server thread/TRACE] [FML]:   Registry: 69 minecraft:shulker net.minecraftforge.fml.common.registry.EntityEntry@273aaab7
[01:00:25] [Server thread/TRACE] [FML]:   Registry: 90 minecraft:pig net.minecraftforge.fml.common.registry.EntityEntry@2086d469
[01:00:25] [Server thread/TRACE] [FML]:   Registry: 91 minecraft:sheep net.minecraftforge.fml.common.registry.EntityEntry@6dcf7b6a
[01:00:25] [Server thread/TRACE] [FML]:   Registry: 92 minecraft:cow net.minecraftforge.fml.common.registry.EntityEntry@402d6012
[01:00:25] [Server thread/TRACE] [FML]:   Registry: 93 minecraft:chicken net.minecraftforge.fml.common.registry.EntityEntry@41d20f06
[01:00:25] [Server thread/TRACE] [FML]:   Registry: 94 minecraft:squid net.minecraftforge.fml.common.registry.EntityEntry@5d221b20
[01:00:25] [Server thread/TRACE] [FML]:   Registry: 95 minecraft:wolf net.minecraftforge.fml.common.registry.EntityEntry@6f2d3391
[01:00:25] [Server thread/TRACE] [FML]:   Registry: 96 minecraft:mooshroom net.minecraftforge.fml.common.registry.EntityEntry@20027c44
[01:00:25] [Server thread/TRACE] [FML]:   Registry: 97 minecraft:snowman net.minecraftforge.fml.common.registry.EntityEntry@5d84e363
[01:00:25] [Server thread/TRACE] [FML]:   Registry: 98 minecraft:ocelot net.minecraftforge.fml.common.registry.EntityEntry@2c9cafa5
[01:00:25] [Server thread/TRACE] [FML]:   Registry: 99 minecraft:villager_golem net.minecraftforge.fml.common.registry.EntityEntry@559fd5ec
[01:00:25] [Server thread/TRACE] [FML]:   Registry: 100 minecraft:horse net.minecraftforge.fml.common.registry.EntityEntry@18989e0
[01:00:25] [Server thread/TRACE] [FML]:   Registry: 101 minecraft:rabbit net.minecraftforge.fml.common.registry.EntityEntry@4ccdacf5
[01:00:25] [Server thread/TRACE] [FML]:   Registry: 102 minecraft:polar_bear net.minecraftforge.fml.common.registry.EntityEntry@74ce7fdf
[01:00:25] [Server thread/TRACE] [FML]:   Registry: 103 minecraft:llama net.minecraftforge.fml.common.registry.EntityEntry@210a26b
[01:00:25] [Server thread/TRACE] [FML]:   Registry: 104 minecraft:llama_spit net.minecraftforge.fml.common.registry.EntityEntry@6cbdd1c5
[01:00:25] [Server thread/TRACE] [FML]:   Registry: 105 minecraft:parrot net.minecraftforge.fml.common.registry.EntityEntry@4dd1548e
[01:00:25] [Server thread/TRACE] [FML]:   Registry: 120 minecraft:villager net.minecraftforge.fml.common.registry.EntityEntry@5ed65e4b
[01:00:25] [Server thread/TRACE] [FML]:   Registry: 200 minecraft:ender_crystal net.minecraftforge.fml.common.registry.EntityEntry@40cf6254
[01:00:25] [Server thread/TRACE] [FML]: Registry Name : minecraft:blocks
[01:00:25] [Server thread/TRACE] [FML]:   Registry: 0 minecraft:air Block{minecraft:air}
[01:00:25] [Server thread/TRACE] [FML]:   Registry: 1 minecraft:stone Block{minecraft:stone}
[01:00:25] [Server thread/TRACE] [FML]:   Registry: 2 minecraft:grass Block{minecraft:grass}
[01:00:25] [Server thread/TRACE] [FML]:   Registry: 3 minecraft:dirt Block{minecraft:dirt}
[01:00:25] [Server thread/TRACE] [FML]:   Registry: 4 minecraft:cobblestone Block{minecraft:cobblestone}
[01:00:25] [Server thread/TRACE] [FML]:   Registry: 5 minecraft:planks Block{minecraft:planks}
[01:00:25] [Server thread/TRACE] [FML]:   Registry: 6 minecraft:sapling Block{minecraft:sapling}
[01:00:25] [Server thread/TRACE] [FML]:   Registry: 7 minecraft:bedrock Block{minecraft:bedrock}
[01:00:25] [Server thread/TRACE] [FML]:   Registry: 8 minecraft:flowing_water Block{minecraft:flowing_water}
[01:00:25] [Server thread/TRACE] [FML]:   Registry: 9 minecraft:water Block{minecraft:water}
[01:00:25] [Server thread/TRACE] [FML]:   Registry: 10 minecraft:flowing_lava Block{minecraft:flowing_lava}
[01:00:25] [Server thread/TRACE] [FML]:   Registry: 11 minecraft:lava Block{minecraft:lava}
[01:00:25] [Server thread/TRACE] [FML]:   Registry: 12 minecraft:sand Block{minecraft:sand}
[01:00:25] [Server thread/TRACE] [FML]:   Registry: 13 minecraft:gravel Block{minecraft:gravel}
[01:00:25] [Server thread/TRACE] [FML]:   Registry: 14 minecraft:gold_ore Block{minecraft:gold_ore}
[01:00:25] [Server thread/TRACE] [FML]:   Registry: 15 minecraft:iron_ore Block{minecraft:iron_ore}
[01:00:25] [Server thread/TRACE] [FML]:   Registry: 16 minecraft:coal_ore Block{minecraft:coal_ore}
[01:00:25] [Server thread/TRACE] [FML]:   Registry: 17 minecraft:log Block{minecraft:log}
[01:00:25] [Server thread/TRACE] [FML]:   Registry: 18 minecraft:leaves Block{minecraft:leaves}
[01:00:25] [Server thread/TRACE] [FML]:   Registry: 19 minecraft:sponge Block{minecraft:sponge}
[01:00:25] [Server thread/TRACE] [FML]:   Registry: 20 minecraft:glass Block{minecraft:glass}
[01:00:25] [Server thread/TRACE] [FML]:   Registry: 21 minecraft:lapis_ore Block{minecraft:lapis_ore}
[01:00:25] [Server thread/TRACE] [FML]:   Registry: 22 minecraft:lapis_block Block{minecraft:lapis_block}
[01:00:25] [Server thread/TRACE] [FML]:   Registry: 23 minecraft:dispenser Block{minecraft:dispenser}
[01:00:25] [Server thread/TRACE] [FML]:   Registry: 24 minecraft:sandstone Block{minecraft:sandstone}
[01:00:25] [Server thread/TRACE] [FML]:   Registry: 25 minecraft:noteblock Block{minecraft:noteblock}
[01:00:25] [Server thread/TRACE] [FML]:   Registry: 26 minecraft:bed Block{minecraft:bed}
[01:00:25] [Server thread/TRACE] [FML]:   Registry: 27 minecraft:golden_rail Block{minecraft:golden_rail}
[01:00:25] [Server thread/TRACE] [FML]:   Registry: 28 minecraft:detector_rail Block{minecraft:detector_rail}
[01:00:25] [Server thread/TRACE] [FML]:   Registry: 29 minecraft:sticky_piston Block{minecraft:sticky_piston}
[01:00:25] [Server thread/TRACE] [FML]:   Registry: 30 minecraft:web Block{minecraft:web}
[01:00:25] [Server thread/TRACE] [FML]:   Registry: 31 minecraft:tallgrass Block{minecraft:tallgrass}
[01:00:25] [Server thread/TRACE] [FML]:   Registry: 32 minecraft:deadbush Block{minecraft:deadbush}
[01:00:25] [Server thread/TRACE] [FML]:   Registry: 33 minecraft:piston Block{minecraft:piston}
[01:00:25] [Server thread/TRACE] [FML]:   Registry: 34 minecraft:piston_head Block{minecraft:piston_head}
[01:00:25] [Server thread/TRACE] [FML]:   Registry: 35 minecraft:wool Block{minecraft:wool}
[01:00:25] [Server thread/TRACE] [FML]:   Registry: 36 minecraft:piston_extension Block{minecraft:piston_extension}
[01:00:25] [Server thread/TRACE] [FML]:   Registry: 37 minecraft:yellow_flower Block{minecraft:yellow_flower}
[01:00:25] [Server thread/TRACE] [FML]:   Registry: 38 minecraft:red_flower Block{minecraft:red_flower}
[01:00:25] [Server thread/TRACE] [FML]:   Registry: 39 minecraft:brown_mushroom Block{minecraft:brown_mushroom}
[01:00:25] [Server thread/TRACE] [FML]:   Registry: 40 minecraft:red_mushroom Block{minecraft:red_mushroom}
[01:00:25] [Server thread/TRACE] [FML]:   Registry: 41 minecraft:gold_block Block{minecraft:gold_block}
[01:00:25] [Server thread/TRACE] [FML]:   Registry: 42 minecraft:iron_block Block{minecraft:iron_block}
[01:00:25] [Server thread/TRACE] [FML]:   Registry: 43 minecraft:double_stone_slab Block{minecraft:double_stone_slab}
[01:00:25] [Server thread/TRACE] [FML]:   Registry: 44 minecraft:stone_slab Block{minecraft:stone_slab}
[01:00:25] [Server thread/TRACE] [FML]:   Registry: 45 minecraft:brick_block Block{minecraft:brick_block}
[01:00:25] [Server thread/TRACE] [FML]:   Registry: 46 minecraft:tnt Block{minecraft:tnt}
[01:00:25] [Server thread/TRACE] [FML]:   Registry: 47 minecraft:bookshelf Block{minecraft:bookshelf}
[01:00:25] [Server thread/TRACE] [FML]:   Registry: 48 minecraft:mossy_cobblestone Block{minecraft:mossy_cobblestone}
[01:00:25] [Server thread/TRACE] [FML]:   Registry: 49 minecraft:obsidian Block{minecraft:obsidian}
[01:00:25] [Server thread/TRACE] [FML]:   Registry: 50 minecraft:torch Block{minecraft:torch}
[01:00:25] [Server thread/TRACE] [FML]:   Registry: 51 minecraft:fire Block{minecraft:fire}
[01:00:25] [Server thread/TRACE] [FML]:   Registry: 52 minecraft:mob_spawner Block{minecraft:mob_spawner}
[01:00:25] [Server thread/TRACE] [FML]:   Registry: 53 minecraft:oak_stairs Block{minecraft:oak_stairs}
[01:00:25] [Server thread/TRACE] [FML]:   Registry: 54 minecraft:chest Block{minecraft:chest}
[01:00:25] [Server thread/TRACE] [FML]:   Registry: 55 minecraft:redstone_wire Block{minecraft:redstone_wire}
[01:00:25] [Server thread/TRACE] [FML]:   Registry: 56 minecraft:diamond_ore Block{minecraft:diamond_ore}
[01:00:25] [Server thread/TRACE] [FML]:   Registry: 57 minecraft:diamond_block Block{minecraft:diamond_block}
[01:00:25] [Server thread/TRACE] [FML]:   Registry: 58 minecraft:crafting_table Block{minecraft:crafting_table}
[01:00:25] [Server thread/TRACE] [FML]:   Registry: 59 minecraft:wheat Block{minecraft:wheat}
[01:00:25] [Server thread/TRACE] [FML]:   Registry: 60 minecraft:farmland Block{minecraft:farmland}
[01:00:25] [Server thread/TRACE] [FML]:   Registry: 61 minecraft:furnace Block{minecraft:furnace}
[01:00:25] [Server thread/TRACE] [FML]:   Registry: 62 minecraft:lit_furnace Block{minecraft:lit_furnace}
[01:00:25] [Server thread/TRACE] [FML]:   Registry: 63 minecraft:standing_sign Block{minecraft:standing_sign}
[01:00:25] [Server thread/TRACE] [FML]:   Registry: 64 minecraft:wooden_door Block{minecraft:wooden_door}
[01:00:25] [Server thread/TRACE] [FML]:   Registry: 65 minecraft:ladder Block{minecraft:ladder}
[01:00:25] [Server thread/TRACE] [FML]:   Registry: 66 minecraft:rail Block{minecraft:rail}
[01:00:25] [Server thread/TRACE] [FML]:   Registry: 67 minecraft:stone_stairs Block{minecraft:stone_stairs}
[01:00:25] [Server thread/TRACE] [FML]:   Registry: 68 minecraft:wall_sign Block{minecraft:wall_sign}
[01:00:25] [Server thread/TRACE] [FML]:   Registry: 69 minecraft:lever Block{minecraft:lever}
[01:00:25] [Server thread/TRACE] [FML]:   Registry: 70 minecraft:stone_pressure_plate Block{minecraft:stone_pressure_plate}
[01:00:25] [Server thread/TRACE] [FML]:   Registry: 71 minecraft:iron_door Block{minecraft:iron_door}
[01:00:25] [Server thread/TRACE] [FML]:   Registry: 72 minecraft:wooden_pressure_plate Block{minecraft:wooden_pressure_plate}
[01:00:25] [Server thread/TRACE] [FML]:   Registry: 73 minecraft:redstone_ore Block{minecraft:redstone_ore}
[01:00:25] [Server thread/TRACE] [FML]:   Registry: 74 minecraft:lit_redstone_ore Block{minecraft:lit_redstone_ore}
[01:00:25] [Server thread/TRACE] [FML]:   Registry: 75 minecraft:unlit_redstone_torch Block{minecraft:unlit_redstone_torch}
[01:00:25] [Server thread/TRACE] [FML]:   Registry: 76 minecraft:redstone_torch Block{minecraft:redstone_torch}
[01:00:25] [Server thread/TRACE] [FML]:   Registry: 77 minecraft:stone_button Block{minecraft:stone_button}
[01:00:25] [Server thread/TRACE] [FML]:   Registry: 78 minecraft:snow_layer Block{minecraft:snow_layer}
[01:00:25] [Server thread/TRACE] [FML]:   Registry: 79 minecraft:ice Block{minecraft:ice}
[01:00:25] [Server thread/TRACE] [FML]:   Registry: 80 minecraft:snow Block{minecraft:snow}
[01:00:25] [Server thread/TRACE] [FML]:   Registry: 81 minecraft:cactus Block{minecraft:cactus}
[01:00:25] [Server thread/TRACE] [FML]:   Registry: 82 minecraft:clay Block{minecraft:clay}
[01:00:25] [Server thread/TRACE] [FML]:   Registry: 83 minecraft:reeds Block{minecraft:reeds}
[01:00:25] [Server thread/TRACE] [FML]:   Registry: 84 minecraft:jukebox Block{minecraft:jukebox}
[01:00:25] [Server thread/TRACE] [FML]:   Registry: 85 minecraft:fence Block{minecraft:fence}
[01:00:25] [Server thread/TRACE] [FML]:   Registry: 86 minecraft:pumpkin Block{minecraft:pumpkin}
[01:00:25] [Server thread/TRACE] [FML]:   Registry: 87 minecraft:netherrack Block{minecraft:netherrack}
[01:00:25] [Server thread/TRACE] [FML]:   Registry: 88 minecraft:soul_sand Block{minecraft:soul_sand}
[01:00:25] [Server thread/TRACE] [FML]:   Registry: 89 minecraft:glowstone Block{minecraft:glowstone}
[01:00:25] [Server thread/TRACE] [FML]:   Registry: 90 minecraft:portal Block{minecraft:portal}
[01:00:25] [Server thread/TRACE] [FML]:   Registry: 91 minecraft:lit_pumpkin Block{minecraft:lit_pumpkin}
[01:00:25] [Server thread/TRACE] [FML]:   Registry: 92 minecraft:cake Block{minecraft:cake}
[01:00:25] [Server thread/TRACE] [FML]:   Registry: 93 minecraft:unpowered_repeater Block{minecraft:unpowered_repeater}
[01:00:25] [Server thread/TRACE] [FML]:   Registry: 94 minecraft:powered_repeater Block{minecraft:powered_repeater}
[01:00:25] [Server thread/TRACE] [FML]:   Registry: 95 minecraft:stained_glass Block{minecraft:stained_glass}
[01:00:25] [Server thread/TRACE] [FML]:   Registry: 96 minecraft:trapdoor Block{minecraft:trapdoor}
[01:00:25] [Server thread/TRACE] [FML]:   Registry: 97 minecraft:monster_egg Block{minecraft:monster_egg}
[01:00:25] [Server thread/TRACE] [FML]:   Registry: 98 minecraft:stonebrick Block{minecraft:stonebrick}
[01:00:25] [Server thread/TRACE] [FML]:   Registry: 99 minecraft:brown_mushroom_block Block{minecraft:brown_mushroom_block}
[01:00:25] [Server thread/TRACE] [FML]:   Registry: 100 minecraft:red_mushroom_block Block{minecraft:red_mushroom_block}
[01:00:25] [Server thread/TRACE] [FML]:   Registry: 101 minecraft:iron_bars Block{minecraft:iron_bars}
[01:00:25] [Server thread/TRACE] [FML]:   Registry: 102 minecraft:glass_pane Block{minecraft:glass_pane}
[01:00:25] [Server thread/TRACE] [FML]:   Registry: 103 minecraft:melon_block Block{minecraft:melon_block}
[01:00:25] [Server thread/TRACE] [FML]:   Registry: 104 minecraft:pumpkin_stem Block{minecraft:pumpkin_stem}
[01:00:25] [Server thread/TRACE] [FML]:   Registry: 105 minecraft:melon_stem Block{minecraft:melon_stem}
[01:00:25] [Server thread/TRACE] [FML]:   Registry: 106 minecraft:vine Block{minecraft:vine}
[01:00:25] [Server thread/TRACE] [FML]:   Registry: 107 minecraft:fence_gate Block{minecraft:fence_gate}
[01:00:25] [Server thread/TRACE] [FML]:   Registry: 108 minecraft:brick_stairs Block{minecraft:brick_stairs}
[01:00:25] [Server thread/TRACE] [FML]:   Registry: 109 minecraft:stone_brick_stairs Block{minecraft:stone_brick_stairs}
[01:00:25] [Server thread/TRACE] [FML]:   Registry: 110 minecraft:mycelium Block{minecraft:mycelium}
[01:00:25] [Server thread/TRACE] [FML]:   Registry: 111 minecraft:waterlily Block{minecraft:waterlily}
[01:00:25] [Server thread/TRACE] [FML]:   Registry: 112 minecraft:nether_brick Block{minecraft:nether_brick}
[01:00:25] [Server thread/TRACE] [FML]:   Registry: 113 minecraft:nether_brick_fence Block{minecraft:nether_brick_fence}
[01:00:25] [Server thread/TRACE] [FML]:   Registry: 114 minecraft:nether_brick_stairs Block{minecraft:nether_brick_stairs}
[01:00:25] [Server thread/TRACE] [FML]:   Registry: 115 minecraft:nether_wart Block{minecraft:nether_wart}
[01:00:25] [Server thread/TRACE] [FML]:   Registry: 116 minecraft:enchanting_table Block{minecraft:enchanting_table}
[01:00:25] [Server thread/TRACE] [FML]:   Registry: 117 minecraft:brewing_stand Block{minecraft:brewing_stand}
[01:00:25] [Server thread/TRACE] [FML]:   Registry: 118 minecraft:cauldron Block{minecraft:cauldron}
[01:00:25] [Server thread/TRACE] [FML]:   Registry: 119 minecraft:end_portal Block{minecraft:end_portal}
[01:00:25] [Server thread/TRACE] [FML]:   Registry: 120 minecraft:end_portal_frame Block{minecraft:end_portal_frame}
[01:00:25] [Server thread/TRACE] [FML]:   Registry: 121 minecraft:end_stone Block{minecraft:end_stone}
[01:00:25] [Server thread/TRACE] [FML]:   Registry: 122 minecraft:dragon_egg Block{minecraft:dragon_egg}
[01:00:25] [Server thread/TRACE] [FML]:   Registry: 123 minecraft:redstone_lamp Block{minecraft:redstone_lamp}
[01:00:25] [Server thread/TRACE] [FML]:   Registry: 124 minecraft:lit_redstone_lamp Block{minecraft:lit_redstone_lamp}
[01:00:25] [Server thread/TRACE] [FML]:   Registry: 125 minecraft:double_wooden_slab Block{minecraft:double_wooden_slab}
[01:00:25] [Server thread/TRACE] [FML]:   Registry: 126 minecraft:wooden_slab Block{minecraft:wooden_slab}
[01:00:25] [Server thread/TRACE] [FML]:   Registry: 127 minecraft:cocoa Block{minecraft:cocoa}
[01:00:25] [Server thread/TRACE] [FML]:   Registry: 128 minecraft:sandstone_stairs Block{minecraft:sandstone_stairs}
[01:00:25] [Server thread/TRACE] [FML]:   Registry: 129 minecraft:emerald_ore Block{minecraft:emerald_ore}
[01:00:25] [Server thread/TRACE] [FML]:   Registry: 130 minecraft:ender_chest Block{minecraft:ender_chest}
[01:00:25] [Server thread/TRACE] [FML]:   Registry: 131 minecraft:tripwire_hook Block{minecraft:tripwire_hook}
[01:00:25] [Server thread/TRACE] [FML]:   Registry: 132 minecraft:tripwire Block{minecraft:tripwire}
[01:00:25] [Server thread/TRACE] [FML]:   Registry: 133 minecraft:emerald_block Block{minecraft:emerald_block}
[01:00:25] [Server thread/TRACE] [FML]:   Registry: 134 minecraft:spruce_stairs Block{minecraft:spruce_stairs}
[01:00:25] [Server thread/TRACE] [FML]:   Registry: 135 minecraft:birch_stairs Block{minecraft:birch_stairs}
[01:00:25] [Server thread/TRACE] [FML]:   Registry: 136 minecraft:jungle_stairs Block{minecraft:jungle_stairs}
[01:00:25] [Server thread/TRACE] [FML]:   Registry: 137 minecraft:command_block Block{minecraft:command_block}
[01:00:25] [Server thread/TRACE] [FML]:   Registry: 138 minecraft:beacon Block{minecraft:beacon}
[01:00:25] [Server thread/TRACE] [FML]:   Registry: 139 minecraft:cobblestone_wall Block{minecraft:cobblestone_wall}
[01:00:25] [Server thread/TRACE] [FML]:   Registry: 140 minecraft:flower_pot Block{minecraft:flower_pot}
[01:00:25] [Server thread/TRACE] [FML]:   Registry: 141 minecraft:carrots Block{minecraft:carrots}
[01:00:25] [Server thread/TRACE] [FML]:   Registry: 142 minecraft:potatoes Block{minecraft:potatoes}
[01:00:25] [Server thread/TRACE] [FML]:   Registry: 143 minecraft:wooden_button Block{minecraft:wooden_button}
[01:00:25] [Server thread/TRACE] [FML]:   Registry: 144 minecraft:skull Block{minecraft:skull}
[01:00:25] [Server thread/TRACE] [FML]:   Registry: 145 minecraft:anvil Block{minecraft:anvil}
[01:00:25] [Server thread/TRACE] [FML]:   Registry: 146 minecraft:trapped_chest Block{minecraft:trapped_chest}
[01:00:25] [Server thread/TRACE] [FML]:   Registry: 147 minecraft:light_weighted_pressure_plate Block{minecraft:light_weighted_pressure_plate}
[01:00:25] [Server thread/TRACE] [FML]:   Registry: 148 minecraft:heavy_weighted_pressure_plate Block{minecraft:heavy_weighted_pressure_plate}
[01:00:25] [Server thread/TRACE] [FML]:   Registry: 149 minecraft:unpowered_comparator Block{minecraft:unpowered_comparator}
[01:00:25] [Server thread/TRACE] [FML]:   Registry: 150 minecraft:powered_comparator Block{minecraft:powered_comparator}
[01:00:25] [Server thread/TRACE] [FML]:   Registry: 151 minecraft:daylight_detector Block{minecraft:daylight_detector}
[01:00:25] [Server thread/TRACE] [FML]:   Registry: 152 minecraft:redstone_block Block{minecraft:redstone_block}
[01:00:25] [Server thread/TRACE] [FML]:   Registry: 153 minecraft:quartz_ore Block{minecraft:quartz_ore}
[01:00:25] [Server thread/TRACE] [FML]:   Registry: 154 minecraft:hopper Block{minecraft:hopper}
[01:00:25] [Server thread/TRACE] [FML]:   Registry: 155 minecraft:quartz_block Block{minecraft:quartz_block}
[01:00:25] [Server thread/TRACE] [FML]:   Registry: 156 minecraft:quartz_stairs Block{minecraft:quartz_stairs}
[01:00:25] [Server thread/TRACE] [FML]:   Registry: 157 minecraft:activator_rail Block{minecraft:activator_rail}
[01:00:25] [Server thread/TRACE] [FML]:   Registry: 158 minecraft:dropper Block{minecraft:dropper}
[01:00:25] [Server thread/TRACE] [FML]:   Registry: 159 minecraft:stained_hardened_clay Block{minecraft:stained_hardened_clay}
[01:00:25] [Server thread/TRACE] [FML]:   Registry: 160 minecraft:stained_glass_pane Block{minecraft:stained_glass_pane}
[01:00:25] [Server thread/TRACE] [FML]:   Registry: 161 minecraft:leaves2 Block{minecraft:leaves2}
[01:00:25] [Server thread/TRACE] [FML]:   Registry: 162 minecraft:log2 Block{minecraft:log2}
[01:00:25] [Server thread/TRACE] [FML]:   Registry: 163 minecraft:acacia_stairs Block{minecraft:acacia_stairs}
[01:00:25] [Server thread/TRACE] [FML]:   Registry: 164 minecraft:dark_oak_stairs Block{minecraft:dark_oak_stairs}
[01:00:25] [Server thread/TRACE] [FML]:   Registry: 165 minecraft:slime Block{minecraft:slime}
[01:00:25] [Server thread/TRACE] [FML]:   Registry: 166 minecraft:barrier Block{minecraft:barrier}
[01:00:25] [Server thread/TRACE] [FML]:   Registry: 167 minecraft:iron_trapdoor Block{minecraft:iron_trapdoor}
[01:00:25] [Server thread/TRACE] [FML]:   Registry: 168 minecraft:prismarine Block{minecraft:prismarine}
[01:00:25] [Server thread/TRACE] [FML]:   Registry: 169 minecraft:sea_lantern Block{minecraft:sea_lantern}
[01:00:25] [Server thread/TRACE] [FML]:   Registry: 170 minecraft:hay_block Block{minecraft:hay_block}
[01:00:25] [Server thread/TRACE] [FML]:   Registry: 171 minecraft:carpet Block{minecraft:carpet}
[01:00:25] [Server thread/TRACE] [FML]:   Registry: 172 minecraft:hardened_clay Block{minecraft:hardened_clay}
[01:00:25] [Server thread/TRACE] [FML]:   Registry: 173 minecraft:coal_block Block{minecraft:coal_block}
[01:00:25] [Server thread/TRACE] [FML]:   Registry: 174 minecraft:packed_ice Block{minecraft:packed_ice}
[01:00:25] [Server thread/TRACE] [FML]:   Registry: 175 minecraft:double_plant Block{minecraft:double_plant}
[01:00:25] [Server thread/TRACE] [FML]:   Registry: 176 minecraft:standing_banner Block{minecraft:standing_banner}
[01:00:25] [Server thread/TRACE] [FML]:   Registry: 177 minecraft:wall_banner Block{minecraft:wall_banner}
[01:00:25] [Server thread/TRACE] [FML]:   Registry: 178 minecraft:daylight_detector_inverted Block{minecraft:daylight_detector_inverted}
[01:00:25] [Server thread/TRACE] [FML]:   Registry: 179 minecraft:red_sandstone Block{minecraft:red_sandstone}
[01:00:25] [Server thread/TRACE] [FML]:   Registry: 180 minecraft:red_sandstone_stairs Block{minecraft:red_sandstone_stairs}
[01:00:25] [Server thread/TRACE] [FML]:   Registry: 181 minecraft:double_stone_slab2 Block{minecraft:double_stone_slab2}
[01:00:25] [Server thread/TRACE] [FML]:   Registry: 182 minecraft:stone_slab2 Block{minecraft:stone_slab2}
[01:00:25] [Server thread/TRACE] [FML]:   Registry: 183 minecraft:spruce_fence_gate Block{minecraft:spruce_fence_gate}
[01:00:25] [Server thread/TRACE] [FML]:   Registry: 184 minecraft:birch_fence_gate Block{minecraft:birch_fence_gate}
[01:00:25] [Server thread/TRACE] [FML]:   Registry: 185 minecraft:jungle_fence_gate Block{minecraft:jungle_fence_gate}
[01:00:25] [Server thread/TRACE] [FML]:   Registry: 186 minecraft:dark_oak_fence_gate Block{minecraft:dark_oak_fence_gate}
[01:00:25] [Server thread/TRACE] [FML]:   Registry: 187 minecraft:acacia_fence_gate Block{minecraft:acacia_fence_gate}
[01:00:25] [Server thread/TRACE] [FML]:   Registry: 188 minecraft:spruce_fence Block{minecraft:spruce_fence}
[01:00:25] [Server thread/TRACE] [FML]:   Registry: 189 minecraft:birch_fence Block{minecraft:birch_fence}
[01:00:25] [Server thread/TRACE] [FML]:   Registry: 190 minecraft:jungle_fence Block{minecraft:jungle_fence}
[01:00:25] [Server thread/TRACE] [FML]:   Registry: 191 minecraft:dark_oak_fence Block{minecraft:dark_oak_fence}
[01:00:25] [Server thread/TRACE] [FML]:   Registry: 192 minecraft:acacia_fence Block{minecraft:acacia_fence}
[01:00:25] [Server thread/TRACE] [FML]:   Registry: 193 minecraft:spruce_door Block{minecraft:spruce_door}
[01:00:25] [Server thread/TRACE] [FML]:   Registry: 194 minecraft:birch_door Block{minecraft:birch_door}
[01:00:25] [Server thread/TRACE] [FML]:   Registry: 195 minecraft:jungle_door Block{minecraft:jungle_door}
[01:00:25] [Server thread/TRACE] [FML]:   Registry: 196 minecraft:acacia_door Block{minecraft:acacia_door}
[01:00:25] [Server thread/TRACE] [FML]:   Registry: 197 minecraft:dark_oak_door Block{minecraft:dark_oak_door}
[01:00:25] [Server thread/TRACE] [FML]:   Registry: 198 minecraft:end_rod Block{minecraft:end_rod}
[01:00:25] [Server thread/TRACE] [FML]:   Registry: 199 minecraft:chorus_plant Block{minecraft:chorus_plant}
[01:00:25] [Server thread/TRACE] [FML]:   Registry: 200 minecraft:chorus_flower Block{minecraft:chorus_flower}
[01:00:25] [Server thread/TRACE] [FML]:   Registry: 201 minecraft:purpur_block Block{minecraft:purpur_block}
[01:00:25] [Server thread/TRACE] [FML]:   Registry: 202 minecraft:purpur_pillar Block{minecraft:purpur_pillar}
[01:00:25] [Server thread/TRACE] [FML]:   Registry: 203 minecraft:purpur_stairs Block{minecraft:purpur_stairs}
[01:00:25] [Server thread/TRACE] [FML]:   Registry: 204 minecraft:purpur_double_slab Block{minecraft:purpur_double_slab}
[01:00:25] [Server thread/TRACE] [FML]:   Registry: 205 minecraft:purpur_slab Block{minecraft:purpur_slab}
[01:00:25] [Server thread/TRACE] [FML]:   Registry: 206 minecraft:end_bricks Block{minecraft:end_bricks}
[01:00:25] [Server thread/TRACE] [FML]:   Registry: 207 minecraft:beetroots Block{minecraft:beetroots}
[01:00:25] [Server thread/TRACE] [FML]:   Registry: 208 minecraft:grass_path Block{minecraft:grass_path}
[01:00:25] [Server thread/TRACE] [FML]:   Registry: 209 minecraft:end_gateway Block{minecraft:end_gateway}
[01:00:25] [Server thread/TRACE] [FML]:   Registry: 210 minecraft:repeating_command_block Block{minecraft:repeating_command_block}
[01:00:25] [Server thread/TRACE] [FML]:   Registry: 211 minecraft:chain_command_block Block{minecraft:chain_command_block}
[01:00:25] [Server thread/TRACE] [FML]:   Registry: 212 minecraft:frosted_ice Block{minecraft:frosted_ice}
[01:00:25] [Server thread/TRACE] [FML]:   Registry: 213 minecraft:magma Block{minecraft:magma}
[01:00:25] [Server thread/TRACE] [FML]:   Registry: 214 minecraft:nether_wart_block Block{minecraft:nether_wart_block}
[01:00:25] [Server thread/TRACE] [FML]:   Registry: 215 minecraft:red_nether_brick Block{minecraft:red_nether_brick}
[01:00:25] [Server thread/TRACE] [FML]:   Registry: 216 minecraft:bone_block Block{minecraft:bone_block}
[01:00:25] [Server thread/TRACE] [FML]:   Registry: 217 minecraft:structure_void Block{minecraft:structure_void}
[01:00:25] [Server thread/TRACE] [FML]:   Registry: 218 minecraft:observer Block{minecraft:observer}
[01:00:25] [Server thread/TRACE] [FML]:   Registry: 219 minecraft:white_shulker_box Block{minecraft:white_shulker_box}
[01:00:25] [Server thread/TRACE] [FML]:   Registry: 220 minecraft:orange_shulker_box Block{minecraft:orange_shulker_box}
[01:00:25] [Server thread/TRACE] [FML]:   Registry: 221 minecraft:magenta_shulker_box Block{minecraft:magenta_shulker_box}
[01:00:25] [Server thread/TRACE] [FML]:   Registry: 222 minecraft:light_blue_shulker_box Block{minecraft:light_blue_shulker_box}
[01:00:25] [Server thread/TRACE] [FML]:   Registry: 223 minecraft:yellow_shulker_box Block{minecraft:yellow_shulker_box}
[01:00:25] [Server thread/TRACE] [FML]:   Registry: 224 minecraft:lime_shulker_box Block{minecraft:lime_shulker_box}
[01:00:25] [Server thread/TRACE] [FML]:   Registry: 225 minecraft:pink_shulker_box Block{minecraft:pink_shulker_box}
[01:00:25] [Server thread/TRACE] [FML]:   Registry: 226 minecraft:gray_shulker_box Block{minecraft:gray_shulker_box}
[01:00:25] [Server thread/TRACE] [FML]:   Registry: 227 minecraft:silver_shulker_box Block{minecraft:silver_shulker_box}
[01:00:25] [Server thread/TRACE] [FML]:   Registry: 228 minecraft:cyan_shulker_box Block{minecraft:cyan_shulker_box}
[01:00:25] [Server thread/TRACE] [FML]:   Registry: 229 minecraft:purple_shulker_box Block{minecraft:purple_shulker_box}
[01:00:25] [Server thread/TRACE] [FML]:   Registry: 230 minecraft:blue_shulker_box Block{minecraft:blue_shulker_box}
[01:00:25] [Server thread/TRACE] [FML]:   Registry: 231 minecraft:brown_shulker_box Block{minecraft:brown_shulker_box}
[01:00:25] [Server thread/TRACE] [FML]:   Registry: 232 minecraft:green_shulker_box Block{minecraft:green_shulker_box}
[01:00:25] [Server thread/TRACE] [FML]:   Registry: 233 minecraft:red_shulker_box Block{minecraft:red_shulker_box}
[01:00:25] [Server thread/TRACE] [FML]:   Registry: 234 minecraft:black_shulker_box Block{minecraft:black_shulker_box}
[01:00:25] [Server thread/TRACE] [FML]:   Registry: 235 minecraft:white_glazed_terracotta Block{minecraft:white_glazed_terracotta}
[01:00:25] [Server thread/TRACE] [FML]:   Registry: 236 minecraft:orange_glazed_terracotta Block{minecraft:orange_glazed_terracotta}
[01:00:25] [Server thread/TRACE] [FML]:   Registry: 237 minecraft:magenta_glazed_terracotta Block{minecraft:magenta_glazed_terracotta}
[01:00:25] [Server thread/TRACE] [FML]:   Registry: 238 minecraft:light_blue_glazed_terracotta Block{minecraft:light_blue_glazed_terracotta}
[01:00:25] [Server thread/TRACE] [FML]:   Registry: 239 minecraft:yellow_glazed_terracotta Block{minecraft:yellow_glazed_terracotta}
[01:00:25] [Server thread/TRACE] [FML]:   Registry: 240 minecraft:lime_glazed_terracotta Block{minecraft:lime_glazed_terracotta}
[01:00:25] [Server thread/TRACE] [FML]:   Registry: 241 minecraft:pink_glazed_terracotta Block{minecraft:pink_glazed_terracotta}
[01:00:25] [Server thread/TRACE] [FML]:   Registry: 242 minecraft:gray_glazed_terracotta Block{minecraft:gray_glazed_terracotta}
[01:00:25] [Server thread/TRACE] [FML]:   Registry: 243 minecraft:silver_glazed_terracotta Block{minecraft:silver_glazed_terracotta}
[01:00:25] [Server thread/TRACE] [FML]:   Registry: 244 minecraft:cyan_glazed_terracotta Block{minecraft:cyan_glazed_terracotta}
[01:00:25] [Server thread/TRACE] [FML]:   Registry: 245 minecraft:purple_glazed_terracotta Block{minecraft:purple_glazed_terracotta}
[01:00:25] [Server thread/TRACE] [FML]:   Registry: 246 minecraft:blue_glazed_terracotta Block{minecraft:blue_glazed_terracotta}
[01:00:25] [Server thread/TRACE] [FML]:   Registry: 247 minecraft:brown_glazed_terracotta Block{minecraft:brown_glazed_terracotta}
[01:00:25] [Server thread/TRACE] [FML]:   Registry: 248 minecraft:green_glazed_terracotta Block{minecraft:green_glazed_terracotta}
[01:00:25] [Server thread/TRACE] [FML]:   Registry: 249 minecraft:red_glazed_terracotta Block{minecraft:red_glazed_terracotta}
[01:00:25] [Server thread/TRACE] [FML]:   Registry: 250 minecraft:black_glazed_terracotta Block{minecraft:black_glazed_terracotta}
[01:00:25] [Server thread/TRACE] [FML]:   Registry: 251 minecraft:concrete Block{minecraft:concrete}
[01:00:25] [Server thread/TRACE] [FML]:   Registry: 252 minecraft:concrete_powder Block{minecraft:concrete_powder}
[01:00:25] [Server thread/TRACE] [FML]:   Registry: 255 minecraft:structure_block Block{minecraft:structure_block}
[01:00:25] [Server thread/TRACE] [FML]: Registry Name : minecraft:items
[01:00:25] [Server thread/TRACE] [FML]:   Registry: 0 minecraft:air net.minecraft.item.ItemAir@781dbe44
[01:00:25] [Server thread/TRACE] [FML]:   Registry: 1 minecraft:stone net.minecraft.item.ItemMultiTexture@7282af25
[01:00:25] [Server thread/TRACE] [FML]:   Registry: 2 minecraft:grass net.minecraft.item.ItemColored@20ffb8d5
[01:00:25] [Server thread/TRACE] [FML]:   Registry: 3 minecraft:dirt net.minecraft.item.ItemMultiTexture@57e03347
[01:00:25] [Server thread/TRACE] [FML]:   Registry: 4 minecraft:cobblestone net.minecraft.item.ItemBlock@2edb2f8b
[01:00:25] [Server thread/TRACE] [FML]:   Registry: 5 minecraft:planks net.minecraft.item.ItemMultiTexture@21dea711
[01:00:25] [Server thread/TRACE] [FML]:   Registry: 6 minecraft:sapling net.minecraft.item.ItemMultiTexture@a21c74
[01:00:25] [Server thread/TRACE] [FML]:   Registry: 7 minecraft:bedrock net.minecraft.item.ItemBlock@b8a144e
[01:00:25] [Server thread/TRACE] [FML]:   Registry: 12 minecraft:sand net.minecraft.item.ItemMultiTexture@3e38c472
[01:00:25] [Server thread/TRACE] [FML]:   Registry: 13 minecraft:gravel net.minecraft.item.ItemBlock@2ee92e7d
[01:00:25] [Server thread/TRACE] [FML]:   Registry: 14 minecraft:gold_ore net.minecraft.item.ItemBlock@759a678a
[01:00:25] [Server thread/TRACE] [FML]:   Registry: 15 minecraft:iron_ore net.minecraft.item.ItemBlock@6cdbe5ec
[01:00:25] [Server thread/TRACE] [FML]:   Registry: 16 minecraft:coal_ore net.minecraft.item.ItemBlock@14b8a751
[01:00:25] [Server thread/TRACE] [FML]:   Registry: 17 minecraft:log net.minecraft.item.ItemMultiTexture@554566a8
[01:00:25] [Server thread/TRACE] [FML]:   Registry: 18 minecraft:leaves net.minecraft.item.ItemLeaves@63124022
[01:00:25] [Server thread/TRACE] [FML]:   Registry: 19 minecraft:sponge net.minecraft.item.ItemMultiTexture@55421b8d
[01:00:25] [Server thread/TRACE] [FML]:   Registry: 20 minecraft:glass net.minecraft.item.ItemBlock@24a04257
[01:00:25] [Server thread/TRACE] [FML]:   Registry: 21 minecraft:lapis_ore net.minecraft.item.ItemBlock@6615237
[01:00:25] [Server thread/TRACE] [FML]:   Registry: 22 minecraft:lapis_block net.minecraft.item.ItemBlock@eaf8427
[01:00:25] [Server thread/TRACE] [FML]:   Registry: 23 minecraft:dispenser net.minecraft.item.ItemBlock@4bf4680c
[01:00:25] [Server thread/TRACE] [FML]:   Registry: 24 minecraft:sandstone net.minecraft.item.ItemMultiTexture@611c3eae
[01:00:25] [Server thread/TRACE] [FML]:   Registry: 25 minecraft:noteblock net.minecraft.item.ItemBlock@13e00016
[01:00:25] [Server thread/TRACE] [FML]:   Registry: 27 minecraft:golden_rail net.minecraft.item.ItemBlock@7b3cbe6e
[01:00:25] [Server thread/TRACE] [FML]:   Registry: 28 minecraft:detector_rail net.minecraft.item.ItemBlock@177ede17
[01:00:25] [Server thread/TRACE] [FML]:   Registry: 29 minecraft:sticky_piston net.minecraft.item.ItemPiston@4e4395c
[01:00:25] [Server thread/TRACE] [FML]:   Registry: 30 minecraft:web net.minecraft.item.ItemBlock@1ab53860
[01:00:25] [Server thread/TRACE] [FML]:   Registry: 31 minecraft:tallgrass net.minecraft.item.ItemColored@7b5ac347
[01:00:25] [Server thread/TRACE] [FML]:   Registry: 32 minecraft:deadbush net.minecraft.item.ItemBlock@57b9389f
[01:00:25] [Server thread/TRACE] [FML]:   Registry: 33 minecraft:piston net.minecraft.item.ItemPiston@72b2c5ed
[01:00:25] [Server thread/TRACE] [FML]:   Registry: 35 minecraft:wool net.minecraft.item.ItemCloth@727986ad
[01:00:25] [Server thread/TRACE] [FML]:   Registry: 37 minecraft:yellow_flower net.minecraft.item.ItemMultiTexture@6b25ef1c
[01:00:25] [Server thread/TRACE] [FML]:   Registry: 38 minecraft:red_flower net.minecraft.item.ItemMultiTexture@68c34db2
[01:00:25] [Server thread/TRACE] [FML]:   Registry: 39 minecraft:brown_mushroom net.minecraft.item.ItemBlock@7b95bdb0
[01:00:25] [Server thread/TRACE] [FML]:   Registry: 40 minecraft:red_mushroom net.minecraft.item.ItemBlock@3f0ce0d1
[01:00:25] [Server thread/TRACE] [FML]:   Registry: 41 minecraft:gold_block net.minecraft.item.ItemBlock@664db2ca
[01:00:25] [Server thread/TRACE] [FML]:   Registry: 42 minecraft:iron_block net.minecraft.item.ItemBlock@1491cd6c
[01:00:25] [Server thread/TRACE] [FML]:   Registry: 44 minecraft:stone_slab net.minecraft.item.ItemSlab@113dcaf8
[01:00:25] [Server thread/TRACE] [FML]:   Registry: 45 minecraft:brick_block net.minecraft.item.ItemBlock@b5d9f1e
[01:00:25] [Server thread/TRACE] [FML]:   Registry: 46 minecraft:tnt net.minecraft.item.ItemBlock@350ff014
[01:00:25] [Server thread/TRACE] [FML]:   Registry: 47 minecraft:bookshelf net.minecraft.item.ItemBlock@401317a0
[01:00:25] [Server thread/TRACE] [FML]:   Registry: 48 minecraft:mossy_cobblestone net.minecraft.item.ItemBlock@3f866f50
[01:00:25] [Server thread/TRACE] [FML]:   Registry: 49 minecraft:obsidian net.minecraft.item.ItemBlock@5844a2d1
[01:00:25] [Server thread/TRACE] [FML]:   Registry: 50 minecraft:torch net.minecraft.item.ItemBlock@1201769d
[01:00:25] [Server thread/TRACE] [FML]:   Registry: 52 minecraft:mob_spawner net.minecraft.item.ItemBlock@5618fc1f
[01:00:25] [Server thread/TRACE] [FML]:   Registry: 53 minecraft:oak_stairs net.minecraft.item.ItemBlock@60b1ff3b
[01:00:25] [Server thread/TRACE] [FML]:   Registry: 54 minecraft:chest net.minecraft.item.ItemBlock@374c3975
[01:00:25] [Server thread/TRACE] [FML]:   Registry: 56 minecraft:diamond_ore net.minecraft.item.ItemBlock@43c39321
[01:00:25] [Server thread/TRACE] [FML]:   Registry: 57 minecraft:diamond_block net.minecraft.item.ItemBlock@52aa7742
[01:00:25] [Server thread/TRACE] [FML]:   Registry: 58 minecraft:crafting_table net.minecraft.item.ItemBlock@3d0d120b
[01:00:25] [Server thread/TRACE] [FML]:   Registry: 60 minecraft:farmland net.minecraft.item.ItemBlock@6b5c134e
[01:00:25] [Server thread/TRACE] [FML]:   Registry: 61 minecraft:furnace net.minecraft.item.ItemBlock@34d9df9f
[01:00:25] [Server thread/TRACE] [FML]:   Registry: 65 minecraft:ladder net.minecraft.item.ItemBlock@35c8be21
[01:00:25] [Server thread/TRACE] [FML]:   Registry: 66 minecraft:rail net.minecraft.item.ItemBlock@60807fd9
[01:00:25] [Server thread/TRACE] [FML]:   Registry: 67 minecraft:stone_stairs net.minecraft.item.ItemBlock@6bcdd6e4
[01:00:25] [Server thread/TRACE] [FML]:   Registry: 69 minecraft:lever net.minecraft.item.ItemBlock@1192c925
[01:00:25] [Server thread/TRACE] [FML]:   Registry: 70 minecraft:stone_pressure_plate net.minecraft.item.ItemBlock@615b5480
[01:00:25] [Server thread/TRACE] [FML]:   Registry: 72 minecraft:wooden_pressure_plate net.minecraft.item.ItemBlock@24691c5
[01:00:25] [Server thread/TRACE] [FML]:   Registry: 73 minecraft:redstone_ore net.minecraft.item.ItemBlock@7b91d9f
[01:00:25] [Server thread/TRACE] [FML]:   Registry: 76 minecraft:redstone_torch net.minecraft.item.ItemBlock@6537ac
[01:00:25] [Server thread/TRACE] [FML]:   Registry: 77 minecraft:stone_button net.minecraft.item.ItemBlock@3b218c74
[01:00:25] [Server thread/TRACE] [FML]:   Registry: 78 minecraft:snow_layer net.minecraft.item.ItemSnow@42c54bad
[01:00:25] [Server thread/TRACE] [FML]:   Registry: 79 minecraft:ice net.minecraft.item.ItemBlock@6bb4cc0e
[01:00:25] [Server thread/TRACE] [FML]:   Registry: 80 minecraft:snow net.minecraft.item.ItemBlock@5cc1bf20
[01:00:25] [Server thread/TRACE] [FML]:   Registry: 81 minecraft:cactus net.minecraft.item.ItemBlock@2e3f324e
[01:00:25] [Server thread/TRACE] [FML]:   Registry: 82 minecraft:clay net.minecraft.item.ItemBlock@46cf8c07
[01:00:25] [Server thread/TRACE] [FML]:   Registry: 84 minecraft:jukebox net.minecraft.item.ItemBlock@b56ec6c
[01:00:25] [Server thread/TRACE] [FML]:   Registry: 85 minecraft:fence net.minecraft.item.ItemBlock@5abf6a99
[01:00:25] [Server thread/TRACE] [FML]:   Registry: 86 minecraft:pumpkin net.minecraft.item.ItemBlock@38c460e8
[01:00:25] [Server thread/TRACE] [FML]:   Registry: 87 minecraft:netherrack net.minecraft.item.ItemBlock@7a814310
[01:00:25] [Server thread/TRACE] [FML]:   Registry: 88 minecraft:soul_sand net.minecraft.item.ItemBlock@4bbf38b8
[01:00:25] [Server thread/TRACE] [FML]:   Registry: 89 minecraft:glowstone net.minecraft.item.ItemBlock@4e67cfe1
[01:00:25] [Server thread/TRACE] [FML]:   Registry: 91 minecraft:lit_pumpkin net.minecraft.item.ItemBlock@55bf35e5
[01:00:25] [Server thread/TRACE] [FML]:   Registry: 95 minecraft:stained_glass net.minecraft.item.ItemCloth@448cdb47
[01:00:25] [Server thread/TRACE] [FML]:   Registry: 96 minecraft:trapdoor net.minecraft.item.ItemBlock@25567581
[01:00:25] [Server thread/TRACE] [FML]:   Registry: 97 minecraft:monster_egg net.minecraft.item.ItemMultiTexture@67763ebe
[01:00:25] [Server thread/TRACE] [FML]:   Registry: 98 minecraft:stonebrick net.minecraft.item.ItemMultiTexture@5da6b13d
[01:00:25] [Server thread/TRACE] [FML]:   Registry: 99 minecraft:brown_mushroom_block net.minecraft.item.ItemBlock@3dc39459
[01:00:25] [Server thread/TRACE] [FML]:   Registry: 100 minecraft:red_mushroom_block net.minecraft.item.ItemBlock@6b16de91
[01:00:25] [Server thread/TRACE] [FML]:   Registry: 101 minecraft:iron_bars net.minecraft.item.ItemBlock@71bb8b34
[01:00:25] [Server thread/TRACE] [FML]:   Registry: 102 minecraft:glass_pane net.minecraft.item.ItemBlock@197ce367
[01:00:25] [Server thread/TRACE] [FML]:   Registry: 103 minecraft:melon_block net.minecraft.item.ItemBlock@383cdd4d
[01:00:25] [Server thread/TRACE] [FML]:   Registry: 106 minecraft:vine net.minecraft.item.ItemColored@65036e8d
[01:00:25] [Server thread/TRACE] [FML]:   Registry: 107 minecraft:fence_gate net.minecraft.item.ItemBlock@48ccbb32
[01:00:25] [Server thread/TRACE] [FML]:   Registry: 108 minecraft:brick_stairs net.minecraft.item.ItemBlock@26d0ece6
[01:00:25] [Server thread/TRACE] [FML]:   Registry: 109 minecraft:stone_brick_stairs net.minecraft.item.ItemBlock@100bba26
[01:00:25] [Server thread/TRACE] [FML]:   Registry: 110 minecraft:mycelium net.minecraft.item.ItemBlock@4ae280da
[01:00:25] [Server thread/TRACE] [FML]:   Registry: 111 minecraft:waterlily net.minecraft.item.ItemLilyPad@57c69937
[01:00:25] [Server thread/TRACE] [FML]:   Registry: 112 minecraft:nether_brick net.minecraft.item.ItemBlock@1ad1c363
[01:00:25] [Server thread/TRACE] [FML]:   Registry: 113 minecraft:nether_brick_fence net.minecraft.item.ItemBlock@446b64b3
[01:00:25] [Server thread/TRACE] [FML]:   Registry: 114 minecraft:nether_brick_stairs net.minecraft.item.ItemBlock@35ac9ebd
[01:00:25] [Server thread/TRACE] [FML]:   Registry: 116 minecraft:enchanting_table net.minecraft.item.ItemBlock@56c0a61e
[01:00:25] [Server thread/TRACE] [FML]:   Registry: 120 minecraft:end_portal_frame net.minecraft.item.ItemBlock@421ead7e
[01:00:25] [Server thread/TRACE] [FML]:   Registry: 121 minecraft:end_stone net.minecraft.item.ItemBlock@5dcf0772
[01:00:25] [Server thread/TRACE] [FML]:   Registry: 122 minecraft:dragon_egg net.minecraft.item.ItemBlock@5f6494c0
[01:00:25] [Server thread/TRACE] [FML]:   Registry: 123 minecraft:redstone_lamp net.minecraft.item.ItemBlock@6826b70f
[01:00:25] [Server thread/TRACE] [FML]:   Registry: 126 minecraft:wooden_slab net.minecraft.item.ItemSlab@4df7d9ee
[01:00:25] [Server thread/TRACE] [FML]:   Registry: 128 minecraft:sandstone_stairs net.minecraft.item.ItemBlock@781dac73
[01:00:25] [Server thread/TRACE] [FML]:   Registry: 129 minecraft:emerald_ore net.minecraft.item.ItemBlock@3a4e524
[01:00:25] [Server thread/TRACE] [FML]:   Registry: 130 minecraft:ender_chest net.minecraft.item.ItemBlock@5e67a490
[01:00:25] [Server thread/TRACE] [FML]:   Registry: 131 minecraft:tripwire_hook net.minecraft.item.ItemBlock@2dac2e1b
[01:00:25] [Server thread/TRACE] [FML]:   Registry: 133 minecraft:emerald_block net.minecraft.item.ItemBlock@38c761e9
[01:00:25] [Server thread/TRACE] [FML]:   Registry: 134 minecraft:spruce_stairs net.minecraft.item.ItemBlock@1cee2e10
[01:00:25] [Server thread/TRACE] [FML]:   Registry: 135 minecraft:birch_stairs net.minecraft.item.ItemBlock@7f4e5a39
[01:00:25] [Server thread/TRACE] [FML]:   Registry: 136 minecraft:jungle_stairs net.minecraft.item.ItemBlock@33de7f3d
[01:00:25] [Server thread/TRACE] [FML]:   Registry: 137 minecraft:command_block net.minecraft.item.ItemBlock@30159886
[01:00:25] [Server thread/TRACE] [FML]:   Registry: 138 minecraft:beacon net.minecraft.item.ItemBlock@5d66ae3a
[01:00:25] [Server thread/TRACE] [FML]:   Registry: 139 minecraft:cobblestone_wall net.minecraft.item.ItemMultiTexture@10131289
[01:00:25] [Server thread/TRACE] [FML]:   Registry: 143 minecraft:wooden_button net.minecraft.item.ItemBlock@c5e69a5
[01:00:25] [Server thread/TRACE] [FML]:   Registry: 145 minecraft:anvil net.minecraft.item.ItemAnvilBlock@6682e6a5
[01:00:25] [Server thread/TRACE] [FML]:   Registry: 146 minecraft:trapped_chest net.minecraft.item.ItemBlock@ac4915e
[01:00:25] [Server thread/TRACE] [FML]:   Registry: 147 minecraft:light_weighted_pressure_plate net.minecraft.item.ItemBlock@10fb4575
[01:00:25] [Server thread/TRACE] [FML]:   Registry: 148 minecraft:heavy_weighted_pressure_plate net.minecraft.item.ItemBlock@7cc2c551
[01:00:25] [Server thread/TRACE] [FML]:   Registry: 151 minecraft:daylight_detector net.minecraft.item.ItemBlock@d84b3a2
[01:00:25] [Server thread/TRACE] [FML]:   Registry: 152 minecraft:redstone_block net.minecraft.item.ItemBlock@23648d2d
[01:00:25] [Server thread/TRACE] [FML]:   Registry: 153 minecraft:quartz_ore net.minecraft.item.ItemBlock@69feb4d9
[01:00:25] [Server thread/TRACE] [FML]:   Registry: 154 minecraft:hopper net.minecraft.item.ItemBlock@37c1cfa
[01:00:25] [Server thread/TRACE] [FML]:   Registry: 155 minecraft:quartz_block net.minecraft.item.ItemMultiTexture@2bcda694
[01:00:25] [Server thread/TRACE] [FML]:   Registry: 156 minecraft:quartz_stairs net.minecraft.item.ItemBlock@2cc75b25
[01:00:25] [Server thread/TRACE] [FML]:   Registry: 157 minecraft:activator_rail net.minecraft.item.ItemBlock@30036a18
[01:00:25] [Server thread/TRACE] [FML]:   Registry: 158 minecraft:dropper net.minecraft.item.ItemBlock@537b3b2e
[01:00:25] [Server thread/TRACE] [FML]:   Registry: 159 minecraft:stained_hardened_clay net.minecraft.item.ItemCloth@1544ded3
[01:00:25] [Server thread/TRACE] [FML]:   Registry: 160 minecraft:stained_glass_pane net.minecraft.item.ItemCloth@4628a02b
[01:00:25] [Server thread/TRACE] [FML]:   Registry: 161 minecraft:leaves2 net.minecraft.item.ItemLeaves@591f6f83
[01:00:25] [Server thread/TRACE] [FML]:   Registry: 162 minecraft:log2 net.minecraft.item.ItemMultiTexture@3751acd7
[01:00:25] [Server thread/TRACE] [FML]:   Registry: 163 minecraft:acacia_stairs net.minecraft.item.ItemBlock@41fc0084
[01:00:25] [Server thread/TRACE] [FML]:   Registry: 164 minecraft:dark_oak_stairs net.minecraft.item.ItemBlock@401788d5
[01:00:25] [Server thread/TRACE] [FML]:   Registry: 165 minecraft:slime net.minecraft.item.ItemBlock@3ec9f8d
[01:00:25] [Server thread/TRACE] [FML]:   Registry: 166 minecraft:barrier net.minecraft.item.ItemBlock@3ccb12d
[01:00:25] [Server thread/TRACE] [FML]:   Registry: 167 minecraft:iron_trapdoor net.minecraft.item.ItemBlock@28b458e6
[01:00:25] [Server thread/TRACE] [FML]:   Registry: 168 minecraft:prismarine net.minecraft.item.ItemMultiTexture@51424203
[01:00:25] [Server thread/TRACE] [FML]:   Registry: 169 minecraft:sea_lantern net.minecraft.item.ItemBlock@7336fd8f
[01:00:25] [Server thread/TRACE] [FML]:   Registry: 170 minecraft:hay_block net.minecraft.item.ItemBlock@221ca495
[01:00:25] [Server thread/TRACE] [FML]:   Registry: 171 minecraft:carpet net.minecraft.item.ItemCloth@119d4443
[01:00:25] [Server thread/TRACE] [FML]:   Registry: 172 minecraft:hardened_clay net.minecraft.item.ItemBlock@773eca84
[01:00:25] [Server thread/TRACE] [FML]:   Registry: 173 minecraft:coal_block net.minecraft.item.ItemBlock@7d47dfed
[01:00:25] [Server thread/TRACE] [FML]:   Registry: 174 minecraft:packed_ice net.minecraft.item.ItemBlock@3a38e4dc
[01:00:25] [Server thread/TRACE] [FML]:   Registry: 175 minecraft:double_plant net.minecraft.item.ItemMultiTexture@237b2852
[01:00:25] [Server thread/TRACE] [FML]:   Registry: 179 minecraft:red_sandstone net.minecraft.item.ItemMultiTexture@550c973e
[01:00:25] [Server thread/TRACE] [FML]:   Registry: 180 minecraft:red_sandstone_stairs net.minecraft.item.ItemBlock@161d95c6
[01:00:25] [Server thread/TRACE] [FML]:   Registry: 182 minecraft:stone_slab2 net.minecraft.item.ItemSlab@5203c80f
[01:00:25] [Server thread/TRACE] [FML]:   Registry: 183 minecraft:spruce_fence_gate net.minecraft.item.ItemBlock@36551e97
[01:00:25] [Server thread/TRACE] [FML]:   Registry: 184 minecraft:birch_fence_gate net.minecraft.item.ItemBlock@685d7ba5
[01:00:25] [Server thread/TRACE] [FML]:   Registry: 185 minecraft:jungle_fence_gate net.minecraft.item.ItemBlock@16d41725
[01:00:25] [Server thread/TRACE] [FML]:   Registry: 186 minecraft:dark_oak_fence_gate net.minecraft.item.ItemBlock@3b6c2be6
[01:00:25] [Server thread/TRACE] [FML]:   Registry: 187 minecraft:acacia_fence_gate net.minecraft.item.ItemBlock@25533bba
[01:00:25] [Server thread/TRACE] [FML]:   Registry: 188 minecraft:spruce_fence net.minecraft.item.ItemBlock@dc59ec2
[01:00:25] [Server thread/TRACE] [FML]:   Registry: 189 minecraft:birch_fence net.minecraft.item.ItemBlock@375084c9
[01:00:25] [Server thread/TRACE] [FML]:   Registry: 190 minecraft:jungle_fence net.minecraft.item.ItemBlock@bd93bc3
[01:00:25] [Server thread/TRACE] [FML]:   Registry: 191 minecraft:dark_oak_fence net.minecraft.item.ItemBlock@2a136383
[01:00:25] [Server thread/TRACE] [FML]:   Registry: 192 minecraft:acacia_fence net.minecraft.item.ItemBlock@b01cb8d
[01:00:25] [Server thread/TRACE] [FML]:   Registry: 198 minecraft:end_rod net.minecraft.item.ItemBlock@4af7dd6a
[01:00:25] [Server thread/TRACE] [FML]:   Registry: 199 minecraft:chorus_plant net.minecraft.item.ItemBlock@4607d78b
[01:00:25] [Server thread/TRACE] [FML]:   Registry: 200 minecraft:chorus_flower net.minecraft.item.ItemBlock@3b28b7b0
[01:00:25] [Server thread/TRACE] [FML]:   Registry: 201 minecraft:purpur_block net.minecraft.item.ItemBlock@22048bd6
[01:00:25] [Server thread/TRACE] [FML]:   Registry: 202 minecraft:purpur_pillar net.minecraft.item.ItemBlock@566c1e71
[01:00:25] [Server thread/TRACE] [FML]:   Registry: 203 minecraft:purpur_stairs net.minecraft.item.ItemBlock@2e2f20b8
[01:00:25] [Server thread/TRACE] [FML]:   Registry: 205 minecraft:purpur_slab net.minecraft.item.ItemSlab@504497fa
[01:00:25] [Server thread/TRACE] [FML]:   Registry: 206 minecraft:end_bricks net.minecraft.item.ItemBlock@c472300
[01:00:25] [Server thread/TRACE] [FML]:   Registry: 208 minecraft:grass_path net.minecraft.item.ItemBlock@7e0f9528
[01:00:25] [Server thread/TRACE] [FML]:   Registry: 210 minecraft:repeating_command_block net.minecraft.item.ItemBlock@439f2d87
[01:00:25] [Server thread/TRACE] [FML]:   Registry: 211 minecraft:chain_command_block net.minecraft.item.ItemBlock@721bf7ad
[01:00:25] [Server thread/TRACE] [FML]:   Registry: 213 minecraft:magma net.minecraft.item.ItemBlock@852ef8d
[01:00:25] [Server thread/TRACE] [FML]:   Registry: 214 minecraft:nether_wart_block net.minecraft.item.ItemBlock@44dd0d38
[01:00:25] [Server thread/TRACE] [FML]:   Registry: 215 minecraft:red_nether_brick net.minecraft.item.ItemBlock@7e94e331
[01:00:25] [Server thread/TRACE] [FML]:   Registry: 216 minecraft:bone_block net.minecraft.item.ItemBlock@539fc5d1
[01:00:25] [Server thread/TRACE] [FML]:   Registry: 217 minecraft:structure_void net.minecraft.item.ItemBlock@4cae66a8
[01:00:25] [Server thread/TRACE] [FML]:   Registry: 218 minecraft:observer net.minecraft.item.ItemBlock@60b616c8
[01:00:25] [Server thread/TRACE] [FML]:   Registry: 219 minecraft:white_shulker_box net.minecraft.item.ItemShulkerBox@147e0734
[01:00:25] [Server thread/TRACE] [FML]:   Registry: 220 minecraft:orange_shulker_box net.minecraft.item.ItemShulkerBox@2bdab835
[01:00:25] [Server thread/TRACE] [FML]:   Registry: 221 minecraft:magenta_shulker_box net.minecraft.item.ItemShulkerBox@7b8aebd0
[01:00:25] [Server thread/TRACE] [FML]:   Registry: 222 minecraft:light_blue_shulker_box net.minecraft.item.ItemShulkerBox@55222ee9
[01:00:25] [Server thread/TRACE] [FML]:   Registry: 223 minecraft:yellow_shulker_box net.minecraft.item.ItemShulkerBox@3181d4de
[01:00:25] [Server thread/TRACE] [FML]:   Registry: 224 minecraft:lime_shulker_box net.minecraft.item.ItemShulkerBox@4f64d9cb
[01:00:25] [Server thread/TRACE] [FML]:   Registry: 225 minecraft:pink_shulker_box net.minecraft.item.ItemShulkerBox@639c7f9c
[01:00:25] [Server thread/TRACE] [FML]:   Registry: 226 minecraft:gray_shulker_box net.minecraft.item.ItemShulkerBox@270d5060
[01:00:25] [Server thread/TRACE] [FML]:   Registry: 227 minecraft:silver_shulker_box net.minecraft.item.ItemShulkerBox@1815577b
[01:00:25] [Server thread/TRACE] [FML]:   Registry: 228 minecraft:cyan_shulker_box net.minecraft.item.ItemShulkerBox@71567f33
[01:00:25] [Server thread/TRACE] [FML]:   Registry: 229 minecraft:purple_shulker_box net.minecraft.item.ItemShulkerBox@71369e1a
[01:00:25] [Server thread/TRACE] [FML]:   Registry: 230 minecraft:blue_shulker_box net.minecraft.item.ItemShulkerBox@3cf55e0c
[01:00:25] [Server thread/TRACE] [FML]:   Registry: 231 minecraft:brown_shulker_box net.minecraft.item.ItemShulkerBox@ee96866
[01:00:25] [Server thread/TRACE] [FML]:   Registry: 232 minecraft:green_shulker_box net.minecraft.item.ItemShulkerBox@4c04216f
[01:00:25] [Server thread/TRACE] [FML]:   Registry: 233 minecraft:red_shulker_box net.minecraft.item.ItemShulkerBox@987a0bb
[01:00:25] [Server thread/TRACE] [FML]:   Registry: 234 minecraft:black_shulker_box net.minecraft.item.ItemShulkerBox@1f949ab9
[01:00:25] [Server thread/TRACE] [FML]:   Registry: 235 minecraft:white_glazed_terracotta net.minecraft.item.ItemBlock@5a7b6b75
[01:00:25] [Server thread/TRACE] [FML]:   Registry: 236 minecraft:orange_glazed_terracotta net.minecraft.item.ItemBlock@3719360c
[01:00:25] [Server thread/TRACE] [FML]:   Registry: 237 minecraft:magenta_glazed_terracotta net.minecraft.item.ItemBlock@3afca2c
[01:00:25] [Server thread/TRACE] [FML]:   Registry: 238 minecraft:light_blue_glazed_terracotta net.minecraft.item.ItemBlock@3855d9b2
[01:00:25] [Server thread/TRACE] [FML]:   Registry: 239 minecraft:yellow_glazed_terracotta net.minecraft.item.ItemBlock@39f42d0e
[01:00:25] [Server thread/TRACE] [FML]:   Registry: 240 minecraft:lime_glazed_terracotta net.minecraft.item.ItemBlock@47a3d56a
[01:00:25] [Server thread/TRACE] [FML]:   Registry: 241 minecraft:pink_glazed_terracotta net.minecraft.item.ItemBlock@3a209918
[01:00:25] [Server thread/TRACE] [FML]:   Registry: 242 minecraft:gray_glazed_terracotta net.minecraft.item.ItemBlock@2cae5fa7
[01:00:25] [Server thread/TRACE] [FML]:   Registry: 243 minecraft:silver_glazed_terracotta net.minecraft.item.ItemBlock@34aa8b61
[01:00:25] [Server thread/TRACE] [FML]:   Registry: 244 minecraft:cyan_glazed_terracotta net.minecraft.item.ItemBlock@6d7b001b
[01:00:25] [Server thread/TRACE] [FML]:   Registry: 245 minecraft:purple_glazed_terracotta net.minecraft.item.ItemBlock@532dacf5
[01:00:25] [Server thread/TRACE] [FML]:   Registry: 246 minecraft:blue_glazed_terracotta net.minecraft.item.ItemBlock@da09250
[01:00:25] [Server thread/TRACE] [FML]:   Registry: 247 minecraft:brown_glazed_terracotta net.minecraft.item.ItemBlock@6d31f106
[01:00:25] [Server thread/TRACE] [FML]:   Registry: 248 minecraft:green_glazed_terracotta net.minecraft.item.ItemBlock@587f4f63
[01:00:25] [Server thread/TRACE] [FML]:   Registry: 249 minecraft:red_glazed_terracotta net.minecraft.item.ItemBlock@660b1a9d
[01:00:25] [Server thread/TRACE] [FML]:   Registry: 250 minecraft:black_glazed_terracotta net.minecraft.item.ItemBlock@6fb0261e
[01:00:25] [Server thread/TRACE] [FML]:   Registry: 251 minecraft:concrete net.minecraft.item.ItemCloth@d6b532f
[01:00:25] [Server thread/TRACE] [FML]:   Registry: 252 minecraft:concrete_powder net.minecraft.item.ItemCloth@2f4d01b6
[01:00:25] [Server thread/TRACE] [FML]:   Registry: 255 minecraft:structure_block net.minecraft.item.ItemBlock@112c2930
[01:00:25] [Server thread/TRACE] [FML]:   Registry: 256 minecraft:iron_shovel net.minecraft.item.ItemSpade@7523d5a1
[01:00:25] [Server thread/TRACE] [FML]:   Registry: 257 minecraft:iron_pickaxe net.minecraft.item.ItemPickaxe@61853c7e
[01:00:25] [Server thread/TRACE] [FML]:   Registry: 258 minecraft:iron_axe net.minecraft.item.ItemAxe@5980fa73
[01:00:25] [Server thread/TRACE] [FML]:   Registry: 259 minecraft:flint_and_steel net.minecraft.item.ItemFlintAndSteel@44641d6c
[01:00:25] [Server thread/TRACE] [FML]:   Registry: 260 minecraft:apple net.minecraft.item.ItemFood@27bcb4ad
[01:00:25] [Server thread/TRACE] [FML]:   Registry: 261 minecraft:bow net.minecraft.item.ItemBow@166b11e
[01:00:25] [Server thread/TRACE] [FML]:   Registry: 262 minecraft:arrow net.minecraft.item.ItemArrow@3bc20984
[01:00:25] [Server thread/TRACE] [FML]:   Registry: 263 minecraft:coal net.minecraft.item.ItemCoal@f017dd0
[01:00:25] [Server thread/TRACE] [FML]:   Registry: 264 minecraft:diamond net.minecraft.item.Item@2424cb9d
[01:00:25] [Server thread/TRACE] [FML]:   Registry: 265 minecraft:iron_ingot net.minecraft.item.Item@7f51f588
[01:00:25] [Server thread/TRACE] [FML]:   Registry: 266 minecraft:gold_ingot net.minecraft.item.Item@6fb22ae3
[01:00:25] [Server thread/TRACE] [FML]:   Registry: 267 minecraft:iron_sword net.minecraft.item.ItemSword@19ae36f4
[01:00:25] [Server thread/TRACE] [FML]:   Registry: 268 minecraft:wooden_sword net.minecraft.item.ItemSword@6735f210
[01:00:25] [Server thread/TRACE] [FML]:   Registry: 269 minecraft:wooden_shovel net.minecraft.item.ItemSpade@4567fb2b
[01:00:25] [Server thread/TRACE] [FML]:   Registry: 270 minecraft:wooden_pickaxe net.minecraft.item.ItemPickaxe@372954e1
[01:00:25] [Server thread/TRACE] [FML]:   Registry: 271 minecraft:wooden_axe net.minecraft.item.ItemAxe@5fd8dd66
[01:00:25] [Server thread/TRACE] [FML]:   Registry: 272 minecraft:stone_sword net.minecraft.item.ItemSword@173511ff
[01:00:25] [Server thread/TRACE] [FML]:   Registry: 273 minecraft:stone_shovel net.minecraft.item.ItemSpade@6df11e91
[01:00:25] [Server thread/TRACE] [FML]:   Registry: 274 minecraft:stone_pickaxe net.minecraft.item.ItemPickaxe@1002d192
[01:00:25] [Server thread/TRACE] [FML]:   Registry: 275 minecraft:stone_axe net.minecraft.item.ItemAxe@9281d19
[01:00:25] [Server thread/TRACE] [FML]:   Registry: 276 minecraft:diamond_sword net.minecraft.item.ItemSword@36ad5f2a
[01:00:25] [Server thread/TRACE] [FML]:   Registry: 277 minecraft:diamond_shovel net.minecraft.item.ItemSpade@53cddaf8
[01:00:25] [Server thread/TRACE] [FML]:   Registry: 278 minecraft:diamond_pickaxe net.minecraft.item.ItemPickaxe@55c50f52
[01:00:25] [Server thread/TRACE] [FML]:   Registry: 279 minecraft:diamond_axe net.minecraft.item.ItemAxe@1ccc1026
[01:00:25] [Server thread/TRACE] [FML]:   Registry: 280 minecraft:stick net.minecraft.item.Item@4044589a
[01:00:25] [Server thread/TRACE] [FML]:   Registry: 281 minecraft:bowl net.minecraft.item.Item@7de35070
[01:00:25] [Server thread/TRACE] [FML]:   Registry: 282 minecraft:mushroom_stew net.minecraft.item.ItemSoup@1e721583
[01:00:25] [Server thread/TRACE] [FML]:   Registry: 283 minecraft:golden_sword net.minecraft.item.ItemSword@79f5a6ed
[01:00:25] [Server thread/TRACE] [FML]:   Registry: 284 minecraft:golden_shovel net.minecraft.item.ItemSpade@722787b5
[01:00:25] [Server thread/TRACE] [FML]:   Registry: 285 minecraft:golden_pickaxe net.minecraft.item.ItemPickaxe@edb83f8
[01:00:25] [Server thread/TRACE] [FML]:   Registry: 286 minecraft:golden_axe net.minecraft.item.ItemAxe@8b41ad
[01:00:25] [Server thread/TRACE] [FML]:   Registry: 287 minecraft:string net.minecraft.item.ItemBlockSpecial@48dff674
[01:00:25] [Server thread/TRACE] [FML]:   Registry: 288 minecraft:feather net.minecraft.item.Item@120350eb
[01:00:25] [Server thread/TRACE] [FML]:   Registry: 289 minecraft:gunpowder net.minecraft.item.Item@2ccc9681
[01:00:25] [Server thread/TRACE] [FML]:   Registry: 290 minecraft:wooden_hoe net.minecraft.item.ItemHoe@4217bce6
[01:00:25] [Server thread/TRACE] [FML]:   Registry: 291 minecraft:stone_hoe net.minecraft.item.ItemHoe@aa752bb
[01:00:25] [Server thread/TRACE] [FML]:   Registry: 292 minecraft:iron_hoe net.minecraft.item.ItemHoe@77fc19cf
[01:00:25] [Server thread/TRACE] [FML]:   Registry: 293 minecraft:diamond_hoe net.minecraft.item.ItemHoe@643ecfef
[01:00:25] [Server thread/TRACE] [FML]:   Registry: 294 minecraft:golden_hoe net.minecraft.item.ItemHoe@1b31af02
[01:00:25] [Server thread/TRACE] [FML]:   Registry: 295 minecraft:wheat_seeds net.minecraft.item.ItemSeeds@2e45a357
[01:00:25] [Server thread/TRACE] [FML]:   Registry: 296 minecraft:wheat net.minecraft.item.Item@389a5022
[01:00:25] [Server thread/TRACE] [FML]:   Registry: 297 minecraft:bread net.minecraft.item.ItemFood@bb8ead8
[01:00:25] [Server thread/TRACE] [FML]:   Registry: 298 minecraft:leather_helmet net.minecraft.item.ItemArmor@677cb96e
[01:00:25] [Server thread/TRACE] [FML]:   Registry: 299 minecraft:leather_chestplate net.minecraft.item.ItemArmor@1b1252c8
[01:00:25] [Server thread/TRACE] [FML]:   Registry: 300 minecraft:leather_leggings net.minecraft.item.ItemArmor@19d53ab4
[01:00:25] [Server thread/TRACE] [FML]:   Registry: 301 minecraft:leather_boots net.minecraft.item.ItemArmor@53cb0bcb
[01:00:25] [Server thread/TRACE] [FML]:   Registry: 302 minecraft:chainmail_helmet net.minecraft.item.ItemArmor@51fe7f15
[01:00:25] [Server thread/TRACE] [FML]:   Registry: 303 minecraft:chainmail_chestplate net.minecraft.item.ItemArmor@5873f3f0
[01:00:25] [Server thread/TRACE] [FML]:   Registry: 304 minecraft:chainmail_leggings net.minecraft.item.ItemArmor@684372d0
[01:00:25] [Server thread/TRACE] [FML]:   Registry: 305 minecraft:chainmail_boots net.minecraft.item.ItemArmor@63dda940
[01:00:25] [Server thread/TRACE] [FML]:   Registry: 306 minecraft:iron_helmet net.minecraft.item.ItemArmor@41f964f9
[01:00:25] [Server thread/TRACE] [FML]:   Registry: 307 minecraft:iron_chestplate net.minecraft.item.ItemArmor@652e345
[01:00:25] [Server thread/TRACE] [FML]:   Registry: 308 minecraft:iron_leggings net.minecraft.item.ItemArmor@7574d4ad
[01:00:25] [Server thread/TRACE] [FML]:   Registry: 309 minecraft:iron_boots net.minecraft.item.ItemArmor@7bede4ea
[01:00:25] [Server thread/TRACE] [FML]:   Registry: 310 minecraft:diamond_helmet net.minecraft.item.ItemArmor@713999c2
[01:00:25] [Server thread/TRACE] [FML]:   Registry: 311 minecraft:diamond_chestplate net.minecraft.item.ItemArmor@6060146b
[01:00:25] [Server thread/TRACE] [FML]:   Registry: 312 minecraft:diamond_leggings net.minecraft.item.ItemArmor@33627576
[01:00:25] [Server thread/TRACE] [FML]:   Registry: 313 minecraft:diamond_boots net.minecraft.item.ItemArmor@27bc1d44
[01:00:25] [Server thread/TRACE] [FML]:   Registry: 314 minecraft:golden_helmet net.minecraft.item.ItemArmor@1af677f8
[01:00:25] [Server thread/TRACE] [FML]:   Registry: 315 minecraft:golden_chestplate net.minecraft.item.ItemArmor@7a55fb81
[01:00:25] [Server thread/TRACE] [FML]:   Registry: 316 minecraft:golden_leggings net.minecraft.item.ItemArmor@5a3cf878
[01:00:25] [Server thread/TRACE] [FML]:   Registry: 317 minecraft:golden_boots net.minecraft.item.ItemArmor@1d2d8846
[01:00:25] [Server thread/TRACE] [FML]:   Registry: 318 minecraft:flint net.minecraft.item.Item@34cd65ac
[01:00:25] [Server thread/TRACE] [FML]:   Registry: 319 minecraft:porkchop net.minecraft.item.ItemFood@61911947
[01:00:25] [Server thread/TRACE] [FML]:   Registry: 320 minecraft:cooked_porkchop net.minecraft.item.ItemFood@5c53c235
[01:00:25] [Server thread/TRACE] [FML]:   Registry: 321 minecraft:painting net.minecraft.item.ItemHangingEntity@3a45afd4
[01:00:25] [Server thread/TRACE] [FML]:   Registry: 322 minecraft:golden_apple net.minecraft.item.ItemAppleGold@f2fb225
[01:00:25] [Server thread/TRACE] [FML]:   Registry: 323 minecraft:sign net.minecraft.item.ItemSign@52f9e8bb
[01:00:25] [Server thread/TRACE] [FML]:   Registry: 324 minecraft:wooden_door net.minecraft.item.ItemDoor@4e3283f6
[01:00:25] [Server thread/TRACE] [FML]:   Registry: 325 minecraft:bucket net.minecraft.item.ItemBucket@1689527c
[01:00:25] [Server thread/TRACE] [FML]:   Registry: 326 minecraft:water_bucket net.minecraft.item.ItemBucket@21516c88
[01:00:25] [Server thread/TRACE] [FML]:   Registry: 327 minecraft:lava_bucket net.minecraft.item.ItemBucket@1c7cd434
[01:00:25] [Server thread/TRACE] [FML]:   Registry: 328 minecraft:minecart net.minecraft.item.ItemMinecart@52d7ab79
[01:00:25] [Server thread/TRACE] [FML]:   Registry: 329 minecraft:saddle net.minecraft.item.ItemSaddle@b7d2d51
[01:00:25] [Server thread/TRACE] [FML]:   Registry: 330 minecraft:iron_door net.minecraft.item.ItemDoor@641ed324
[01:00:25] [Server thread/TRACE] [FML]:   Registry: 331 minecraft:redstone net.minecraft.item.ItemRedstone@66b0e207
[01:00:25] [Server thread/TRACE] [FML]:   Registry: 332 minecraft:snowball net.minecraft.item.ItemSnowball@640c216b
[01:00:25] [Server thread/TRACE] [FML]:   Registry: 333 minecraft:boat net.minecraft.item.ItemBoat@3e52ed5d
[01:00:25] [Server thread/TRACE] [FML]:   Registry: 334 minecraft:leather net.minecraft.item.Item@6a96d639
[01:00:25] [Server thread/TRACE] [FML]:   Registry: 335 minecraft:milk_bucket net.minecraft.item.ItemBucketMilk@14d1737a
[01:00:25] [Server thread/TRACE] [FML]:   Registry: 336 minecraft:brick net.minecraft.item.Item@482a58c7
[01:00:25] [Server thread/TRACE] [FML]:   Registry: 337 minecraft:clay_ball net.minecraft.item.Item@3e74fd84
[01:00:25] [Server thread/TRACE] [FML]:   Registry: 338 minecraft:reeds net.minecraft.item.ItemBlockSpecial@147efd9
[01:00:25] [Server thread/TRACE] [FML]:   Registry: 339 minecraft:paper net.minecraft.item.Item@1e120628
[01:00:25] [Server thread/TRACE] [FML]:   Registry: 340 minecraft:book net.minecraft.item.ItemBook@23e2c1ca
[01:00:25] [Server thread/TRACE] [FML]:   Registry: 341 minecraft:slime_ball net.minecraft.item.Item@2d4fb0d8
[01:00:25] [Server thread/TRACE] [FML]:   Registry: 342 minecraft:chest_minecart net.minecraft.item.ItemMinecart@dc1fadd
[01:00:25] [Server thread/TRACE] [FML]:   Registry: 343 minecraft:furnace_minecart net.minecraft.item.ItemMinecart@3ef3f661
[01:00:25] [Server thread/TRACE] [FML]:   Registry: 344 minecraft:egg net.minecraft.item.ItemEgg@65859b44
[01:00:25] [Server thread/TRACE] [FML]:   Registry: 345 minecraft:compass net.minecraft.item.ItemCompass@c212536
[01:00:25] [Server thread/TRACE] [FML]:   Registry: 346 minecraft:fishing_rod net.minecraft.item.ItemFishingRod@60928a61
[01:00:25] [Server thread/TRACE] [FML]:   Registry: 347 minecraft:clock net.minecraft.item.ItemClock@563317c1
[01:00:25] [Server thread/TRACE] [FML]:   Registry: 348 minecraft:glowstone_dust net.minecraft.item.Item@5d5d3a5c
[01:00:25] [Server thread/TRACE] [FML]:   Registry: 349 minecraft:fish net.minecraft.item.ItemFishFood@305b43ca
[01:00:25] [Server thread/TRACE] [FML]:   Registry: 350 minecraft:cooked_fish net.minecraft.item.ItemFishFood@4601047
[01:00:25] [Server thread/TRACE] [FML]:   Registry: 351 minecraft:dye net.minecraft.item.ItemDye@58601e7a
[01:00:25] [Server thread/TRACE] [FML]:   Registry: 352 minecraft:bone net.minecraft.item.Item@62735b13
[01:00:25] [Server thread/TRACE] [FML]:   Registry: 353 minecraft:sugar net.minecraft.item.Item@7aae1170
[01:00:25] [Server thread/TRACE] [FML]:   Registry: 354 minecraft:cake net.minecraft.item.ItemBlockSpecial@4ef5dd23
[01:00:25] [Server thread/TRACE] [FML]:   Registry: 355 minecraft:bed net.minecraft.item.ItemBed@64c25a62
[01:00:25] [Server thread/TRACE] [FML]:   Registry: 356 minecraft:repeater net.minecraft.item.ItemBlockSpecial@43e8f1c
[01:00:25] [Server thread/TRACE] [FML]:   Registry: 357 minecraft:cookie net.minecraft.item.ItemFood@66a82a13
[01:00:25] [Server thread/TRACE] [FML]:   Registry: 358 minecraft:filled_map net.minecraft.item.ItemMap@6a7a1a0d
[01:00:25] [Server thread/TRACE] [FML]:   Registry: 359 minecraft:shears net.minecraft.item.ItemShears@184afb78
[01:00:25] [Server thread/TRACE] [FML]:   Registry: 360 minecraft:melon net.minecraft.item.ItemFood@22da200e
[01:00:25] [Server thread/TRACE] [FML]:   Registry: 361 minecraft:pumpkin_seeds net.minecraft.item.ItemSeeds@4f26425b
[01:00:25] [Server thread/TRACE] [FML]:   Registry: 362 minecraft:melon_seeds net.minecraft.item.ItemSeeds@f03ee8f
[01:00:25] [Server thread/TRACE] [FML]:   Registry: 363 minecraft:beef net.minecraft.item.ItemFood@40dd552c
[01:00:25] [Server thread/TRACE] [FML]:   Registry: 364 minecraft:cooked_beef net.minecraft.item.ItemFood@33f4c769
[01:00:25] [Server thread/TRACE] [FML]:   Registry: 365 minecraft:chicken net.minecraft.item.ItemFood@4438938e
[01:00:25] [Server thread/TRACE] [FML]:   Registry: 366 minecraft:cooked_chicken net.minecraft.item.ItemFood@4e50ae56
[01:00:25] [Server thread/TRACE] [FML]:   Registry: 367 minecraft:rotten_flesh net.minecraft.item.ItemFood@1c68d0db
[01:00:25] [Server thread/TRACE] [FML]:   Registry: 368 minecraft:ender_pearl net.minecraft.item.ItemEnderPearl@3af36922
[01:00:25] [Server thread/TRACE] [FML]:   Registry: 369 minecraft:blaze_rod net.minecraft.item.Item@609b041c
[01:00:25] [Server thread/TRACE] [FML]:   Registry: 370 minecraft:ghast_tear net.minecraft.item.Item@474e34e4
[01:00:25] [Server thread/TRACE] [FML]:   Registry: 371 minecraft:gold_nugget net.minecraft.item.Item@7e2c6702
[01:00:25] [Server thread/TRACE] [FML]:   Registry: 372 minecraft:nether_wart net.minecraft.item.ItemSeeds@5fb7ab9c
[01:00:25] [Server thread/TRACE] [FML]:   Registry: 373 minecraft:potion net.minecraft.item.ItemPotion@51eb0e84
[01:00:25] [Server thread/TRACE] [FML]:   Registry: 374 minecraft:glass_bottle net.minecraft.item.ItemGlassBottle@6ee37ca7
[01:00:25] [Server thread/TRACE] [FML]:   Registry: 375 minecraft:spider_eye net.minecraft.item.ItemFood@6775c0d1
[01:00:25] [Server thread/TRACE] [FML]:   Registry: 376 minecraft:fermented_spider_eye net.minecraft.item.Item@38f617f4
[01:00:25] [Server thread/TRACE] [FML]:   Registry: 377 minecraft:blaze_powder net.minecraft.item.Item@4899799b
[01:00:25] [Server thread/TRACE] [FML]:   Registry: 378 minecraft:magma_cream net.minecraft.item.Item@3dea226b
[01:00:25] [Server thread/TRACE] [FML]:   Registry: 379 minecraft:brewing_stand net.minecraft.item.ItemBlockSpecial@74500e4f
[01:00:25] [Server thread/TRACE] [FML]:   Registry: 380 minecraft:cauldron net.minecraft.item.ItemBlockSpecial@7c91fe86
[01:00:25] [Server thread/TRACE] [FML]:   Registry: 381 minecraft:ender_eye net.minecraft.item.ItemEnderEye@1412682c
[01:00:25] [Server thread/TRACE] [FML]:   Registry: 382 minecraft:speckled_melon net.minecraft.item.Item@53bb71e5
[01:00:25] [Server thread/TRACE] [FML]:   Registry: 383 minecraft:spawn_egg net.minecraft.item.ItemMonsterPlacer@12cd129c
[01:00:25] [Server thread/TRACE] [FML]:   Registry: 384 minecraft:experience_bottle net.minecraft.item.ItemExpBottle@3407aa4f
[01:00:25] [Server thread/TRACE] [FML]:   Registry: 385 minecraft:fire_charge net.minecraft.item.ItemFireball@19b9f903
[01:00:25] [Server thread/TRACE] [FML]:   Registry: 386 minecraft:writable_book net.minecraft.item.ItemWritableBook@22ae905f
[01:00:25] [Server thread/TRACE] [FML]:   Registry: 387 minecraft:written_book net.minecraft.item.ItemWrittenBook@6d4a05f7
[01:00:25] [Server thread/TRACE] [FML]:   Registry: 388 minecraft:emerald net.minecraft.item.Item@51d8f2f2
[01:00:25] [Server thread/TRACE] [FML]:   Registry: 389 minecraft:item_frame net.minecraft.item.ItemHangingEntity@4b476233
[01:00:25] [Server thread/TRACE] [FML]:   Registry: 390 minecraft:flower_pot net.minecraft.item.ItemBlockSpecial@72fb989b
[01:00:25] [Server thread/TRACE] [FML]:   Registry: 391 minecraft:carrot net.minecraft.item.ItemSeedFood@29dcdd1c
[01:00:25] [Server thread/TRACE] [FML]:   Registry: 392 minecraft:potato net.minecraft.item.ItemSeedFood@7cdb7fc
[01:00:25] [Server thread/TRACE] [FML]:   Registry: 393 minecraft:baked_potato net.minecraft.item.ItemFood@524f5ea5
[01:00:25] [Server thread/TRACE] [FML]:   Registry: 394 minecraft:poisonous_potato net.minecraft.item.ItemFood@586843bc
[01:00:25] [Server thread/TRACE] [FML]:   Registry: 395 minecraft:map net.minecraft.item.ItemEmptyMap@5599b5bb
[01:00:25] [Server thread/TRACE] [FML]:   Registry: 396 minecraft:golden_carrot net.minecraft.item.ItemFood@4ff66917
[01:00:25] [Server thread/TRACE] [FML]:   Registry: 397 minecraft:skull net.minecraft.item.ItemSkull@7cd3e0da
[01:00:25] [Server thread/TRACE] [FML]:   Registry: 398 minecraft:carrot_on_a_stick net.minecraft.item.ItemCarrotOnAStick@7ead1d80
[01:00:25] [Server thread/TRACE] [FML]:   Registry: 399 minecraft:nether_star net.minecraft.item.ItemSimpleFoiled@4d43a1b7
[01:00:25] [Server thread/TRACE] [FML]:   Registry: 400 minecraft:pumpkin_pie net.minecraft.item.ItemFood@5b14f482
[01:00:25] [Server thread/TRACE] [FML]:   Registry: 401 minecraft:fireworks net.minecraft.item.ItemFirework@362a561e
[01:00:25] [Server thread/TRACE] [FML]:   Registry: 402 minecraft:firework_charge net.minecraft.item.ItemFireworkCharge@fe8aaeb
[01:00:25] [Server thread/TRACE] [FML]:   Registry: 403 minecraft:enchanted_book net.minecraft.item.ItemEnchantedBook@40c76f5a
[01:00:25] [Server thread/TRACE] [FML]:   Registry: 404 minecraft:comparator net.minecraft.item.ItemBlockSpecial@a323a5b
[01:00:25] [Server thread/TRACE] [FML]:   Registry: 405 minecraft:netherbrick net.minecraft.item.Item@5546e754
[01:00:25] [Server thread/TRACE] [FML]:   Registry: 406 minecraft:quartz net.minecraft.item.Item@ad0bb4e
[01:00:25] [Server thread/TRACE] [FML]:   Registry: 407 minecraft:tnt_minecart net.minecraft.item.ItemMinecart@7196a8f1
[01:00:25] [Server thread/TRACE] [FML]:   Registry: 408 minecraft:hopper_minecart net.minecraft.item.ItemMinecart@6a6da47a
[01:00:25] [Server thread/TRACE] [FML]:   Registry: 409 minecraft:prismarine_shard net.minecraft.item.Item@8f39224
[01:00:25] [Server thread/TRACE] [FML]:   Registry: 410 minecraft:prismarine_crystals net.minecraft.item.Item@7f642bf
[01:00:25] [Server thread/TRACE] [FML]:   Registry: 411 minecraft:rabbit net.minecraft.item.ItemFood@43e3a390
[01:00:25] [Server thread/TRACE] [FML]:   Registry: 412 minecraft:cooked_rabbit net.minecraft.item.ItemFood@44aa91e2
[01:00:25] [Server thread/TRACE] [FML]:   Registry: 413 minecraft:rabbit_stew net.minecraft.item.ItemSoup@50dc49e1
[01:00:25] [Server thread/TRACE] [FML]:   Registry: 414 minecraft:rabbit_foot net.minecraft.item.Item@650a1aff
[01:00:25] [Server thread/TRACE] [FML]:   Registry: 415 minecraft:rabbit_hide net.minecraft.item.Item@3babcaed
[01:00:25] [Server thread/TRACE] [FML]:   Registry: 416 minecraft:armor_stand net.minecraft.item.ItemArmorStand@75ed125a
[01:00:25] [Server thread/TRACE] [FML]:   Registry: 417 minecraft:iron_horse_armor net.minecraft.item.Item@653a5967
[01:00:25] [Server thread/TRACE] [FML]:   Registry: 418 minecraft:golden_horse_armor net.minecraft.item.Item@5a85b4e6
[01:00:25] [Server thread/TRACE] [FML]:   Registry: 419 minecraft:diamond_horse_armor net.minecraft.item.Item@766b6d02
[01:00:25] [Server thread/TRACE] [FML]:   Registry: 420 minecraft:lead net.minecraft.item.ItemLead@63485d7
[01:00:25] [Server thread/TRACE] [FML]:   Registry: 421 minecraft:name_tag net.minecraft.item.ItemNameTag@790ac3e0
[01:00:25] [Server thread/TRACE] [FML]:   Registry: 422 minecraft:command_block_minecart net.minecraft.item.ItemMinecart@5bb2fb2b
[01:00:25] [Server thread/TRACE] [FML]:   Registry: 423 minecraft:mutton net.minecraft.item.ItemFood@2cee5365
[01:00:25] [Server thread/TRACE] [FML]:   Registry: 424 minecraft:cooked_mutton net.minecraft.item.ItemFood@796c68bf
[01:00:25] [Server thread/TRACE] [FML]:   Registry: 425 minecraft:banner net.minecraft.item.ItemBanner@44da7eb3
[01:00:25] [Server thread/TRACE] [FML]:   Registry: 426 minecraft:end_crystal net.minecraft.item.ItemEndCrystal@2c2e3460
[01:00:25] [Server thread/TRACE] [FML]:   Registry: 427 minecraft:spruce_door net.minecraft.item.ItemDoor@3b96f8b0
[01:00:25] [Server thread/TRACE] [FML]:   Registry: 428 minecraft:birch_door net.minecraft.item.ItemDoor@2b170932
[01:00:25] [Server thread/TRACE] [FML]:   Registry: 429 minecraft:jungle_door net.minecraft.item.ItemDoor@1fc0d9b4
[01:00:25] [Server thread/TRACE] [FML]:   Registry: 430 minecraft:acacia_door net.minecraft.item.ItemDoor@42107318
[01:00:25] [Server thread/TRACE] [FML]:   Registry: 431 minecraft:dark_oak_door net.minecraft.item.ItemDoor@4e4f4092
[01:00:25] [Server thread/TRACE] [FML]:   Registry: 432 minecraft:chorus_fruit net.minecraft.item.ItemChorusFruit@5dfc2a4
[01:00:25] [Server thread/TRACE] [FML]:   Registry: 433 minecraft:chorus_fruit_popped net.minecraft.item.Item@3120495d
[01:00:25] [Server thread/TRACE] [FML]:   Registry: 434 minecraft:beetroot net.minecraft.item.ItemFood@781c2497
[01:00:25] [Server thread/TRACE] [FML]:   Registry: 435 minecraft:beetroot_seeds net.minecraft.item.ItemSeeds@b75b890
[01:00:25] [Server thread/TRACE] [FML]:   Registry: 436 minecraft:beetroot_soup net.minecraft.item.ItemSoup@70c491b8
[01:00:25] [Server thread/TRACE] [FML]:   Registry: 437 minecraft:dragon_breath net.minecraft.item.Item@439d545c
[01:00:25] [Server thread/TRACE] [FML]:   Registry: 438 minecraft:splash_potion net.minecraft.item.ItemSplashPotion@1b3a9ef4
[01:00:25] [Server thread/TRACE] [FML]:   Registry: 439 minecraft:spectral_arrow net.minecraft.item.ItemSpectralArrow@73aaec54
[01:00:25] [Server thread/TRACE] [FML]:   Registry: 440 minecraft:tipped_arrow net.minecraft.item.ItemTippedArrow@6def0632
[01:00:25] [Server thread/TRACE] [FML]:   Registry: 441 minecraft:lingering_potion net.minecraft.item.ItemLingeringPotion@7ef41ca2
[01:00:25] [Server thread/TRACE] [FML]:   Registry: 442 minecraft:shield net.minecraft.item.ItemShield@5e98032e
[01:00:25] [Server thread/TRACE] [FML]:   Registry: 443 minecraft:elytra net.minecraft.item.ItemElytra@7f1f60a0
[01:00:25] [Server thread/TRACE] [FML]:   Registry: 444 minecraft:spruce_boat net.minecraft.item.ItemBoat@77ea806f
[01:00:25] [Server thread/TRACE] [FML]:   Registry: 445 minecraft:birch_boat net.minecraft.item.ItemBoat@71b26880
[01:00:25] [Server thread/TRACE] [FML]:   Registry: 446 minecraft:jungle_boat net.minecraft.item.ItemBoat@14a1769d
[01:00:25] [Server thread/TRACE] [FML]:   Registry: 447 minecraft:acacia_boat net.minecraft.item.ItemBoat@10bf1ec9
[01:00:25] [Server thread/TRACE] [FML]:   Registry: 448 minecraft:dark_oak_boat net.minecraft.item.ItemBoat@33751d49
[01:00:25] [Server thread/TRACE] [FML]:   Registry: 449 minecraft:totem_of_undying net.minecraft.item.Item@516195cf
[01:00:25] [Server thread/TRACE] [FML]:   Registry: 450 minecraft:shulker_shell net.minecraft.item.Item@4eeb14e0
[01:00:25] [Server thread/TRACE] [FML]:   Registry: 452 minecraft:iron_nugget net.minecraft.item.Item@26ca12a2
[01:00:25] [Server thread/TRACE] [FML]:   Registry: 453 minecraft:knowledge_book net.minecraft.item.ItemKnowledgeBook@afee63
[01:00:25] [Server thread/TRACE] [FML]:   Registry: 2256 minecraft:record_13 net.minecraft.item.ItemRecord@ff0e6d4
[01:00:25] [Server thread/TRACE] [FML]:   Registry: 2257 minecraft:record_cat net.minecraft.item.ItemRecord@70d3cdbf
[01:00:25] [Server thread/TRACE] [FML]:   Registry: 2258 minecraft:record_blocks net.minecraft.item.ItemRecord@72a7aa4f
[01:00:25] [Server thread/TRACE] [FML]:   Registry: 2259 minecraft:record_chirp net.minecraft.item.ItemRecord@537ca28e
[01:00:25] [Server thread/TRACE] [FML]:   Registry: 2260 minecraft:record_far net.minecraft.item.ItemRecord@5b322873
[01:00:25] [Server thread/TRACE] [FML]:   Registry: 2261 minecraft:record_mall net.minecraft.item.ItemRecord@35e2b89f
[01:00:25] [Server thread/TRACE] [FML]:   Registry: 2262 minecraft:record_mellohi net.minecraft.item.ItemRecord@7ad889be
[01:00:25] [Server thread/TRACE] [FML]:   Registry: 2263 minecraft:record_stal net.minecraft.item.ItemRecord@4c063cb9
[01:00:25] [Server thread/TRACE] [FML]:   Registry: 2264 minecraft:record_strad net.minecraft.item.ItemRecord@63de4fa
[01:00:25] [Server thread/TRACE] [FML]:   Registry: 2265 minecraft:record_ward net.minecraft.item.ItemRecord@26bb92e2
[01:00:25] [Server thread/TRACE] [FML]:   Registry: 2266 minecraft:record_11 net.minecraft.item.ItemRecord@18907af2
[01:00:25] [Server thread/TRACE] [FML]:   Registry: 2267 minecraft:record_wait net.minecraft.item.ItemRecord@658e7ead
[01:00:25] [Server thread/TRACE] [FML]: Registry Name : minecraft:potions
[01:00:25] [Server thread/TRACE] [FML]:   Registry: 1 minecraft:speed net.minecraft.potion.Potion@5a47730c
[01:00:25] [Server thread/TRACE] [FML]:   Registry: 2 minecraft:slowness net.minecraft.potion.Potion@15369d73
[01:00:25] [Server thread/TRACE] [FML]:   Registry: 3 minecraft:haste net.minecraft.potion.Potion@1cde374
[01:00:25] [Server thread/TRACE] [FML]:   Registry: 4 minecraft:mining_fatigue net.minecraft.potion.Potion@6818fd48
[01:00:25] [Server thread/TRACE] [FML]:   Registry: 5 minecraft:strength net.minecraft.potion.PotionAttackDamage@4662752a
[01:00:25] [Server thread/TRACE] [FML]:   Registry: 6 minecraft:instant_health net.minecraft.potion.PotionHealth@2e4eda17
[01:00:25] [Server thread/TRACE] [FML]:   Registry: 7 minecraft:instant_damage net.minecraft.potion.PotionHealth@7b5021d1
[01:00:25] [Server thread/TRACE] [FML]:   Registry: 8 minecraft:jump_boost net.minecraft.potion.Potion@6befbb12
[01:00:25] [Server thread/TRACE] [FML]:   Registry: 9 minecraft:nausea net.minecraft.potion.Potion@21d9cd04
[01:00:25] [Server thread/TRACE] [FML]:   Registry: 10 minecraft:regeneration net.minecraft.potion.Potion@799f354a
[01:00:25] [Server thread/TRACE] [FML]:   Registry: 11 minecraft:resistance net.minecraft.potion.Potion@33bdd01
[01:00:25] [Server thread/TRACE] [FML]:   Registry: 12 minecraft:fire_resistance net.minecraft.potion.Potion@159ac15f
[01:00:25] [Server thread/TRACE] [FML]:   Registry: 13 minecraft:water_breathing net.minecraft.potion.Potion@7ac48f05
[01:00:25] [Server thread/TRACE] [FML]:   Registry: 14 minecraft:invisibility net.minecraft.potion.Potion@7af1d072
[01:00:25] [Server thread/TRACE] [FML]:   Registry: 15 minecraft:blindness net.minecraft.potion.Potion@27ffd9f8
[01:00:25] [Server thread/TRACE] [FML]:   Registry: 16 minecraft:night_vision net.minecraft.potion.Potion@642c6461
[01:00:25] [Server thread/TRACE] [FML]:   Registry: 17 minecraft:hunger net.minecraft.potion.Potion@3ace6346
[01:00:25] [Server thread/TRACE] [FML]:   Registry: 18 minecraft:weakness net.minecraft.potion.PotionAttackDamage@4e48462d
[01:00:25] [Server thread/TRACE] [FML]:   Registry: 19 minecraft:poison net.minecraft.potion.Potion@17216605
[01:00:25] [Server thread/TRACE] [FML]:   Registry: 20 minecraft:wither net.minecraft.potion.Potion@10a907ec
[01:00:25] [Server thread/TRACE] [FML]:   Registry: 21 minecraft:health_boost net.minecraft.potion.PotionHealthBoost@49cc9b2a
[01:00:25] [Server thread/TRACE] [FML]:   Registry: 22 minecraft:absorption net.minecraft.potion.PotionAbsorption@37b01ce2
[01:00:25] [Server thread/TRACE] [FML]:   Registry: 23 minecraft:saturation net.minecraft.potion.PotionHealth@1a88c4f5
[01:00:25] [Server thread/TRACE] [FML]:   Registry: 24 minecraft:glowing net.minecraft.potion.Potion@1894fa9f
[01:00:25] [Server thread/TRACE] [FML]:   Registry: 25 minecraft:levitation net.minecraft.potion.Potion@1144a02b
[01:00:25] [Server thread/TRACE] [FML]:   Registry: 26 minecraft:luck net.minecraft.potion.Potion@26a4f9ed
[01:00:25] [Server thread/TRACE] [FML]:   Registry: 27 minecraft:unluck net.minecraft.potion.Potion@7a572ea0
[01:00:25] [Server thread/TRACE] [FML]: Registry Name : minecraft:biomes
[01:00:25] [Server thread/TRACE] [FML]:   Registry: 0 minecraft:ocean net.minecraft.world.biome.BiomeOcean@1846ad0f
[01:00:25] [Server thread/TRACE] [FML]:   Registry: 1 minecraft:plains net.minecraft.world.biome.BiomePlains@31b741e2
[01:00:25] [Server thread/TRACE] [FML]:   Registry: 2 minecraft:desert net.minecraft.world.biome.BiomeDesert@28f05b0c
[01:00:25] [Server thread/TRACE] [FML]:   Registry: 3 minecraft:extreme_hills net.minecraft.world.biome.BiomeHills@5fdb7394
[01:00:25] [Server thread/TRACE] [FML]:   Registry: 4 minecraft:forest net.minecraft.world.biome.BiomeForest@7540160e
[01:00:25] [Server thread/TRACE] [FML]:   Registry: 5 minecraft:taiga net.minecraft.world.biome.BiomeTaiga@5ca22e19
[01:00:25] [Server thread/TRACE] [FML]:   Registry: 6 minecraft:swampland net.minecraft.world.biome.BiomeSwamp@1bfa3893
[01:00:25] [Server thread/TRACE] [FML]:   Registry: 7 minecraft:river net.minecraft.world.biome.BiomeRiver@3d6778d5
[01:00:25] [Server thread/TRACE] [FML]:   Registry: 8 minecraft:hell net.minecraft.world.biome.BiomeHell@722b2728
[01:00:25] [Server thread/TRACE] [FML]:   Registry: 9 minecraft:sky net.minecraft.world.biome.BiomeEnd@7019d619
[01:00:25] [Server thread/TRACE] [FML]:   Registry: 10 minecraft:frozen_ocean net.minecraft.world.biome.BiomeOcean@2a5c6b76
[01:00:25] [Server thread/TRACE] [FML]:   Registry: 11 minecraft:frozen_river net.minecraft.world.biome.BiomeRiver@ff1f465
[01:00:25] [Server thread/TRACE] [FML]:   Registry: 12 minecraft:ice_flats net.minecraft.world.biome.BiomeSnow@4a833595
[01:00:25] [Server thread/TRACE] [FML]:   Registry: 13 minecraft:ice_mountains net.minecraft.world.biome.BiomeSnow@31006a75
[01:00:25] [Server thread/TRACE] [FML]:   Registry: 14 minecraft:mushroom_island net.minecraft.world.biome.BiomeMushroomIsland@e97f115
[01:00:25] [Server thread/TRACE] [FML]:   Registry: 15 minecraft:mushroom_island_shore net.minecraft.world.biome.BiomeMushroomIsland@5d6b42cf
[01:00:25] [Server thread/TRACE] [FML]:   Registry: 16 minecraft:beaches net.minecraft.world.biome.BiomeBeach@370225c7
[01:00:25] [Server thread/TRACE] [FML]:   Registry: 17 minecraft:desert_hills net.minecraft.world.biome.BiomeDesert@6ac756b
[01:00:25] [Server thread/TRACE] [FML]:   Registry: 18 minecraft:forest_hills net.minecraft.world.biome.BiomeForest@156324b
[01:00:25] [Server thread/TRACE] [FML]:   Registry: 19 minecraft:taiga_hills net.minecraft.world.biome.BiomeTaiga@38a38ed4
[01:00:25] [Server thread/TRACE] [FML]:   Registry: 20 minecraft:smaller_extreme_hills net.minecraft.world.biome.BiomeHills@1e29a81a
[01:00:25] [Server thread/TRACE] [FML]:   Registry: 21 minecraft:jungle net.minecraft.world.biome.BiomeJungle@6fced25c
[01:00:25] [Server thread/TRACE] [FML]:   Registry: 22 minecraft:jungle_hills net.minecraft.world.biome.BiomeJungle@3cf4dec7
[01:00:25] [Server thread/TRACE] [FML]:   Registry: 23 minecraft:jungle_edge net.minecraft.world.biome.BiomeJungle@1b94c789
[01:00:25] [Server thread/TRACE] [FML]:   Registry: 24 minecraft:deep_ocean net.minecraft.world.biome.BiomeOcean@299fc582
[01:00:25] [Server thread/TRACE] [FML]:   Registry: 25 minecraft:stone_beach net.minecraft.world.biome.BiomeStoneBeach@2a425cf5
[01:00:25] [Server thread/TRACE] [FML]:   Registry: 26 minecraft:cold_beach net.minecraft.world.biome.BiomeBeach@17d76ebb
[01:00:25] [Server thread/TRACE] [FML]:   Registry: 27 minecraft:birch_forest net.minecraft.world.biome.BiomeForest@40b31a16
[01:00:25] [Server thread/TRACE] [FML]:   Registry: 28 minecraft:birch_forest_hills net.minecraft.world.biome.BiomeForest@25fa6889
[01:00:25] [Server thread/TRACE] [FML]:   Registry: 29 minecraft:roofed_forest net.minecraft.world.biome.BiomeForest@1de73d37
[01:00:25] [Server thread/TRACE] [FML]:   Registry: 30 minecraft:taiga_cold net.minecraft.world.biome.BiomeTaiga@31693a86
[01:00:25] [Server thread/TRACE] [FML]:   Registry: 31 minecraft:taiga_cold_hills net.minecraft.world.biome.BiomeTaiga@69d2e517
[01:00:25] [Server thread/TRACE] [FML]:   Registry: 32 minecraft:redwood_taiga net.minecraft.world.biome.BiomeTaiga@1f9a7684
[01:00:25] [Server thread/TRACE] [FML]:   Registry: 33 minecraft:redwood_taiga_hills net.minecraft.world.biome.BiomeTaiga@3b30eec5
[01:00:25] [Server thread/TRACE] [FML]:   Registry: 34 minecraft:extreme_hills_with_trees net.minecraft.world.biome.BiomeHills@43755e2f
[01:00:25] [Server thread/TRACE] [FML]:   Registry: 35 minecraft:savanna net.minecraft.world.biome.BiomeSavanna@71139e77
[01:00:25] [Server thread/TRACE] [FML]:   Registry: 36 minecraft:savanna_rock net.minecraft.world.biome.BiomeSavanna@4de91056
[01:00:25] [Server thread/TRACE] [FML]:   Registry: 37 minecraft:mesa net.minecraft.world.biome.BiomeMesa@7bc2bb58
[01:00:25] [Server thread/TRACE] [FML]:   Registry: 38 minecraft:mesa_rock net.minecraft.world.biome.BiomeMesa@7e2c6fd6
[01:00:25] [Server thread/TRACE] [FML]:   Registry: 39 minecraft:mesa_clear_rock net.minecraft.world.biome.BiomeMesa@7ff6804a
[01:00:25] [Server thread/TRACE] [FML]:   Registry: 127 minecraft:void net.minecraft.world.biome.BiomeVoid@6113a26f
[01:00:25] [Server thread/TRACE] [FML]:   Registry: 129 minecraft:mutated_plains net.minecraft.world.biome.BiomePlains@2aac8ad7
[01:00:25] [Server thread/TRACE] [FML]:   Registry: 130 minecraft:mutated_desert net.minecraft.world.biome.BiomeDesert@6a4a2090
[01:00:25] [Server thread/TRACE] [FML]:   Registry: 131 minecraft:mutated_extreme_hills net.minecraft.world.biome.BiomeHills@778c2e7c
[01:00:25] [Server thread/TRACE] [FML]:   Registry: 132 minecraft:mutated_forest net.minecraft.world.biome.BiomeForest@b70fa38
[01:00:25] [Server thread/TRACE] [FML]:   Registry: 133 minecraft:mutated_taiga net.minecraft.world.biome.BiomeTaiga@45c423b3
[01:00:25] [Server thread/TRACE] [FML]:   Registry: 134 minecraft:mutated_swampland net.minecraft.world.biome.BiomeSwamp@7e31d53b
[01:00:25] [Server thread/TRACE] [FML]:   Registry: 140 minecraft:mutated_ice_flats net.minecraft.world.biome.BiomeSnow@68d8eb4f
[01:00:25] [Server thread/TRACE] [FML]:   Registry: 149 minecraft:mutated_jungle net.minecraft.world.biome.BiomeJungle@64757d56
[01:00:25] [Server thread/TRACE] [FML]:   Registry: 151 minecraft:mutated_jungle_edge net.minecraft.world.biome.BiomeJungle@4813d0
[01:00:25] [Server thread/TRACE] [FML]:   Registry: 155 minecraft:mutated_birch_forest net.minecraft.world.biome.BiomeForestMutated@5f0d8937
[01:00:25] [Server thread/TRACE] [FML]:   Registry: 156 minecraft:mutated_birch_forest_hills net.minecraft.world.biome.BiomeForestMutated@105dc04d
[01:00:25] [Server thread/TRACE] [FML]:   Registry: 157 minecraft:mutated_roofed_forest net.minecraft.world.biome.BiomeForest@504b8705
[01:00:25] [Server thread/TRACE] [FML]:   Registry: 158 minecraft:mutated_taiga_cold net.minecraft.world.biome.BiomeTaiga@24a8e40d
[01:00:25] [Server thread/TRACE] [FML]:   Registry: 160 minecraft:mutated_redwood_taiga net.minecraft.world.biome.BiomeTaiga@175f859e
[01:00:25] [Server thread/TRACE] [FML]:   Registry: 161 minecraft:mutated_redwood_taiga_hills net.minecraft.world.biome.BiomeTaiga@69fe7090
[01:00:25] [Server thread/TRACE] [FML]:   Registry: 162 minecraft:mutated_extreme_hills_with_trees net.minecraft.world.biome.BiomeHills@6501b105
[01:00:25] [Server thread/TRACE] [FML]:   Registry: 163 minecraft:mutated_savanna net.minecraft.world.biome.BiomeSavannaMutated@6df2af02
[01:00:25] [Server thread/TRACE] [FML]:   Registry: 164 minecraft:mutated_savanna_rock net.minecraft.world.biome.BiomeSavannaMutated@779228dc
[01:00:25] [Server thread/TRACE] [FML]:   Registry: 165 minecraft:mutated_mesa net.minecraft.world.biome.BiomeMesa@1f7336b2
[01:00:25] [Server thread/TRACE] [FML]:   Registry: 166 minecraft:mutated_mesa_rock net.minecraft.world.biome.BiomeMesa@4c030fe1
[01:00:25] [Server thread/TRACE] [FML]:   Registry: 167 minecraft:mutated_mesa_clear_rock net.minecraft.world.biome.BiomeMesa@347123dc
[01:00:25] [Server thread/TRACE] [FML]: Registry Name : minecraft:soundevents
[01:00:25] [Server thread/TRACE] [FML]:   Registry: 0 minecraft:ambient.cave net.minecraft.util.SoundEvent@77134e08
[01:00:25] [Server thread/TRACE] [FML]:   Registry: 1 minecraft:block.anvil.break net.minecraft.util.SoundEvent@20749d9
[01:00:25] [Server thread/TRACE] [FML]:   Registry: 2 minecraft:block.anvil.destroy net.minecraft.util.SoundEvent@de77232
[01:00:25] [Server thread/TRACE] [FML]:   Registry: 3 minecraft:block.anvil.fall net.minecraft.util.SoundEvent@62628e78
[01:00:25] [Server thread/TRACE] [FML]:   Registry: 4 minecraft:block.anvil.hit net.minecraft.util.SoundEvent@44841b43
[01:00:25] [Server thread/TRACE] [FML]:   Registry: 5 minecraft:block.anvil.land net.minecraft.util.SoundEvent@7c75db8b
[01:00:25] [Server thread/TRACE] [FML]:   Registry: 6 minecraft:block.anvil.place net.minecraft.util.SoundEvent@4ab550d5
[01:00:25] [Server thread/TRACE] [FML]:   Registry: 7 minecraft:block.anvil.step net.minecraft.util.SoundEvent@3cd206b5
[01:00:25] [Server thread/TRACE] [FML]:   Registry: 8 minecraft:block.anvil.use net.minecraft.util.SoundEvent@58e85c6f
[01:00:25] [Server thread/TRACE] [FML]:   Registry: 9 minecraft:block.brewing_stand.brew net.minecraft.util.SoundEvent@a137d7a
[01:00:25] [Server thread/TRACE] [FML]:   Registry: 10 minecraft:block.chest.close net.minecraft.util.SoundEvent@6ac0b715
[01:00:25] [Server thread/TRACE] [FML]:   Registry: 11 minecraft:block.chest.locked net.minecraft.util.SoundEvent@468be356
[01:00:25] [Server thread/TRACE] [FML]:   Registry: 12 minecraft:block.chest.open net.minecraft.util.SoundEvent@5c9ac4cc
[01:00:25] [Server thread/TRACE] [FML]:   Registry: 13 minecraft:block.chorus_flower.death net.minecraft.util.SoundEvent@4df39a88
[01:00:25] [Server thread/TRACE] [FML]:   Registry: 14 minecraft:block.chorus_flower.grow net.minecraft.util.SoundEvent@2264e43c
[01:00:25] [Server thread/TRACE] [FML]:   Registry: 15 minecraft:block.cloth.break net.minecraft.util.SoundEvent@3bec2275
[01:00:25] [Server thread/TRACE] [FML]:   Registry: 16 minecraft:block.cloth.fall net.minecraft.util.SoundEvent@31da3d60
[01:00:25] [Server thread/TRACE] [FML]:   Registry: 17 minecraft:block.cloth.hit net.minecraft.util.SoundEvent@60acd609
[01:00:25] [Server thread/TRACE] [FML]:   Registry: 18 minecraft:block.cloth.place net.minecraft.util.SoundEvent@65ec8b24
[01:00:25] [Server thread/TRACE] [FML]:   Registry: 19 minecraft:block.cloth.step net.minecraft.util.SoundEvent@3f49e266
[01:00:25] [Server thread/TRACE] [FML]:   Registry: 20 minecraft:block.comparator.click net.minecraft.util.SoundEvent@5f18f9d2
[01:00:25] [Server thread/TRACE] [FML]:   Registry: 21 minecraft:block.dispenser.dispense net.minecraft.util.SoundEvent@598260a6
[01:00:25] [Server thread/TRACE] [FML]:   Registry: 22 minecraft:block.dispenser.fail net.minecraft.util.SoundEvent@58b67519
[01:00:25] [Server thread/TRACE] [FML]:   Registry: 23 minecraft:block.dispenser.launch net.minecraft.util.SoundEvent@281ce6bb
[01:00:25] [Server thread/TRACE] [FML]:   Registry: 24 minecraft:block.enchantment_table.use net.minecraft.util.SoundEvent@30d25c03
[01:00:25] [Server thread/TRACE] [FML]:   Registry: 25 minecraft:block.end_gateway.spawn net.minecraft.util.SoundEvent@7a1f8def
[01:00:25] [Server thread/TRACE] [FML]:   Registry: 26 minecraft:block.end_portal.spawn net.minecraft.util.SoundEvent@116a2108
[01:00:25] [Server thread/TRACE] [FML]:   Registry: 27 minecraft:block.end_portal_frame.fill net.minecraft.util.SoundEvent@5e8c34a0
[01:00:25] [Server thread/TRACE] [FML]:   Registry: 28 minecraft:block.enderchest.close net.minecraft.util.SoundEvent@7c1c5936
[01:00:25] [Server thread/TRACE] [FML]:   Registry: 29 minecraft:block.enderchest.open net.minecraft.util.SoundEvent@7aead3af
[01:00:25] [Server thread/TRACE] [FML]:   Registry: 30 minecraft:block.fence_gate.close net.minecraft.util.SoundEvent@3ac8cf9b
[01:00:25] [Server thread/TRACE] [FML]:   Registry: 31 minecraft:block.fence_gate.open net.minecraft.util.SoundEvent@55ec556
[01:00:25] [Server thread/TRACE] [FML]:   Registry: 32 minecraft:block.fire.ambient net.minecraft.util.SoundEvent@1b15f922
[01:00:25] [Server thread/TRACE] [FML]:   Registry: 33 minecraft:block.fire.extinguish net.minecraft.util.SoundEvent@37ce3644
[01:00:25] [Server thread/TRACE] [FML]:   Registry: 34 minecraft:block.furnace.fire_crackle net.minecraft.util.SoundEvent@4b869331
[01:00:25] [Server thread/TRACE] [FML]:   Registry: 35 minecraft:block.glass.break net.minecraft.util.SoundEvent@38018b62
[01:00:25] [Server thread/TRACE] [FML]:   Registry: 36 minecraft:block.glass.fall net.minecraft.util.SoundEvent@ce9b9a9
[01:00:25] [Server thread/TRACE] [FML]:   Registry: 37 minecraft:block.glass.hit net.minecraft.util.SoundEvent@4ad3d266
[01:00:25] [Server thread/TRACE] [FML]:   Registry: 38 minecraft:block.glass.place net.minecraft.util.SoundEvent@3533df16
[01:00:25] [Server thread/TRACE] [FML]:   Registry: 39 minecraft:block.glass.step net.minecraft.util.SoundEvent@15d0849
[01:00:25] [Server thread/TRACE] [FML]:   Registry: 40 minecraft:block.grass.break net.minecraft.util.SoundEvent@4038cd3a
[01:00:25] [Server thread/TRACE] [FML]:   Registry: 41 minecraft:block.grass.fall net.minecraft.util.SoundEvent@14ac77b9
[01:00:25] [Server thread/TRACE] [FML]:   Registry: 42 minecraft:block.grass.hit net.minecraft.util.SoundEvent@3f4cd155
[01:00:25] [Server thread/TRACE] [FML]:   Registry: 43 minecraft:block.grass.place net.minecraft.util.SoundEvent@563a89b5
[01:00:25] [Server thread/TRACE] [FML]:   Registry: 44 minecraft:block.grass.step net.minecraft.util.SoundEvent@506dcf55
[01:00:25] [Server thread/TRACE] [FML]:   Registry: 45 minecraft:block.gravel.break net.minecraft.util.SoundEvent@270b6b5e
[01:00:25] [Server thread/TRACE] [FML]:   Registry: 46 minecraft:block.gravel.fall net.minecraft.util.SoundEvent@7e94d093
[01:00:25] [Server thread/TRACE] [FML]:   Registry: 47 minecraft:block.gravel.hit net.minecraft.util.SoundEvent@7c6189d5
[01:00:25] [Server thread/TRACE] [FML]:   Registry: 48 minecraft:block.gravel.place net.minecraft.util.SoundEvent@4248e66b
[01:00:25] [Server thread/TRACE] [FML]:   Registry: 49 minecraft:block.gravel.step net.minecraft.util.SoundEvent@3e6534e7
[01:00:25] [Server thread/TRACE] [FML]:   Registry: 50 minecraft:block.iron_door.close net.minecraft.util.SoundEvent@66ad7bf0
[01:00:25] [Server thread/TRACE] [FML]:   Registry: 51 minecraft:block.iron_door.open net.minecraft.util.SoundEvent@167279d1
[01:00:25] [Server thread/TRACE] [FML]:   Registry: 52 minecraft:block.iron_trapdoor.close net.minecraft.util.SoundEvent@138caeca
[01:00:25] [Server thread/TRACE] [FML]:   Registry: 53 minecraft:block.iron_trapdoor.open net.minecraft.util.SoundEvent@4d96250
[01:00:25] [Server thread/TRACE] [FML]:   Registry: 54 minecraft:block.ladder.break net.minecraft.util.SoundEvent@9a6fbc0
[01:00:25] [Server thread/TRACE] [FML]:   Registry: 55 minecraft:block.ladder.fall net.minecraft.util.SoundEvent@c1fa7d4
[01:00:25] [Server thread/TRACE] [FML]:   Registry: 56 minecraft:block.ladder.hit net.minecraft.util.SoundEvent@7a93b263
[01:00:25] [Server thread/TRACE] [FML]:   Registry: 57 minecraft:block.ladder.place net.minecraft.util.SoundEvent@35178483
[01:00:25] [Server thread/TRACE] [FML]:   Registry: 58 minecraft:block.ladder.step net.minecraft.util.SoundEvent@bd1111a
[01:00:25] [Server thread/TRACE] [FML]:   Registry: 59 minecraft:block.lava.ambient net.minecraft.util.SoundEvent@7a8136b3
[01:00:25] [Server thread/TRACE] [FML]:   Registry: 60 minecraft:block.lava.extinguish net.minecraft.util.SoundEvent@1de6932a
[01:00:25] [Server thread/TRACE] [FML]:   Registry: 61 minecraft:block.lava.pop net.minecraft.util.SoundEvent@14dc3f89
[01:00:25] [Server thread/TRACE] [FML]:   Registry: 62 minecraft:block.lever.click net.minecraft.util.SoundEvent@1706a5c9
[01:00:25] [Server thread/TRACE] [FML]:   Registry: 63 minecraft:block.metal.break net.minecraft.util.SoundEvent@64412d34
[01:00:25] [Server thread/TRACE] [FML]:   Registry: 64 minecraft:block.metal.fall net.minecraft.util.SoundEvent@4d178d55
[01:00:25] [Server thread/TRACE] [FML]:   Registry: 65 minecraft:block.metal.hit net.minecraft.util.SoundEvent@38c2c309
[01:00:25] [Server thread/TRACE] [FML]:   Registry: 66 minecraft:block.metal.place net.minecraft.util.SoundEvent@1a480135
[01:00:25] [Server thread/TRACE] [FML]:   Registry: 67 minecraft:block.metal.step net.minecraft.util.SoundEvent@778db7c5
[01:00:25] [Server thread/TRACE] [FML]:   Registry: 68 minecraft:block.metal_pressureplate.click_off net.minecraft.util.SoundEvent@681e144
[01:00:25] [Server thread/TRACE] [FML]:   Registry: 69 minecraft:block.metal_pressureplate.click_on net.minecraft.util.SoundEvent@2875b016
[01:00:25] [Server thread/TRACE] [FML]:   Registry: 70 minecraft:block.note.basedrum net.minecraft.util.SoundEvent@72ee5d84
[01:00:25] [Server thread/TRACE] [FML]:   Registry: 71 minecraft:block.note.bass net.minecraft.util.SoundEvent@68c7ef83
[01:00:25] [Server thread/TRACE] [FML]:   Registry: 72 minecraft:block.note.bell net.minecraft.util.SoundEvent@6145b81e
[01:00:25] [Server thread/TRACE] [FML]:   Registry: 73 minecraft:block.note.chime net.minecraft.util.SoundEvent@64355120
[01:00:25] [Server thread/TRACE] [FML]:   Registry: 74 minecraft:block.note.flute net.minecraft.util.SoundEvent@64b7225f
[01:00:25] [Server thread/TRACE] [FML]:   Registry: 75 minecraft:block.note.guitar net.minecraft.util.SoundEvent@33db72bd
[01:00:25] [Server thread/TRACE] [FML]:   Registry: 76 minecraft:block.note.harp net.minecraft.util.SoundEvent@7f92b990
[01:00:25] [Server thread/TRACE] [FML]:   Registry: 77 minecraft:block.note.hat net.minecraft.util.SoundEvent@31e04b13
[01:00:25] [Server thread/TRACE] [FML]:   Registry: 78 minecraft:block.note.pling net.minecraft.util.SoundEvent@6c1832aa
[01:00:25] [Server thread/TRACE] [FML]:   Registry: 79 minecraft:block.note.snare net.minecraft.util.SoundEvent@4beeb0e
[01:00:25] [Server thread/TRACE] [FML]:   Registry: 80 minecraft:block.note.xylophone net.minecraft.util.SoundEvent@6e8a9c30
[01:00:25] [Server thread/TRACE] [FML]:   Registry: 81 minecraft:block.piston.contract net.minecraft.util.SoundEvent@5d01ea21
[01:00:25] [Server thread/TRACE] [FML]:   Registry: 82 minecraft:block.piston.extend net.minecraft.util.SoundEvent@70211e49
[01:00:25] [Server thread/TRACE] [FML]:   Registry: 83 minecraft:block.portal.ambient net.minecraft.util.SoundEvent@3b46dd8
[01:00:25] [Server thread/TRACE] [FML]:   Registry: 84 minecraft:block.portal.travel net.minecraft.util.SoundEvent@39651a82
[01:00:25] [Server thread/TRACE] [FML]:   Registry: 85 minecraft:block.portal.trigger net.minecraft.util.SoundEvent@6be7bf6d
[01:00:25] [Server thread/TRACE] [FML]:   Registry: 86 minecraft:block.redstone_torch.burnout net.minecraft.util.SoundEvent@134c370e
[01:00:25] [Server thread/TRACE] [FML]:   Registry: 87 minecraft:block.sand.break net.minecraft.util.SoundEvent@33364212
[01:00:25] [Server thread/TRACE] [FML]:   Registry: 88 minecraft:block.sand.fall net.minecraft.util.SoundEvent@2216effc
[01:00:25] [Server thread/TRACE] [FML]:   Registry: 89 minecraft:block.sand.hit net.minecraft.util.SoundEvent@745c2004
[01:00:25] [Server thread/TRACE] [FML]:   Registry: 90 minecraft:block.sand.place net.minecraft.util.SoundEvent@6da9dc6
[01:00:25] [Server thread/TRACE] [FML]:   Registry: 91 minecraft:block.sand.step net.minecraft.util.SoundEvent@7fd69dd
[01:00:25] [Server thread/TRACE] [FML]:   Registry: 92 minecraft:block.shulker_box.close net.minecraft.util.SoundEvent@12010fd1
[01:00:25] [Server thread/TRACE] [FML]:   Registry: 93 minecraft:block.shulker_box.open net.minecraft.util.SoundEvent@7c84195
[01:00:25] [Server thread/TRACE] [FML]:   Registry: 94 minecraft:block.slime.break net.minecraft.util.SoundEvent@552ed807
[01:00:25] [Server thread/TRACE] [FML]:   Registry: 95 minecraft:block.slime.fall net.minecraft.util.SoundEvent@3971f0fe
[01:00:25] [Server thread/TRACE] [FML]:   Registry: 96 minecraft:block.slime.hit net.minecraft.util.SoundEvent@23940f86
[01:00:25] [Server thread/TRACE] [FML]:   Registry: 97 minecraft:block.slime.place net.minecraft.util.SoundEvent@66153688
[01:00:25] [Server thread/TRACE] [FML]:   Registry: 98 minecraft:block.slime.step net.minecraft.util.SoundEvent@455824ad
[01:00:25] [Server thread/TRACE] [FML]:   Registry: 99 minecraft:block.snow.break net.minecraft.util.SoundEvent@7318daf8
[01:00:25] [Server thread/TRACE] [FML]:   Registry: 100 minecraft:block.snow.fall net.minecraft.util.SoundEvent@70f31322
[01:00:25] [Server thread/TRACE] [FML]:   Registry: 101 minecraft:block.snow.hit net.minecraft.util.SoundEvent@3f1ddac2
[01:00:25] [Server thread/TRACE] [FML]:   Registry: 102 minecraft:block.snow.place net.minecraft.util.SoundEvent@3be4fcc0
[01:00:25] [Server thread/TRACE] [FML]:   Registry: 103 minecraft:block.snow.step net.minecraft.util.SoundEvent@e1e2e5e
[01:00:25] [Server thread/TRACE] [FML]:   Registry: 104 minecraft:block.stone.break net.minecraft.util.SoundEvent@661c46bc
[01:00:25] [Server thread/TRACE] [FML]:   Registry: 105 minecraft:block.stone.fall net.minecraft.util.SoundEvent@37864b77
[01:00:25] [Server thread/TRACE] [FML]:   Registry: 106 minecraft:block.stone.hit net.minecraft.util.SoundEvent@2b98b3bb
[01:00:25] [Server thread/TRACE] [FML]:   Registry: 107 minecraft:block.stone.place net.minecraft.util.SoundEvent@540b0448
[01:00:25] [Server thread/TRACE] [FML]:   Registry: 108 minecraft:block.stone.step net.minecraft.util.SoundEvent@50a691d3
[01:00:25] [Server thread/TRACE] [FML]:   Registry: 109 minecraft:block.stone_button.click_off net.minecraft.util.SoundEvent@557eb543
[01:00:25] [Server thread/TRACE] [FML]:   Registry: 110 minecraft:block.stone_button.click_on net.minecraft.util.SoundEvent@3b95d13c
[01:00:25] [Server thread/TRACE] [FML]:   Registry: 111 minecraft:block.stone_pressureplate.click_off net.minecraft.util.SoundEvent@3730ab42
[01:00:25] [Server thread/TRACE] [FML]:   Registry: 112 minecraft:block.stone_pressureplate.click_on net.minecraft.util.SoundEvent@537c8c7e
[01:00:25] [Server thread/TRACE] [FML]:   Registry: 113 minecraft:block.tripwire.attach net.minecraft.util.SoundEvent@7308ffff
[01:00:25] [Server thread/TRACE] [FML]:   Registry: 114 minecraft:block.tripwire.click_off net.minecraft.util.SoundEvent@6601cc93
[01:00:25] [Server thread/TRACE] [FML]:   Registry: 115 minecraft:block.tripwire.click_on net.minecraft.util.SoundEvent@54d901aa
[01:00:25] [Server thread/TRACE] [FML]:   Registry: 116 minecraft:block.tripwire.detach net.minecraft.util.SoundEvent@63716833
[01:00:25] [Server thread/TRACE] [FML]:   Registry: 117 minecraft:block.water.ambient net.minecraft.util.SoundEvent@573284a5
[01:00:25] [Server thread/TRACE] [FML]:   Registry: 118 minecraft:block.waterlily.place net.minecraft.util.SoundEvent@3fbfbf84
[01:00:25] [Server thread/TRACE] [FML]:   Registry: 119 minecraft:block.wood.break net.minecraft.util.SoundEvent@23f72d88
[01:00:25] [Server thread/TRACE] [FML]:   Registry: 120 minecraft:block.wood.fall net.minecraft.util.SoundEvent@4bafe935
[01:00:25] [Server thread/TRACE] [FML]:   Registry: 121 minecraft:block.wood.hit net.minecraft.util.SoundEvent@87b5b49
[01:00:25] [Server thread/TRACE] [FML]:   Registry: 122 minecraft:block.wood.place net.minecraft.util.SoundEvent@4a7a965d
[01:00:25] [Server thread/TRACE] [FML]:   Registry: 123 minecraft:block.wood.step net.minecraft.util.SoundEvent@507b79f7
[01:00:25] [Server thread/TRACE] [FML]:   Registry: 124 minecraft:block.wood_button.click_off net.minecraft.util.SoundEvent@64a9d48c
[01:00:25] [Server thread/TRACE] [FML]:   Registry: 125 minecraft:block.wood_button.click_on net.minecraft.util.SoundEvent@365a6a43
[01:00:25] [Server thread/TRACE] [FML]:   Registry: 126 minecraft:block.wood_pressureplate.click_off net.minecraft.util.SoundEvent@288cdaab
[01:00:25] [Server thread/TRACE] [FML]:   Registry: 127 minecraft:block.wood_pressureplate.click_on net.minecraft.util.SoundEvent@23b3aa8c
[01:00:25] [Server thread/TRACE] [FML]:   Registry: 128 minecraft:block.wooden_door.close net.minecraft.util.SoundEvent@99407c2
[01:00:25] [Server thread/TRACE] [FML]:   Registry: 129 minecraft:block.wooden_door.open net.minecraft.util.SoundEvent@6c796cc1
[01:00:25] [Server thread/TRACE] [FML]:   Registry: 130 minecraft:block.wooden_trapdoor.close net.minecraft.util.SoundEvent@226eba67
[01:00:25] [Server thread/TRACE] [FML]:   Registry: 131 minecraft:block.wooden_trapdoor.open net.minecraft.util.SoundEvent@1cb7936c
[01:00:25] [Server thread/TRACE] [FML]:   Registry: 132 minecraft:enchant.thorns.hit net.minecraft.util.SoundEvent@35342d2f
[01:00:25] [Server thread/TRACE] [FML]:   Registry: 133 minecraft:entity.armorstand.break net.minecraft.util.SoundEvent@128c502c
[01:00:25] [Server thread/TRACE] [FML]:   Registry: 134 minecraft:entity.armorstand.fall net.minecraft.util.SoundEvent@45667d98
[01:00:25] [Server thread/TRACE] [FML]:   Registry: 135 minecraft:entity.armorstand.hit net.minecraft.util.SoundEvent@65eabaab
[01:00:25] [Server thread/TRACE] [FML]:   Registry: 136 minecraft:entity.armorstand.place net.minecraft.util.SoundEvent@7123be6c
[01:00:25] [Server thread/TRACE] [FML]:   Registry: 137 minecraft:entity.arrow.hit net.minecraft.util.SoundEvent@1de9d54
[01:00:25] [Server thread/TRACE] [FML]:   Registry: 138 minecraft:entity.arrow.hit_player net.minecraft.util.SoundEvent@77a2aa4a
[01:00:25] [Server thread/TRACE] [FML]:   Registry: 139 minecraft:entity.arrow.shoot net.minecraft.util.SoundEvent@47ad69f7
[01:00:25] [Server thread/TRACE] [FML]:   Registry: 140 minecraft:entity.bat.ambient net.minecraft.util.SoundEvent@2b917fb0
[01:00:25] [Server thread/TRACE] [FML]:   Registry: 141 minecraft:entity.bat.death net.minecraft.util.SoundEvent@5e5073ab
[01:00:25] [Server thread/TRACE] [FML]:   Registry: 142 minecraft:entity.bat.hurt net.minecraft.util.SoundEvent@3c4262d1
[01:00:25] [Server thread/TRACE] [FML]:   Registry: 143 minecraft:entity.bat.loop net.minecraft.util.SoundEvent@100c567f
[01:00:25] [Server thread/TRACE] [FML]:   Registry: 144 minecraft:entity.bat.takeoff net.minecraft.util.SoundEvent@30c0d731
[01:00:25] [Server thread/TRACE] [FML]:   Registry: 145 minecraft:entity.blaze.ambient net.minecraft.util.SoundEvent@6d5037a9
[01:00:25] [Server thread/TRACE] [FML]:   Registry: 146 minecraft:entity.blaze.burn net.minecraft.util.SoundEvent@422b8438
[01:00:25] [Server thread/TRACE] [FML]:   Registry: 147 minecraft:entity.blaze.death net.minecraft.util.SoundEvent@30669dac
[01:00:25] [Server thread/TRACE] [FML]:   Registry: 148 minecraft:entity.blaze.hurt net.minecraft.util.SoundEvent@629adce
[01:00:25] [Server thread/TRACE] [FML]:   Registry: 149 minecraft:entity.blaze.shoot net.minecraft.util.SoundEvent@6a282fdd
[01:00:25] [Server thread/TRACE] [FML]:   Registry: 150 minecraft:entity.boat.paddle_land net.minecraft.util.SoundEvent@743c6ce4
[01:00:25] [Server thread/TRACE] [FML]:   Registry: 151 minecraft:entity.boat.paddle_water net.minecraft.util.SoundEvent@70331432
[01:00:25] [Server thread/TRACE] [FML]:   Registry: 152 minecraft:entity.bobber.retrieve net.minecraft.util.SoundEvent@3bbf9027
[01:00:25] [Server thread/TRACE] [FML]:   Registry: 153 minecraft:entity.bobber.splash net.minecraft.util.SoundEvent@10c2064a
[01:00:25] [Server thread/TRACE] [FML]:   Registry: 154 minecraft:entity.bobber.throw net.minecraft.util.SoundEvent@70e13fa
[01:00:25] [Server thread/TRACE] [FML]:   Registry: 155 minecraft:entity.cat.ambient net.minecraft.util.SoundEvent@6ff415ad
[01:00:25] [Server thread/TRACE] [FML]:   Registry: 156 minecraft:entity.cat.death net.minecraft.util.SoundEvent@280d9edc
[01:00:25] [Server thread/TRACE] [FML]:   Registry: 157 minecraft:entity.cat.hiss net.minecraft.util.SoundEvent@28fd3dc1
[01:00:25] [Server thread/TRACE] [FML]:   Registry: 158 minecraft:entity.cat.hurt net.minecraft.util.SoundEvent@5f9b6ae7
[01:00:25] [Server thread/TRACE] [FML]:   Registry: 159 minecraft:entity.cat.purr net.minecraft.util.SoundEvent@108d55c4
[01:00:25] [Server thread/TRACE] [FML]:   Registry: 160 minecraft:entity.cat.purreow net.minecraft.util.SoundEvent@5432c277
[01:00:25] [Server thread/TRACE] [FML]:   Registry: 161 minecraft:entity.chicken.ambient net.minecraft.util.SoundEvent@15e0fe05
[01:00:25] [Server thread/TRACE] [FML]:   Registry: 162 minecraft:entity.chicken.death net.minecraft.util.SoundEvent@1128620c
[01:00:25] [Server thread/TRACE] [FML]:   Registry: 163 minecraft:entity.chicken.egg net.minecraft.util.SoundEvent@6bf13698
[01:00:25] [Server thread/TRACE] [FML]:   Registry: 164 minecraft:entity.chicken.hurt net.minecraft.util.SoundEvent@299270eb
[01:00:25] [Server thread/TRACE] [FML]:   Registry: 165 minecraft:entity.chicken.step net.minecraft.util.SoundEvent@3b90a30a
[01:00:25] [Server thread/TRACE] [FML]:   Registry: 166 minecraft:entity.cow.ambient net.minecraft.util.SoundEvent@69fa8e76
[01:00:25] [Server thread/TRACE] [FML]:   Registry: 167 minecraft:entity.cow.death net.minecraft.util.SoundEvent@bdd2027
[01:00:25] [Server thread/TRACE] [FML]:   Registry: 168 minecraft:entity.cow.hurt net.minecraft.util.SoundEvent@31f20c9f
[01:00:25] [Server thread/TRACE] [FML]:   Registry: 169 minecraft:entity.cow.milk net.minecraft.util.SoundEvent@f446158
[01:00:25] [Server thread/TRACE] [FML]:   Registry: 170 minecraft:entity.cow.step net.minecraft.util.SoundEvent@32f0c7f8
[01:00:25] [Server thread/TRACE] [FML]:   Registry: 171 minecraft:entity.creeper.death net.minecraft.util.SoundEvent@504e1599
[01:00:25] [Server thread/TRACE] [FML]:   Registry: 172 minecraft:entity.creeper.hurt net.minecraft.util.SoundEvent@71f96dfb
[01:00:25] [Server thread/TRACE] [FML]:   Registry: 173 minecraft:entity.creeper.primed net.minecraft.util.SoundEvent@5d1b9c3d
[01:00:25] [Server thread/TRACE] [FML]:   Registry: 174 minecraft:entity.donkey.ambient net.minecraft.util.SoundEvent@69e05f61
[01:00:25] [Server thread/TRACE] [FML]:   Registry: 175 minecraft:entity.donkey.angry net.minecraft.util.SoundEvent@49a26d19
[01:00:25] [Server thread/TRACE] [FML]:   Registry: 176 minecraft:entity.donkey.chest net.minecraft.util.SoundEvent@730e5763
[01:00:25] [Server thread/TRACE] [FML]:   Registry: 177 minecraft:entity.donkey.death net.minecraft.util.SoundEvent@7275c74b
[01:00:25] [Server thread/TRACE] [FML]:   Registry: 178 minecraft:entity.donkey.hurt net.minecraft.util.SoundEvent@19058533
[01:00:25] [Server thread/TRACE] [FML]:   Registry: 179 minecraft:entity.egg.throw net.minecraft.util.SoundEvent@4315e9af
[01:00:25] [Server thread/TRACE] [FML]:   Registry: 180 minecraft:entity.elder_guardian.ambient net.minecraft.util.SoundEvent@42210be1
[01:00:25] [Server thread/TRACE] [FML]:   Registry: 181 minecraft:entity.elder_guardian.ambient_land net.minecraft.util.SoundEvent@1eb2d371
[01:00:25] [Server thread/TRACE] [FML]:   Registry: 182 minecraft:entity.elder_guardian.curse net.minecraft.util.SoundEvent@2babf189
[01:00:25] [Server thread/TRACE] [FML]:   Registry: 183 minecraft:entity.elder_guardian.death net.minecraft.util.SoundEvent@479f2dc2
[01:00:25] [Server thread/TRACE] [FML]:   Registry: 184 minecraft:entity.elder_guardian.death_land net.minecraft.util.SoundEvent@dab48d3
[01:00:25] [Server thread/TRACE] [FML]:   Registry: 185 minecraft:entity.elder_guardian.flop net.minecraft.util.SoundEvent@58a2b4c
[01:00:25] [Server thread/TRACE] [FML]:   Registry: 186 minecraft:entity.elder_guardian.hurt net.minecraft.util.SoundEvent@7159a5cd
[01:00:25] [Server thread/TRACE] [FML]:   Registry: 187 minecraft:entity.elder_guardian.hurt_land net.minecraft.util.SoundEvent@4f966719
[01:00:25] [Server thread/TRACE] [FML]:   Registry: 188 minecraft:entity.enderdragon.ambient net.minecraft.util.SoundEvent@18ac53e8
[01:00:25] [Server thread/TRACE] [FML]:   Registry: 189 minecraft:entity.enderdragon.death net.minecraft.util.SoundEvent@4ca8dbfa
[01:00:25] [Server thread/TRACE] [FML]:   Registry: 190 minecraft:entity.enderdragon.flap net.minecraft.util.SoundEvent@7063686f
[01:00:25] [Server thread/TRACE] [FML]:   Registry: 191 minecraft:entity.enderdragon.growl net.minecraft.util.SoundEvent@c3177d5
[01:00:25] [Server thread/TRACE] [FML]:   Registry: 192 minecraft:entity.enderdragon.hurt net.minecraft.util.SoundEvent@76f856a8
[01:00:25] [Server thread/TRACE] [FML]:   Registry: 193 minecraft:entity.enderdragon.shoot net.minecraft.util.SoundEvent@7c853486
[01:00:25] [Server thread/TRACE] [FML]:   Registry: 194 minecraft:entity.enderdragon_fireball.explode net.minecraft.util.SoundEvent@174e1b69
[01:00:25] [Server thread/TRACE] [FML]:   Registry: 195 minecraft:entity.endereye.death net.minecraft.util.SoundEvent@1046498a
[01:00:25] [Server thread/TRACE] [FML]:   Registry: 196 minecraft:entity.endereye.launch net.minecraft.util.SoundEvent@243f003c
[01:00:25] [Server thread/TRACE] [FML]:   Registry: 197 minecraft:entity.endermen.ambient net.minecraft.util.SoundEvent@71cb3139
[01:00:25] [Server thread/TRACE] [FML]:   Registry: 198 minecraft:entity.endermen.death net.minecraft.util.SoundEvent@1639f93a
[01:00:25] [Server thread/TRACE] [FML]:   Registry: 199 minecraft:entity.endermen.hurt net.minecraft.util.SoundEvent@3491e86e
[01:00:25] [Server thread/TRACE] [FML]:   Registry: 200 minecraft:entity.endermen.scream net.minecraft.util.SoundEvent@68f32020
[01:00:25] [Server thread/TRACE] [FML]:   Registry: 201 minecraft:entity.endermen.stare net.minecraft.util.SoundEvent@409986fe
[01:00:25] [Server thread/TRACE] [FML]:   Registry: 202 minecraft:entity.endermen.teleport net.minecraft.util.SoundEvent@19b047fe
[01:00:25] [Server thread/TRACE] [FML]:   Registry: 203 minecraft:entity.endermite.ambient net.minecraft.util.SoundEvent@22590e3e
[01:00:25] [Server thread/TRACE] [FML]:   Registry: 204 minecraft:entity.endermite.death net.minecraft.util.SoundEvent@53dad875
[01:00:25] [Server thread/TRACE] [FML]:   Registry: 205 minecraft:entity.endermite.hurt net.minecraft.util.SoundEvent@5f780a86
[01:00:25] [Server thread/TRACE] [FML]:   Registry: 206 minecraft:entity.endermite.step net.minecraft.util.SoundEvent@446c3920
[01:00:25] [Server thread/TRACE] [FML]:   Registry: 207 minecraft:entity.enderpearl.throw net.minecraft.util.SoundEvent@2eaef76d
[01:00:25] [Server thread/TRACE] [FML]:   Registry: 208 minecraft:entity.evocation_fangs.attack net.minecraft.util.SoundEvent@2b329bbd
[01:00:25] [Server thread/TRACE] [FML]:   Registry: 209 minecraft:entity.evocation_illager.ambient net.minecraft.util.SoundEvent@34819867
[01:00:25] [Server thread/TRACE] [FML]:   Registry: 210 minecraft:entity.evocation_illager.cast_spell net.minecraft.util.SoundEvent@118102ee
[01:00:25] [Server thread/TRACE] [FML]:   Registry: 211 minecraft:entity.evocation_illager.death net.minecraft.util.SoundEvent@48cd9a2c
[01:00:25] [Server thread/TRACE] [FML]:   Registry: 212 minecraft:entity.evocation_illager.hurt net.minecraft.util.SoundEvent@771d1ffb
[01:00:25] [Server thread/TRACE] [FML]:   Registry: 213 minecraft:entity.evocation_illager.prepare_attack net.minecraft.util.SoundEvent@4f67e3df
[01:00:25] [Server thread/TRACE] [FML]:   Registry: 214 minecraft:entity.evocation_illager.prepare_summon net.minecraft.util.SoundEvent@56681eaf
[01:00:25] [Server thread/TRACE] [FML]:   Registry: 215 minecraft:entity.evocation_illager.prepare_wololo net.minecraft.util.SoundEvent@72d0f2b4
[01:00:25] [Server thread/TRACE] [FML]:   Registry: 216 minecraft:entity.experience_bottle.throw net.minecraft.util.SoundEvent@6d2dc9d2
[01:00:25] [Server thread/TRACE] [FML]:   Registry: 217 minecraft:entity.experience_orb.pickup net.minecraft.util.SoundEvent@1da4b6b3
[01:00:25] [Server thread/TRACE] [FML]:   Registry: 218 minecraft:entity.firework.blast net.minecraft.util.SoundEvent@b2f4ece
[01:00:25] [Server thread/TRACE] [FML]:   Registry: 219 minecraft:entity.firework.blast_far net.minecraft.util.SoundEvent@7e1f584d
[01:00:25] [Server thread/TRACE] [FML]:   Registry: 220 minecraft:entity.firework.large_blast net.minecraft.util.SoundEvent@7dff6d05
[01:00:25] [Server thread/TRACE] [FML]:   Registry: 221 minecraft:entity.firework.large_blast_far net.minecraft.util.SoundEvent@45d64d27
[01:00:25] [Server thread/TRACE] [FML]:   Registry: 222 minecraft:entity.firework.launch net.minecraft.util.SoundEvent@34fe326d
[01:00:25] [Server thread/TRACE] [FML]:   Registry: 223 minecraft:entity.firework.shoot net.minecraft.util.SoundEvent@30a7c98f
[01:00:25] [Server thread/TRACE] [FML]:   Registry: 224 minecraft:entity.firework.twinkle net.minecraft.util.SoundEvent@36361ddb
[01:00:25] [Server thread/TRACE] [FML]:   Registry: 225 minecraft:entity.firework.twinkle_far net.minecraft.util.SoundEvent@41fed14f
[01:00:25] [Server thread/TRACE] [FML]:   Registry: 226 minecraft:entity.generic.big_fall net.minecraft.util.SoundEvent@4d6ee47
[01:00:25] [Server thread/TRACE] [FML]:   Registry: 227 minecraft:entity.generic.burn net.minecraft.util.SoundEvent@a33b4e3
[01:00:25] [Server thread/TRACE] [FML]:   Registry: 228 minecraft:entity.generic.death net.minecraft.util.SoundEvent@c6da8bb
[01:00:25] [Server thread/TRACE] [FML]:   Registry: 229 minecraft:entity.generic.drink net.minecraft.util.SoundEvent@3bae64d0
[01:00:25] [Server thread/TRACE] [FML]:   Registry: 230 minecraft:entity.generic.eat net.minecraft.util.SoundEvent@8b91134
[01:00:25] [Server thread/TRACE] [FML]:   Registry: 231 minecraft:entity.generic.explode net.minecraft.util.SoundEvent@1fba386c
[01:00:25] [Server thread/TRACE] [FML]:   Registry: 232 minecraft:entity.generic.extinguish_fire net.minecraft.util.SoundEvent@7e736350
[01:00:25] [Server thread/TRACE] [FML]:   Registry: 233 minecraft:entity.generic.hurt net.minecraft.util.SoundEvent@36b310aa
[01:00:25] [Server thread/TRACE] [FML]:   Registry: 234 minecraft:entity.generic.small_fall net.minecraft.util.SoundEvent@76c387f9
[01:00:25] [Server thread/TRACE] [FML]:   Registry: 235 minecraft:entity.generic.splash net.minecraft.util.SoundEvent@3874b815
[01:00:25] [Server thread/TRACE] [FML]:   Registry: 236 minecraft:entity.generic.swim net.minecraft.util.SoundEvent@5d7835a8
[01:00:25] [Server thread/TRACE] [FML]:   Registry: 237 minecraft:entity.ghast.ambient net.minecraft.util.SoundEvent@736048ed
[01:00:25] [Server thread/TRACE] [FML]:   Registry: 238 minecraft:entity.ghast.death net.minecraft.util.SoundEvent@1976f537
[01:00:25] [Server thread/TRACE] [FML]:   Registry: 239 minecraft:entity.ghast.hurt net.minecraft.util.SoundEvent@45f421c
[01:00:25] [Server thread/TRACE] [FML]:   Registry: 240 minecraft:entity.ghast.scream net.minecraft.util.SoundEvent@1816e24a
[01:00:25] [Server thread/TRACE] [FML]:   Registry: 241 minecraft:entity.ghast.shoot net.minecraft.util.SoundEvent@6940f685
[01:00:25] [Server thread/TRACE] [FML]:   Registry: 242 minecraft:entity.ghast.warn net.minecraft.util.SoundEvent@47b179d7
[01:00:25] [Server thread/TRACE] [FML]:   Registry: 243 minecraft:entity.guardian.ambient net.minecraft.util.SoundEvent@39008c9f
[01:00:25] [Server thread/TRACE] [FML]:   Registry: 244 minecraft:entity.guardian.ambient_land net.minecraft.util.SoundEvent@162b3d47
[01:00:25] [Server thread/TRACE] [FML]:   Registry: 245 minecraft:entity.guardian.attack net.minecraft.util.SoundEvent@783115d9
[01:00:25] [Server thread/TRACE] [FML]:   Registry: 246 minecraft:entity.guardian.death net.minecraft.util.SoundEvent@3402b4c9
[01:00:25] [Server thread/TRACE] [FML]:   Registry: 247 minecraft:entity.guardian.death_land net.minecraft.util.SoundEvent@95bb2a2
[01:00:25] [Server thread/TRACE] [FML]:   Registry: 248 minecraft:entity.guardian.flop net.minecraft.util.SoundEvent@46d567cb
[01:00:25] [Server thread/TRACE] [FML]:   Registry: 249 minecraft:entity.guardian.hurt net.minecraft.util.SoundEvent@363a3d15
[01:00:25] [Server thread/TRACE] [FML]:   Registry: 250 minecraft:entity.guardian.hurt_land net.minecraft.util.SoundEvent@173f73e7
[01:00:25] [Server thread/TRACE] [FML]:   Registry: 251 minecraft:entity.horse.ambient net.minecraft.util.SoundEvent@43a51d00
[01:00:25] [Server thread/TRACE] [FML]:   Registry: 252 minecraft:entity.horse.angry net.minecraft.util.SoundEvent@2e23c180
[01:00:25] [Server thread/TRACE] [FML]:   Registry: 253 minecraft:entity.horse.armor net.minecraft.util.SoundEvent@499683c4
[01:00:25] [Server thread/TRACE] [FML]:   Registry: 254 minecraft:entity.horse.breathe net.minecraft.util.SoundEvent@25da615a
[01:00:25] [Server thread/TRACE] [FML]:   Registry: 255 minecraft:entity.horse.death net.minecraft.util.SoundEvent@4efc25fc
[01:00:25] [Server thread/TRACE] [FML]:   Registry: 256 minecraft:entity.horse.eat net.minecraft.util.SoundEvent@7ee3d262
[01:00:25] [Server thread/TRACE] [FML]:   Registry: 257 minecraft:entity.horse.gallop net.minecraft.util.SoundEvent@396e6d9
[01:00:25] [Server thread/TRACE] [FML]:   Registry: 258 minecraft:entity.horse.hurt net.minecraft.util.SoundEvent@75308740
[01:00:25] [Server thread/TRACE] [FML]:   Registry: 259 minecraft:entity.horse.jump net.minecraft.util.SoundEvent@5acc9fdf
[01:00:25] [Server thread/TRACE] [FML]:   Registry: 260 minecraft:entity.horse.land net.minecraft.util.SoundEvent@3a5c2626
[01:00:25] [Server thread/TRACE] [FML]:   Registry: 261 minecraft:entity.horse.saddle net.minecraft.util.SoundEvent@e48bf9a
[01:00:25] [Server thread/TRACE] [FML]:   Registry: 262 minecraft:entity.horse.step net.minecraft.util.SoundEvent@7fb33394
[01:00:25] [Server thread/TRACE] [FML]:   Registry: 263 minecraft:entity.horse.step_wood net.minecraft.util.SoundEvent@41bf79da
[01:00:25] [Server thread/TRACE] [FML]:   Registry: 264 minecraft:entity.hostile.big_fall net.minecraft.util.SoundEvent@1a891add
[01:00:25] [Server thread/TRACE] [FML]:   Registry: 265 minecraft:entity.hostile.death net.minecraft.util.SoundEvent@5176d279
[01:00:25] [Server thread/TRACE] [FML]:   Registry: 266 minecraft:entity.hostile.hurt net.minecraft.util.SoundEvent@373f7450
[01:00:25] [Server thread/TRACE] [FML]:   Registry: 267 minecraft:entity.hostile.small_fall net.minecraft.util.SoundEvent@d74bac4
[01:00:25] [Server thread/TRACE] [FML]:   Registry: 268 minecraft:entity.hostile.splash net.minecraft.util.SoundEvent@5ff90645
[01:00:25] [Server thread/TRACE] [FML]:   Registry: 269 minecraft:entity.hostile.swim net.minecraft.util.SoundEvent@387bf2d9
[01:00:25] [Server thread/TRACE] [FML]:   Registry: 270 minecraft:entity.husk.ambient net.minecraft.util.SoundEvent@74aa9c72
[01:00:25] [Server thread/TRACE] [FML]:   Registry: 271 minecraft:entity.husk.death net.minecraft.util.SoundEvent@5c20aab9
[01:00:25] [Server thread/TRACE] [FML]:   Registry: 272 minecraft:entity.husk.hurt net.minecraft.util.SoundEvent@4b7c4456
[01:00:25] [Server thread/TRACE] [FML]:   Registry: 273 minecraft:entity.husk.step net.minecraft.util.SoundEvent@2c768ada
[01:00:25] [Server thread/TRACE] [FML]:   Registry: 274 minecraft:entity.illusion_illager.ambient net.minecraft.util.SoundEvent@c1fca2a
[01:00:25] [Server thread/TRACE] [FML]:   Registry: 275 minecraft:entity.illusion_illager.cast_spell net.minecraft.util.SoundEvent@5533dc72
[01:00:25] [Server thread/TRACE] [FML]:   Registry: 276 minecraft:entity.illusion_illager.death net.minecraft.util.SoundEvent@7c447c76
[01:00:25] [Server thread/TRACE] [FML]:   Registry: 277 minecraft:entity.illusion_illager.hurt net.minecraft.util.SoundEvent@64fc097e
[01:00:25] [Server thread/TRACE] [FML]:   Registry: 278 minecraft:entity.illusion_illager.mirror_move net.minecraft.util.SoundEvent@1640c151
[01:00:25] [Server thread/TRACE] [FML]:   Registry: 279 minecraft:entity.illusion_illager.prepare_blindness net.minecraft.util.SoundEvent@5d5b5fa7
[01:00:25] [Server thread/TRACE] [FML]:   Registry: 280 minecraft:entity.illusion_illager.prepare_mirror net.minecraft.util.SoundEvent@2a32fb6
[01:00:25] [Server thread/TRACE] [FML]:   Registry: 281 minecraft:entity.irongolem.attack net.minecraft.util.SoundEvent@6107165
[01:00:25] [Server thread/TRACE] [FML]:   Registry: 282 minecraft:entity.irongolem.death net.minecraft.util.SoundEvent@164a62bf
[01:00:25] [Server thread/TRACE] [FML]:   Registry: 283 minecraft:entity.irongolem.hurt net.minecraft.util.SoundEvent@11ebb1b6
[01:00:25] [Server thread/TRACE] [FML]:   Registry: 284 minecraft:entity.irongolem.step net.minecraft.util.SoundEvent@aaee2a2
[01:00:25] [Server thread/TRACE] [FML]:   Registry: 285 minecraft:entity.item.break net.minecraft.util.SoundEvent@f3021cb
[01:00:25] [Server thread/TRACE] [FML]:   Registry: 286 minecraft:entity.item.pickup net.minecraft.util.SoundEvent@4aaae508
[01:00:25] [Server thread/TRACE] [FML]:   Registry: 287 minecraft:entity.itemframe.add_item net.minecraft.util.SoundEvent@6009bea
[01:00:25] [Server thread/TRACE] [FML]:   Registry: 288 minecraft:entity.itemframe.break net.minecraft.util.SoundEvent@7bc6d27a
[01:00:25] [Server thread/TRACE] [FML]:   Registry: 289 minecraft:entity.itemframe.place net.minecraft.util.SoundEvent@75769ab0
[01:00:25] [Server thread/TRACE] [FML]:   Registry: 290 minecraft:entity.itemframe.remove_item net.minecraft.util.SoundEvent@6869a3b3
[01:00:25] [Server thread/TRACE] [FML]:   Registry: 291 minecraft:entity.itemframe.rotate_item net.minecraft.util.SoundEvent@6ab4ba9f
[01:00:25] [Server thread/TRACE] [FML]:   Registry: 292 minecraft:entity.leashknot.break net.minecraft.util.SoundEvent@27ace0b1
[01:00:25] [Server thread/TRACE] [FML]:   Registry: 293 minecraft:entity.leashknot.place net.minecraft.util.SoundEvent@664e5dee
[01:00:25] [Server thread/TRACE] [FML]:   Registry: 294 minecraft:entity.lightning.impact net.minecraft.util.SoundEvent@431f1eaf
[01:00:25] [Server thread/TRACE] [FML]:   Registry: 295 minecraft:entity.lightning.thunder net.minecraft.util.SoundEvent@cb03411
[01:00:25] [Server thread/TRACE] [FML]:   Registry: 296 minecraft:entity.lingeringpotion.throw net.minecraft.util.SoundEvent@4c59e45e
[01:00:25] [Server thread/TRACE] [FML]:   Registry: 297 minecraft:entity.llama.ambient net.minecraft.util.SoundEvent@58ec7116
[01:00:25] [Server thread/TRACE] [FML]:   Registry: 298 minecraft:entity.llama.angry net.minecraft.util.SoundEvent@63bde6c2
[01:00:25] [Server thread/TRACE] [FML]:   Registry: 299 minecraft:entity.llama.chest net.minecraft.util.SoundEvent@6ea04618
[01:00:25] [Server thread/TRACE] [FML]:   Registry: 300 minecraft:entity.llama.death net.minecraft.util.SoundEvent@6dd82486
[01:00:25] [Server thread/TRACE] [FML]:   Registry: 301 minecraft:entity.llama.eat net.minecraft.util.SoundEvent@56078cea
[01:00:25] [Server thread/TRACE] [FML]:   Registry: 302 minecraft:entity.llama.hurt net.minecraft.util.SoundEvent@5a00eb1e
[01:00:25] [Server thread/TRACE] [FML]:   Registry: 303 minecraft:entity.llama.spit net.minecraft.util.SoundEvent@36fcf6c0
[01:00:25] [Server thread/TRACE] [FML]:   Registry: 304 minecraft:entity.llama.step net.minecraft.util.SoundEvent@1aac188d
[01:00:25] [Server thread/TRACE] [FML]:   Registry: 305 minecraft:entity.llama.swag net.minecraft.util.SoundEvent@7026b7ee
[01:00:25] [Server thread/TRACE] [FML]:   Registry: 306 minecraft:entity.magmacube.death net.minecraft.util.SoundEvent@2d23faef
[01:00:25] [Server thread/TRACE] [FML]:   Registry: 307 minecraft:entity.magmacube.hurt net.minecraft.util.SoundEvent@7cb8437d
[01:00:25] [Server thread/TRACE] [FML]:   Registry: 308 minecraft:entity.magmacube.jump net.minecraft.util.SoundEvent@62a4417
[01:00:25] [Server thread/TRACE] [FML]:   Registry: 309 minecraft:entity.magmacube.squish net.minecraft.util.SoundEvent@43f61afb
[01:00:25] [Server thread/TRACE] [FML]:   Registry: 310 minecraft:entity.minecart.inside net.minecraft.util.SoundEvent@713064e8
[01:00:25] [Server thread/TRACE] [FML]:   Registry: 311 minecraft:entity.minecart.riding net.minecraft.util.SoundEvent@4fad6218
[01:00:25] [Server thread/TRACE] [FML]:   Registry: 312 minecraft:entity.mooshroom.shear net.minecraft.util.SoundEvent@1bf39d06
[01:00:25] [Server thread/TRACE] [FML]:   Registry: 313 minecraft:entity.mule.ambient net.minecraft.util.SoundEvent@68217d41
[01:00:25] [Server thread/TRACE] [FML]:   Registry: 314 minecraft:entity.mule.chest net.minecraft.util.SoundEvent@1ac45389
[01:00:25] [Server thread/TRACE] [FML]:   Registry: 315 minecraft:entity.mule.death net.minecraft.util.SoundEvent@3e5d4f6b
[01:00:25] [Server thread/TRACE] [FML]:   Registry: 316 minecraft:entity.mule.hurt net.minecraft.util.SoundEvent@39c1fe0b
[01:00:25] [Server thread/TRACE] [FML]:   Registry: 317 minecraft:entity.painting.break net.minecraft.util.SoundEvent@5ae95707
[01:00:25] [Server thread/TRACE] [FML]:   Registry: 318 minecraft:entity.painting.place net.minecraft.util.SoundEvent@62891fc8
[01:00:25] [Server thread/TRACE] [FML]:   Registry: 319 minecraft:entity.parrot.ambient net.minecraft.util.SoundEvent@367b22e5
[01:00:25] [Server thread/TRACE] [FML]:   Registry: 320 minecraft:entity.parrot.death net.minecraft.util.SoundEvent@fca387
[01:00:25] [Server thread/TRACE] [FML]:   Registry: 321 minecraft:entity.parrot.eat net.minecraft.util.SoundEvent@10bd9df0
[01:00:25] [Server thread/TRACE] [FML]:   Registry: 322 minecraft:entity.parrot.fly net.minecraft.util.SoundEvent@3ae0b770
[01:00:25] [Server thread/TRACE] [FML]:   Registry: 323 minecraft:entity.parrot.hurt net.minecraft.util.SoundEvent@55e3d6c3
[01:00:25] [Server thread/TRACE] [FML]:   Registry: 324 minecraft:entity.parrot.imitate.blaze net.minecraft.util.SoundEvent@30e6a763
[01:00:25] [Server thread/TRACE] [FML]:   Registry: 325 minecraft:entity.parrot.imitate.creeper net.minecraft.util.SoundEvent@4c48fe92
[01:00:25] [Server thread/TRACE] [FML]:   Registry: 326 minecraft:entity.parrot.imitate.elder_guardian net.minecraft.util.SoundEvent@732c9b5c
[01:00:25] [Server thread/TRACE] [FML]:   Registry: 327 minecraft:entity.parrot.imitate.enderdragon net.minecraft.util.SoundEvent@38320e34
[01:00:25] [Server thread/TRACE] [FML]:   Registry: 328 minecraft:entity.parrot.imitate.enderman net.minecraft.util.SoundEvent@3d6a6bee
[01:00:25] [Server thread/TRACE] [FML]:   Registry: 329 minecraft:entity.parrot.imitate.endermite net.minecraft.util.SoundEvent@36ddaebf
[01:00:25] [Server thread/TRACE] [FML]:   Registry: 330 minecraft:entity.parrot.imitate.evocation_illager net.minecraft.util.SoundEvent@213c3543
[01:00:25] [Server thread/TRACE] [FML]:   Registry: 331 minecraft:entity.parrot.imitate.ghast net.minecraft.util.SoundEvent@9d7ccfe
[01:00:25] [Server thread/TRACE] [FML]:   Registry: 332 minecraft:entity.parrot.imitate.husk net.minecraft.util.SoundEvent@670ce331
[01:00:25] [Server thread/TRACE] [FML]:   Registry: 333 minecraft:entity.parrot.imitate.illusion_illager net.minecraft.util.SoundEvent@3cff0139
[01:00:25] [Server thread/TRACE] [FML]:   Registry: 334 minecraft:entity.parrot.imitate.magmacube net.minecraft.util.SoundEvent@7c29adc8
[01:00:25] [Server thread/TRACE] [FML]:   Registry: 335 minecraft:entity.parrot.imitate.polar_bear net.minecraft.util.SoundEvent@4b2e3e8f
[01:00:25] [Server thread/TRACE] [FML]:   Registry: 336 minecraft:entity.parrot.imitate.shulker net.minecraft.util.SoundEvent@4bbb49b0
[01:00:25] [Server thread/TRACE] [FML]:   Registry: 337 minecraft:entity.parrot.imitate.silverfish net.minecraft.util.SoundEvent@f096f37
[01:00:25] [Server thread/TRACE] [FML]:   Registry: 338 minecraft:entity.parrot.imitate.skeleton net.minecraft.util.SoundEvent@3effd4f3
[01:00:25] [Server thread/TRACE] [FML]:   Registry: 339 minecraft:entity.parrot.imitate.slime net.minecraft.util.SoundEvent@41f4fe5
[01:00:25] [Server thread/TRACE] [FML]:   Registry: 340 minecraft:entity.parrot.imitate.spider net.minecraft.util.SoundEvent@15f8701f
[01:00:25] [Server thread/TRACE] [FML]:   Registry: 341 minecraft:entity.parrot.imitate.stray net.minecraft.util.SoundEvent@514cd540
[01:00:25] [Server thread/TRACE] [FML]:   Registry: 342 minecraft:entity.parrot.imitate.vex net.minecraft.util.SoundEvent@11d4dbd6
[01:00:25] [Server thread/TRACE] [FML]:   Registry: 343 minecraft:entity.parrot.imitate.vindication_illager net.minecraft.util.SoundEvent@6f4ade6e
[01:00:25] [Server thread/TRACE] [FML]:   Registry: 344 minecraft:entity.parrot.imitate.witch net.minecraft.util.SoundEvent@39e43310
[01:00:25] [Server thread/TRACE] [FML]:   Registry: 345 minecraft:entity.parrot.imitate.wither net.minecraft.util.SoundEvent@eb507b9
[01:00:25] [Server thread/TRACE] [FML]:   Registry: 346 minecraft:entity.parrot.imitate.wither_skeleton net.minecraft.util.SoundEvent@390877d2
[01:00:25] [Server thread/TRACE] [FML]:   Registry: 347 minecraft:entity.parrot.imitate.wolf net.minecraft.util.SoundEvent@86733
[01:00:25] [Server thread/TRACE] [FML]:   Registry: 348 minecraft:entity.parrot.imitate.zombie net.minecraft.util.SoundEvent@186cb891
[01:00:25] [Server thread/TRACE] [FML]:   Registry: 349 minecraft:entity.parrot.imitate.zombie_pigman net.minecraft.util.SoundEvent@3ec2ecea
[01:00:25] [Server thread/TRACE] [FML]:   Registry: 350 minecraft:entity.parrot.imitate.zombie_villager net.minecraft.util.SoundEvent@440eaa07
[01:00:25] [Server thread/TRACE] [FML]:   Registry: 351 minecraft:entity.parrot.step net.minecraft.util.SoundEvent@7fc7c4a
[01:00:25] [Server thread/TRACE] [FML]:   Registry: 352 minecraft:entity.pig.ambient net.minecraft.util.SoundEvent@7aa9e414
[01:00:25] [Server thread/TRACE] [FML]:   Registry: 353 minecraft:entity.pig.death net.minecraft.util.SoundEvent@53a5e217
[01:00:25] [Server thread/TRACE] [FML]:   Registry: 354 minecraft:entity.pig.hurt net.minecraft.util.SoundEvent@624a24f6
[01:00:25] [Server thread/TRACE] [FML]:   Registry: 355 minecraft:entity.pig.saddle net.minecraft.util.SoundEvent@6b00ad9
[01:00:25] [Server thread/TRACE] [FML]:   Registry: 356 minecraft:entity.pig.step net.minecraft.util.SoundEvent@338cc75f
[01:00:25] [Server thread/TRACE] [FML]:   Registry: 357 minecraft:entity.player.attack.crit net.minecraft.util.SoundEvent@4f453e63
[01:00:25] [Server thread/TRACE] [FML]:   Registry: 358 minecraft:entity.player.attack.knockback net.minecraft.util.SoundEvent@7c9bdee9
[01:00:25] [Server thread/TRACE] [FML]:   Registry: 359 minecraft:entity.player.attack.nodamage net.minecraft.util.SoundEvent@7afbf561
[01:00:25] [Server thread/TRACE] [FML]:   Registry: 360 minecraft:entity.player.attack.strong net.minecraft.util.SoundEvent@2f98635e
[01:00:25] [Server thread/TRACE] [FML]:   Registry: 361 minecraft:entity.player.attack.sweep net.minecraft.util.SoundEvent@49c8f6e8
[01:00:25] [Server thread/TRACE] [FML]:   Registry: 362 minecraft:entity.player.attack.weak net.minecraft.util.SoundEvent@6b0615ae
[01:00:25] [Server thread/TRACE] [FML]:   Registry: 363 minecraft:entity.player.big_fall net.minecraft.util.SoundEvent@4e73b552
[01:00:25] [Server thread/TRACE] [FML]:   Registry: 364 minecraft:entity.player.breath net.minecraft.util.SoundEvent@221dad51
[01:00:25] [Server thread/TRACE] [FML]:   Registry: 365 minecraft:entity.player.burp net.minecraft.util.SoundEvent@2cec704c
[01:00:25] [Server thread/TRACE] [FML]:   Registry: 366 minecraft:entity.player.death net.minecraft.util.SoundEvent@771cbb1a
[01:00:25] [Server thread/TRACE] [FML]:   Registry: 367 minecraft:entity.player.hurt net.minecraft.util.SoundEvent@2416498e
[01:00:25] [Server thread/TRACE] [FML]:   Registry: 368 minecraft:entity.player.hurt_drown net.minecraft.util.SoundEvent@6b2e0f78
[01:00:25] [Server thread/TRACE] [FML]:   Registry: 369 minecraft:entity.player.hurt_on_fire net.minecraft.util.SoundEvent@240f6c41
[01:00:25] [Server thread/TRACE] [FML]:   Registry: 370 minecraft:entity.player.levelup net.minecraft.util.SoundEvent@3659d7b1
[01:00:25] [Server thread/TRACE] [FML]:   Registry: 371 minecraft:entity.player.small_fall net.minecraft.util.SoundEvent@2015b2cd
[01:00:25] [Server thread/TRACE] [FML]:   Registry: 372 minecraft:entity.player.splash net.minecraft.util.SoundEvent@3bdb2c78
[01:00:25] [Server thread/TRACE] [FML]:   Registry: 373 minecraft:entity.player.swim net.minecraft.util.SoundEvent@64693226
[01:00:25] [Server thread/TRACE] [FML]:   Registry: 374 minecraft:entity.polar_bear.ambient net.minecraft.util.SoundEvent@1c758545
[01:00:25] [Server thread/TRACE] [FML]:   Registry: 375 minecraft:entity.polar_bear.baby_ambient net.minecraft.util.SoundEvent@117bcfdc
[01:00:25] [Server thread/TRACE] [FML]:   Registry: 376 minecraft:entity.polar_bear.death net.minecraft.util.SoundEvent@73a19967
[01:00:25] [Server thread/TRACE] [FML]:   Registry: 377 minecraft:entity.polar_bear.hurt net.minecraft.util.SoundEvent@5e746d37
[01:00:25] [Server thread/TRACE] [FML]:   Registry: 378 minecraft:entity.polar_bear.step net.minecraft.util.SoundEvent@6e1b9411
[01:00:25] [Server thread/TRACE] [FML]:   Registry: 379 minecraft:entity.polar_bear.warning net.minecraft.util.SoundEvent@21d1b321
[01:00:25] [Server thread/TRACE] [FML]:   Registry: 380 minecraft:entity.rabbit.ambient net.minecraft.util.SoundEvent@5ec46cdd
[01:00:25] [Server thread/TRACE] [FML]:   Registry: 381 minecraft:entity.rabbit.attack net.minecraft.util.SoundEvent@2324bfe7
[01:00:25] [Server thread/TRACE] [FML]:   Registry: 382 minecraft:entity.rabbit.death net.minecraft.util.SoundEvent@112d1c8e
[01:00:25] [Server thread/TRACE] [FML]:   Registry: 383 minecraft:entity.rabbit.hurt net.minecraft.util.SoundEvent@3d49fd31
[01:00:25] [Server thread/TRACE] [FML]:   Registry: 384 minecraft:entity.rabbit.jump net.minecraft.util.SoundEvent@4016ccc1
[01:00:25] [Server thread/TRACE] [FML]:   Registry: 385 minecraft:entity.sheep.ambient net.minecraft.util.SoundEvent@46cb98a3
[01:00:25] [Server thread/TRACE] [FML]:   Registry: 386 minecraft:entity.sheep.death net.minecraft.util.SoundEvent@3ffb3598
[01:00:25] [Server thread/TRACE] [FML]:   Registry: 387 minecraft:entity.sheep.hurt net.minecraft.util.SoundEvent@4da9f723
[01:00:25] [Server thread/TRACE] [FML]:   Registry: 388 minecraft:entity.sheep.shear net.minecraft.util.SoundEvent@3b2f4a93
[01:00:25] [Server thread/TRACE] [FML]:   Registry: 389 minecraft:entity.sheep.step net.minecraft.util.SoundEvent@213bd3d5
[01:00:25] [Server thread/TRACE] [FML]:   Registry: 390 minecraft:entity.shulker.ambient net.minecraft.util.SoundEvent@470a659f
[01:00:25] [Server thread/TRACE] [FML]:   Registry: 391 minecraft:entity.shulker.close net.minecraft.util.SoundEvent@451882b2
[01:00:25] [Server thread/TRACE] [FML]:   Registry: 392 minecraft:entity.shulker.death net.minecraft.util.SoundEvent@4a23350
[01:00:25] [Server thread/TRACE] [FML]:   Registry: 393 minecraft:entity.shulker.hurt net.minecraft.util.SoundEvent@7b78ed6a
[01:00:25] [Server thread/TRACE] [FML]:   Registry: 394 minecraft:entity.shulker.hurt_closed net.minecraft.util.SoundEvent@6fca5907
[01:00:25] [Server thread/TRACE] [FML]:   Registry: 395 minecraft:entity.shulker.open net.minecraft.util.SoundEvent@6ec65b5e
[01:00:25] [Server thread/TRACE] [FML]:   Registry: 396 minecraft:entity.shulker.shoot net.minecraft.util.SoundEvent@7bebcd65
[01:00:25] [Server thread/TRACE] [FML]:   Registry: 397 minecraft:entity.shulker.teleport net.minecraft.util.SoundEvent@47447ccf
[01:00:25] [Server thread/TRACE] [FML]:   Registry: 398 minecraft:entity.shulker_bullet.hit net.minecraft.util.SoundEvent@7afb1741
[01:00:25] [Server thread/TRACE] [FML]:   Registry: 399 minecraft:entity.shulker_bullet.hurt net.minecraft.util.SoundEvent@263bbfeb
[01:00:25] [Server thread/TRACE] [FML]:   Registry: 400 minecraft:entity.silverfish.ambient net.minecraft.util.SoundEvent@31edeac
[01:00:25] [Server thread/TRACE] [FML]:   Registry: 401 minecraft:entity.silverfish.death net.minecraft.util.SoundEvent@67d86804
[01:00:25] [Server thread/TRACE] [FML]:   Registry: 402 minecraft:entity.silverfish.hurt net.minecraft.util.SoundEvent@45bb2aa1
[01:00:25] [Server thread/TRACE] [FML]:   Registry: 403 minecraft:entity.silverfish.step net.minecraft.util.SoundEvent@3e84111a
[01:00:25] [Server thread/TRACE] [FML]:   Registry: 404 minecraft:entity.skeleton.ambient net.minecraft.util.SoundEvent@4b1a43d8
[01:00:25] [Server thread/TRACE] [FML]:   Registry: 405 minecraft:entity.skeleton.death net.minecraft.util.SoundEvent@6fa69af7
[01:00:25] [Server thread/TRACE] [FML]:   Registry: 406 minecraft:entity.skeleton.hurt net.minecraft.util.SoundEvent@73545b80
[01:00:25] [Server thread/TRACE] [FML]:   Registry: 407 minecraft:entity.skeleton.shoot net.minecraft.util.SoundEvent@6d469831
[01:00:25] [Server thread/TRACE] [FML]:   Registry: 408 minecraft:entity.skeleton.step net.minecraft.util.SoundEvent@74db12c2
[01:00:25] [Server thread/TRACE] [FML]:   Registry: 409 minecraft:entity.skeleton_horse.ambient net.minecraft.util.SoundEvent@2ff15f8c
[01:00:25] [Server thread/TRACE] [FML]:   Registry: 410 minecraft:entity.skeleton_horse.death net.minecraft.util.SoundEvent@7ea899a9
[01:00:25] [Server thread/TRACE] [FML]:   Registry: 411 minecraft:entity.skeleton_horse.hurt net.minecraft.util.SoundEvent@2776015d
[01:00:25] [Server thread/TRACE] [FML]:   Registry: 412 minecraft:entity.slime.attack net.minecraft.util.SoundEvent@b174a73
[01:00:25] [Server thread/TRACE] [FML]:   Registry: 413 minecraft:entity.slime.death net.minecraft.util.SoundEvent@2e3f79a2
[01:00:25] [Server thread/TRACE] [FML]:   Registry: 414 minecraft:entity.slime.hurt net.minecraft.util.SoundEvent@1460c81d
[01:00:25] [Server thread/TRACE] [FML]:   Registry: 415 minecraft:entity.slime.jump net.minecraft.util.SoundEvent@38b5f25
[01:00:25] [Server thread/TRACE] [FML]:   Registry: 416 minecraft:entity.slime.squish net.minecraft.util.SoundEvent@327ed9f5
[01:00:25] [Server thread/TRACE] [FML]:   Registry: 417 minecraft:entity.small_magmacube.death net.minecraft.util.SoundEvent@67594471
[01:00:25] [Server thread/TRACE] [FML]:   Registry: 418 minecraft:entity.small_magmacube.hurt net.minecraft.util.SoundEvent@756b58a7
[01:00:25] [Server thread/TRACE] [FML]:   Registry: 419 minecraft:entity.small_magmacube.squish net.minecraft.util.SoundEvent@2cc04358
[01:00:25] [Server thread/TRACE] [FML]:   Registry: 420 minecraft:entity.small_slime.death net.minecraft.util.SoundEvent@68b58644
[01:00:25] [Server thread/TRACE] [FML]:   Registry: 421 minecraft:entity.small_slime.hurt net.minecraft.util.SoundEvent@45e22def
[01:00:25] [Server thread/TRACE] [FML]:   Registry: 422 minecraft:entity.small_slime.jump net.minecraft.util.SoundEvent@6ae3fb94
[01:00:25] [Server thread/TRACE] [FML]:   Registry: 423 minecraft:entity.small_slime.squish net.minecraft.util.SoundEvent@4417af13
[01:00:25] [Server thread/TRACE] [FML]:   Registry: 424 minecraft:entity.snowball.throw net.minecraft.util.SoundEvent@d48673
[01:00:25] [Server thread/TRACE] [FML]:   Registry: 425 minecraft:entity.snowman.ambient net.minecraft.util.SoundEvent@548d5ed3
[01:00:25] [Server thread/TRACE] [FML]:   Registry: 426 minecraft:entity.snowman.death net.minecraft.util.SoundEvent@21c7208d
[01:00:25] [Server thread/TRACE] [FML]:   Registry: 427 minecraft:entity.snowman.hurt net.minecraft.util.SoundEvent@58516c91
[01:00:25] [Server thread/TRACE] [FML]:   Registry: 428 minecraft:entity.snowman.shoot net.minecraft.util.SoundEvent@7c129ef6
[01:00:25] [Server thread/TRACE] [FML]:   Registry: 429 minecraft:entity.spider.ambient net.minecraft.util.SoundEvent@42d73c61
[01:00:25] [Server thread/TRACE] [FML]:   Registry: 430 minecraft:entity.spider.death net.minecraft.util.SoundEvent@5a8cbffe
[01:00:25] [Server thread/TRACE] [FML]:   Registry: 431 minecraft:entity.spider.hurt net.minecraft.util.SoundEvent@96a75da
[01:00:25] [Server thread/TRACE] [FML]:   Registry: 432 minecraft:entity.spider.step net.minecraft.util.SoundEvent@61e7bf2f
[01:00:25] [Server thread/TRACE] [FML]:   Registry: 433 minecraft:entity.splash_potion.break net.minecraft.util.SoundEvent@1a28b346
[01:00:25] [Server thread/TRACE] [FML]:   Registry: 434 minecraft:entity.splash_potion.throw net.minecraft.util.SoundEvent@25e49cb2
[01:00:25] [Server thread/TRACE] [FML]:   Registry: 435 minecraft:entity.squid.ambient net.minecraft.util.SoundEvent@7f7af971
[01:00:25] [Server thread/TRACE] [FML]:   Registry: 436 minecraft:entity.squid.death net.minecraft.util.SoundEvent@23382f76
[01:00:25] [Server thread/TRACE] [FML]:   Registry: 437 minecraft:entity.squid.hurt net.minecraft.util.SoundEvent@7c551ad4
[01:00:25] [Server thread/TRACE] [FML]:   Registry: 438 minecraft:entity.stray.ambient net.minecraft.util.SoundEvent@7d5508e0
[01:00:25] [Server thread/TRACE] [FML]:   Registry: 439 minecraft:entity.stray.death net.minecraft.util.SoundEvent@554cd74a
[01:00:25] [Server thread/TRACE] [FML]:   Registry: 440 minecraft:entity.stray.hurt net.minecraft.util.SoundEvent@37ed010a
[01:00:25] [Server thread/TRACE] [FML]:   Registry: 441 minecraft:entity.stray.step net.minecraft.util.SoundEvent@633a2e99
[01:00:25] [Server thread/TRACE] [FML]:   Registry: 442 minecraft:entity.tnt.primed net.minecraft.util.SoundEvent@367d2816
[01:00:25] [Server thread/TRACE] [FML]:   Registry: 443 minecraft:entity.vex.ambient net.minecraft.util.SoundEvent@5b84f14
[01:00:25] [Server thread/TRACE] [FML]:   Registry: 444 minecraft:entity.vex.charge net.minecraft.util.SoundEvent@5a82ebf8
[01:00:25] [Server thread/TRACE] [FML]:   Registry: 445 minecraft:entity.vex.death net.minecraft.util.SoundEvent@68fe48d7
[01:00:25] [Server thread/TRACE] [FML]:   Registry: 446 minecraft:entity.vex.hurt net.minecraft.util.SoundEvent@379ce046
[01:00:25] [Server thread/TRACE] [FML]:   Registry: 447 minecraft:entity.villager.ambient net.minecraft.util.SoundEvent@701bc94e
[01:00:25] [Server thread/TRACE] [FML]:   Registry: 448 minecraft:entity.villager.death net.minecraft.util.SoundEvent@3d8b319e
[01:00:25] [Server thread/TRACE] [FML]:   Registry: 449 minecraft:entity.villager.hurt net.minecraft.util.SoundEvent@27a97e08
[01:00:25] [Server thread/TRACE] [FML]:   Registry: 450 minecraft:entity.villager.no net.minecraft.util.SoundEvent@77e7246b
[01:00:25] [Server thread/TRACE] [FML]:   Registry: 451 minecraft:entity.villager.trading net.minecraft.util.SoundEvent@5918c260
[01:00:25] [Server thread/TRACE] [FML]:   Registry: 452 minecraft:entity.villager.yes net.minecraft.util.SoundEvent@3d7b1f1c
[01:00:25] [Server thread/TRACE] [FML]:   Registry: 453 minecraft:entity.vindication_illager.ambient net.minecraft.util.SoundEvent@51ce6f85
[01:00:25] [Server thread/TRACE] [FML]:   Registry: 454 minecraft:entity.vindication_illager.death net.minecraft.util.SoundEvent@1f44ddab
[01:00:25] [Server thread/TRACE] [FML]:   Registry: 455 minecraft:entity.vindication_illager.hurt net.minecraft.util.SoundEvent@5017e1
[01:00:25] [Server thread/TRACE] [FML]:   Registry: 456 minecraft:entity.witch.ambient net.minecraft.util.SoundEvent@65b66b08
[01:00:25] [Server thread/TRACE] [FML]:   Registry: 457 minecraft:entity.witch.death net.minecraft.util.SoundEvent@4726927c
[01:00:25] [Server thread/TRACE] [FML]:   Registry: 458 minecraft:entity.witch.drink net.minecraft.util.SoundEvent@7eb6b6b6
[01:00:25] [Server thread/TRACE] [FML]:   Registry: 459 minecraft:entity.witch.hurt net.minecraft.util.SoundEvent@7ed9499e
[01:00:25] [Server thread/TRACE] [FML]:   Registry: 460 minecraft:entity.witch.throw net.minecraft.util.SoundEvent@28e19366
[01:00:25] [Server thread/TRACE] [FML]:   Registry: 461 minecraft:entity.wither.ambient net.minecraft.util.SoundEvent@5b275174
[01:00:25] [Server thread/TRACE] [FML]:   Registry: 462 minecraft:entity.wither.break_block net.minecraft.util.SoundEvent@10ef5fa0
[01:00:25] [Server thread/TRACE] [FML]:   Registry: 463 minecraft:entity.wither.death net.minecraft.util.SoundEvent@244e619a
[01:00:25] [Server thread/TRACE] [FML]:   Registry: 464 minecraft:entity.wither.hurt net.minecraft.util.SoundEvent@10acd6
[01:00:25] [Server thread/TRACE] [FML]:   Registry: 465 minecraft:entity.wither.shoot net.minecraft.util.SoundEvent@61dde151
[01:00:25] [Server thread/TRACE] [FML]:   Registry: 466 minecraft:entity.wither.spawn net.minecraft.util.SoundEvent@b25b095
[01:00:25] [Server thread/TRACE] [FML]:   Registry: 467 minecraft:entity.wither_skeleton.ambient net.minecraft.util.SoundEvent@5cb042da
[01:00:25] [Server thread/TRACE] [FML]:   Registry: 468 minecraft:entity.wither_skeleton.death net.minecraft.util.SoundEvent@59c33386
[01:00:25] [Server thread/TRACE] [FML]:   Registry: 469 minecraft:entity.wither_skeleton.hurt net.minecraft.util.SoundEvent@571a9686
[01:00:25] [Server thread/TRACE] [FML]:   Registry: 470 minecraft:entity.wither_skeleton.step net.minecraft.util.SoundEvent@719d35e8
[01:00:25] [Server thread/TRACE] [FML]:   Registry: 471 minecraft:entity.wolf.ambient net.minecraft.util.SoundEvent@2f651f93
[01:00:25] [Server thread/TRACE] [FML]:   Registry: 472 minecraft:entity.wolf.death net.minecraft.util.SoundEvent@6ffa56fa
[01:00:25] [Server thread/TRACE] [FML]:   Registry: 473 minecraft:entity.wolf.growl net.minecraft.util.SoundEvent@6c575325
[01:00:25] [Server thread/TRACE] [FML]:   Registry: 474 minecraft:entity.wolf.howl net.minecraft.util.SoundEvent@747d1932
[01:00:25] [Server thread/TRACE] [FML]:   Registry: 475 minecraft:entity.wolf.hurt net.minecraft.util.SoundEvent@736309a9
[01:00:25] [Server thread/TRACE] [FML]:   Registry: 476 minecraft:entity.wolf.pant net.minecraft.util.SoundEvent@4e93dcb9
[01:00:25] [Server thread/TRACE] [FML]:   Registry: 477 minecraft:entity.wolf.shake net.minecraft.util.SoundEvent@188b6035
[01:00:25] [Server thread/TRACE] [FML]:   Registry: 478 minecraft:entity.wolf.step net.minecraft.util.SoundEvent@4a34e9f
[01:00:25] [Server thread/TRACE] [FML]:   Registry: 479 minecraft:entity.wolf.whine net.minecraft.util.SoundEvent@6f6621e3
[01:00:25] [Server thread/TRACE] [FML]:   Registry: 480 minecraft:entity.zombie.ambient net.minecraft.util.SoundEvent@3fc05ea2
[01:00:25] [Server thread/TRACE] [FML]:   Registry: 481 minecraft:entity.zombie.attack_door_wood net.minecraft.util.SoundEvent@7c891ba7
[01:00:25] [Server thread/TRACE] [FML]:   Registry: 482 minecraft:entity.zombie.attack_iron_door net.minecraft.util.SoundEvent@6240651f
[01:00:25] [Server thread/TRACE] [FML]:   Registry: 483 minecraft:entity.zombie.break_door_wood net.minecraft.util.SoundEvent@3cf7298d
[01:00:25] [Server thread/TRACE] [FML]:   Registry: 484 minecraft:entity.zombie.death net.minecraft.util.SoundEvent@1ff55ff
[01:00:25] [Server thread/TRACE] [FML]:   Registry: 485 minecraft:entity.zombie.hurt net.minecraft.util.SoundEvent@351f2244
[01:00:25] [Server thread/TRACE] [FML]:   Registry: 486 minecraft:entity.zombie.infect net.minecraft.util.SoundEvent@5496c165
[01:00:25] [Server thread/TRACE] [FML]:   Registry: 487 minecraft:entity.zombie.step net.minecraft.util.SoundEvent@51a8313b
[01:00:25] [Server thread/TRACE] [FML]:   Registry: 488 minecraft:entity.zombie_horse.ambient net.minecraft.util.SoundEvent@2a03d65c
[01:00:25] [Server thread/TRACE] [FML]:   Registry: 489 minecraft:entity.zombie_horse.death net.minecraft.util.SoundEvent@6642dc5a
[01:00:25] [Server thread/TRACE] [FML]:   Registry: 490 minecraft:entity.zombie_horse.hurt net.minecraft.util.SoundEvent@43da41e
[01:00:25] [Server thread/TRACE] [FML]:   Registry: 491 minecraft:entity.zombie_pig.ambient net.minecraft.util.SoundEvent@148c7c4b
[01:00:25] [Server thread/TRACE] [FML]:   Registry: 492 minecraft:entity.zombie_pig.angry net.minecraft.util.SoundEvent@2009f9b0
[01:00:25] [Server thread/TRACE] [FML]:   Registry: 493 minecraft:entity.zombie_pig.death net.minecraft.util.SoundEvent@50d951e7
[01:00:25] [Server thread/TRACE] [FML]:   Registry: 494 minecraft:entity.zombie_pig.hurt net.minecraft.util.SoundEvent@39ad12b6
[01:00:25] [Server thread/TRACE] [FML]:   Registry: 495 minecraft:entity.zombie_villager.ambient net.minecraft.util.SoundEvent@4eb45fec
[01:00:25] [Server thread/TRACE] [FML]:   Registry: 496 minecraft:entity.zombie_villager.converted net.minecraft.util.SoundEvent@211febf3
[01:00:25] [Server thread/TRACE] [FML]:   Registry: 497 minecraft:entity.zombie_villager.cure net.minecraft.util.SoundEvent@3bd3d05e
[01:00:25] [Server thread/TRACE] [FML]:   Registry: 498 minecraft:entity.zombie_villager.death net.minecraft.util.SoundEvent@6aba5d30
[01:00:25] [Server thread/TRACE] [FML]:   Registry: 499 minecraft:entity.zombie_villager.hurt net.minecraft.util.SoundEvent@61d34b4
[01:00:25] [Server thread/TRACE] [FML]:   Registry: 500 minecraft:entity.zombie_villager.step net.minecraft.util.SoundEvent@588307f7
[01:00:25] [Server thread/TRACE] [FML]:   Registry: 501 minecraft:item.armor.equip_chain net.minecraft.util.SoundEvent@7df76d99
[01:00:25] [Server thread/TRACE] [FML]:   Registry: 502 minecraft:item.armor.equip_diamond net.minecraft.util.SoundEvent@459cfcca
[01:00:25] [Server thread/TRACE] [FML]:   Registry: 503 minecraft:item.armor.equip_elytra net.minecraft.util.SoundEvent@2acbc859
[01:00:25] [Server thread/TRACE] [FML]:   Registry: 504 minecraft:item.armor.equip_generic net.minecraft.util.SoundEvent@6ab7ce48
[01:00:25] [Server thread/TRACE] [FML]:   Registry: 505 minecraft:item.armor.equip_gold net.minecraft.util.SoundEvent@2c6aed22
[01:00:25] [Server thread/TRACE] [FML]:   Registry: 506 minecraft:item.armor.equip_iron net.minecraft.util.SoundEvent@e322ec9
[01:00:25] [Server thread/TRACE] [FML]:   Registry: 507 minecraft:item.armor.equip_leather net.minecraft.util.SoundEvent@7acfb656
[01:00:25] [Server thread/TRACE] [FML]:   Registry: 508 minecraft:item.bottle.empty net.minecraft.util.SoundEvent@2e5ee2c9
[01:00:25] [Server thread/TRACE] [FML]:   Registry: 509 minecraft:item.bottle.fill net.minecraft.util.SoundEvent@55a609dd
[01:00:25] [Server thread/TRACE] [FML]:   Registry: 510 minecraft:item.bottle.fill_dragonbreath net.minecraft.util.SoundEvent@4afd21c6
[01:00:25] [Server thread/TRACE] [FML]:   Registry: 511 minecraft:item.bucket.empty net.minecraft.util.SoundEvent@4d0753c9
[01:00:25] [Server thread/TRACE] [FML]:   Registry: 512 minecraft:item.bucket.empty_lava net.minecraft.util.SoundEvent@1416a80a
[01:00:25] [Server thread/TRACE] [FML]:   Registry: 513 minecraft:item.bucket.fill net.minecraft.util.SoundEvent@719bb3b4
[01:00:25] [Server thread/TRACE] [FML]:   Registry: 514 minecraft:item.bucket.fill_lava net.minecraft.util.SoundEvent@52cb4f50
[01:00:25] [Server thread/TRACE] [FML]:   Registry: 515 minecraft:item.chorus_fruit.teleport net.minecraft.util.SoundEvent@25a5c7db
[01:00:25] [Server thread/TRACE] [FML]:   Registry: 516 minecraft:item.elytra.flying net.minecraft.util.SoundEvent@4d27d9d
[01:00:25] [Server thread/TRACE] [FML]:   Registry: 517 minecraft:item.firecharge.use net.minecraft.util.SoundEvent@28f878a0
[01:00:25] [Server thread/TRACE] [FML]:   Registry: 518 minecraft:item.flintandsteel.use net.minecraft.util.SoundEvent@20411320
[01:00:25] [Server thread/TRACE] [FML]:   Registry: 519 minecraft:item.hoe.till net.minecraft.util.SoundEvent@2b5183ec
[01:00:25] [Server thread/TRACE] [FML]:   Registry: 520 minecraft:item.shield.block net.minecraft.util.SoundEvent@3c782d8e
[01:00:25] [Server thread/TRACE] [FML]:   Registry: 521 minecraft:item.shield.break net.minecraft.util.SoundEvent@572e6fd9
[01:00:25] [Server thread/TRACE] [FML]:   Registry: 522 minecraft:item.shovel.flatten net.minecraft.util.SoundEvent@7f5eae0f
[01:00:25] [Server thread/TRACE] [FML]:   Registry: 523 minecraft:item.totem.use net.minecraft.util.SoundEvent@58b71ceb
[01:00:25] [Server thread/TRACE] [FML]:   Registry: 524 minecraft:music.creative net.minecraft.util.SoundEvent@255e5e2e
[01:00:25] [Server thread/TRACE] [FML]:   Registry: 525 minecraft:music.credits net.minecraft.util.SoundEvent@12abdfb
[01:00:25] [Server thread/TRACE] [FML]:   Registry: 526 minecraft:music.dragon net.minecraft.util.SoundEvent@b0e5507
[01:00:25] [Server thread/TRACE] [FML]:   Registry: 527 minecraft:music.end net.minecraft.util.SoundEvent@6bbe50c9
[01:00:25] [Server thread/TRACE] [FML]:   Registry: 528 minecraft:music.game net.minecraft.util.SoundEvent@3c46dcbe
[01:00:25] [Server thread/TRACE] [FML]:   Registry: 529 minecraft:music.menu net.minecraft.util.SoundEvent@68577ba8
[01:00:25] [Server thread/TRACE] [FML]:   Registry: 530 minecraft:music.nether net.minecraft.util.SoundEvent@1108adc8
[01:00:25] [Server thread/TRACE] [FML]:   Registry: 531 minecraft:record.11 net.minecraft.util.SoundEvent@8a98f38
[01:00:25] [Server thread/TRACE] [FML]:   Registry: 532 minecraft:record.13 net.minecraft.util.SoundEvent@20011bf
[01:00:25] [Server thread/TRACE] [FML]:   Registry: 533 minecraft:record.blocks net.minecraft.util.SoundEvent@51d9b06c
[01:00:25] [Server thread/TRACE] [FML]:   Registry: 534 minecraft:record.cat net.minecraft.util.SoundEvent@5eb2172
[01:00:25] [Server thread/TRACE] [FML]:   Registry: 535 minecraft:record.chirp net.minecraft.util.SoundEvent@41ffaeb8
[01:00:25] [Server thread/TRACE] [FML]:   Registry: 536 minecraft:record.far net.minecraft.util.SoundEvent@43f0c2d1
[01:00:25] [Server thread/TRACE] [FML]:   Registry: 537 minecraft:record.mall net.minecraft.util.SoundEvent@5fb65013
[01:00:25] [Server thread/TRACE] [FML]:   Registry: 538 minecraft:record.mellohi net.minecraft.util.SoundEvent@38a1a26
[01:00:25] [Server thread/TRACE] [FML]:   Registry: 539 minecraft:record.stal net.minecraft.util.SoundEvent@3fbcfe81
[01:00:25] [Server thread/TRACE] [FML]:   Registry: 540 minecraft:record.strad net.minecraft.util.SoundEvent@7a1f45ed
[01:00:25] [Server thread/TRACE] [FML]:   Registry: 541 minecraft:record.wait net.minecraft.util.SoundEvent@1744a475
[01:00:25] [Server thread/TRACE] [FML]:   Registry: 542 minecraft:record.ward net.minecraft.util.SoundEvent@444cc791
[01:00:25] [Server thread/TRACE] [FML]:   Registry: 543 minecraft:ui.button.click net.minecraft.util.SoundEvent@1c5c616f
[01:00:25] [Server thread/TRACE] [FML]:   Registry: 544 minecraft:ui.toast.in net.minecraft.util.SoundEvent@1c6c6f24
[01:00:25] [Server thread/TRACE] [FML]:   Registry: 545 minecraft:ui.toast.out net.minecraft.util.SoundEvent@2eb917d0
[01:00:25] [Server thread/TRACE] [FML]:   Registry: 546 minecraft:ui.toast.challenge_complete net.minecraft.util.SoundEvent@c6b2dd9
[01:00:25] [Server thread/TRACE] [FML]:   Registry: 547 minecraft:weather.rain net.minecraft.util.SoundEvent@73437222
[01:00:25] [Server thread/TRACE] [FML]:   Registry: 548 minecraft:weather.rain.above net.minecraft.util.SoundEvent@ca93621
[01:00:25] [Server thread/TRACE] [FML]: Registry Name : minecraft:potiontypes
[01:00:25] [Server thread/TRACE] [FML]:   Registry: 0 minecraft:empty net.minecraft.potion.PotionType@cfd5cd2
[01:00:25] [Server thread/TRACE] [FML]:   Registry: 1 minecraft:water net.minecraft.potion.PotionType@762bf32d
[01:00:25] [Server thread/TRACE] [FML]:   Registry: 2 minecraft:mundane net.minecraft.potion.PotionType@6d7740f0
[01:00:25] [Server thread/TRACE] [FML]:   Registry: 3 minecraft:thick net.minecraft.potion.PotionType@7b1a30e5
[01:00:25] [Server thread/TRACE] [FML]:   Registry: 4 minecraft:awkward net.minecraft.potion.PotionType@1de7f898
[01:00:25] [Server thread/TRACE] [FML]:   Registry: 5 minecraft:night_vision net.minecraft.potion.PotionType@34fcd292
[01:00:25] [Server thread/TRACE] [FML]:   Registry: 6 minecraft:long_night_vision net.minecraft.potion.PotionType@63db743d
[01:00:25] [Server thread/TRACE] [FML]:   Registry: 7 minecraft:invisibility net.minecraft.potion.PotionType@496cedbb
[01:00:25] [Server thread/TRACE] [FML]:   Registry: 8 minecraft:long_invisibility net.minecraft.potion.PotionType@6b6def36
[01:00:25] [Server thread/TRACE] [FML]:   Registry: 9 minecraft:leaping net.minecraft.potion.PotionType@3957d88b
[01:00:25] [Server thread/TRACE] [FML]:   Registry: 10 minecraft:long_leaping net.minecraft.potion.PotionType@1152900
[01:00:25] [Server thread/TRACE] [FML]:   Registry: 11 minecraft:strong_leaping net.minecraft.potion.PotionType@2fba0dac
[01:00:25] [Server thread/TRACE] [FML]:   Registry: 12 minecraft:fire_resistance net.minecraft.potion.PotionType@2b2a4332
[01:00:25] [Server thread/TRACE] [FML]:   Registry: 13 minecraft:long_fire_resistance net.minecraft.potion.PotionType@2cbe455c
[01:00:25] [Server thread/TRACE] [FML]:   Registry: 14 minecraft:swiftness net.minecraft.potion.PotionType@4cb24e2
[01:00:25] [Server thread/TRACE] [FML]:   Registry: 15 minecraft:long_swiftness net.minecraft.potion.PotionType@7be38eba
[01:00:25] [Server thread/TRACE] [FML]:   Registry: 16 minecraft:strong_swiftness net.minecraft.potion.PotionType@2296127
[01:00:25] [Server thread/TRACE] [FML]:   Registry: 17 minecraft:slowness net.minecraft.potion.PotionType@5ce3409b
[01:00:25] [Server thread/TRACE] [FML]:   Registry: 18 minecraft:long_slowness net.minecraft.potion.PotionType@1d283d1
[01:00:25] [Server thread/TRACE] [FML]:   Registry: 19 minecraft:water_breathing net.minecraft.potion.PotionType@66234b0f
[01:00:25] [Server thread/TRACE] [FML]:   Registry: 20 minecraft:long_water_breathing net.minecraft.potion.PotionType@2fca3eb5
[01:00:25] [Server thread/TRACE] [FML]:   Registry: 21 minecraft:healing net.minecraft.potion.PotionType@69eb544f
[01:00:25] [Server thread/TRACE] [FML]:   Registry: 22 minecraft:strong_healing net.minecraft.potion.PotionType@7cb29ea8
[01:00:25] [Server thread/TRACE] [FML]:   Registry: 23 minecraft:harming net.minecraft.potion.PotionType@b5c902
[01:00:25] [Server thread/TRACE] [FML]:   Registry: 24 minecraft:strong_harming net.minecraft.potion.PotionType@7e747037
[01:00:25] [Server thread/TRACE] [FML]:   Registry: 25 minecraft:poison net.minecraft.potion.PotionType@4d0e1a9a
[01:00:25] [Server thread/TRACE] [FML]:   Registry: 26 minecraft:long_poison net.minecraft.potion.PotionType@25218a4d
[01:00:25] [Server thread/TRACE] [FML]:   Registry: 27 minecraft:strong_poison net.minecraft.potion.PotionType@bf2aa32
[01:00:25] [Server thread/TRACE] [FML]:   Registry: 28 minecraft:regeneration net.minecraft.potion.PotionType@56da96b3
[01:00:25] [Server thread/TRACE] [FML]:   Registry: 29 minecraft:long_regeneration net.minecraft.potion.PotionType@6b3d9c38
[01:00:25] [Server thread/TRACE] [FML]:   Registry: 30 minecraft:strong_regeneration net.minecraft.potion.PotionType@426710f0
[01:00:25] [Server thread/TRACE] [FML]:   Registry: 31 minecraft:strength net.minecraft.potion.PotionType@5c5a91b4
[01:00:25] [Server thread/TRACE] [FML]:   Registry: 32 minecraft:long_strength net.minecraft.potion.PotionType@5e37fb82
[01:00:25] [Server thread/TRACE] [FML]:   Registry: 33 minecraft:strong_strength net.minecraft.potion.PotionType@59ec7020
[01:00:25] [Server thread/TRACE] [FML]:   Registry: 34 minecraft:weakness net.minecraft.potion.PotionType@23f60b7d
[01:00:25] [Server thread/TRACE] [FML]:   Registry: 35 minecraft:long_weakness net.minecraft.potion.PotionType@2ba9f986
[01:00:25] [Server thread/TRACE] [FML]:   Registry: 36 minecraft:luck net.minecraft.potion.PotionType@4aa3fc9a
[01:00:25] [Server thread/TRACE] [FML]: Registry Name : minecraft:enchantments
[01:00:25] [Server thread/TRACE] [FML]:   Registry: 0 minecraft:protection net.minecraft.enchantment.EnchantmentProtection@63f9ddf9
[01:00:25] [Server thread/TRACE] [FML]:   Registry: 1 minecraft:fire_protection net.minecraft.enchantment.EnchantmentProtection@410fc508
[01:00:25] [Server thread/TRACE] [FML]:   Registry: 2 minecraft:feather_falling net.minecraft.enchantment.EnchantmentProtection@4e17442f
[01:00:25] [Server thread/TRACE] [FML]:   Registry: 3 minecraft:blast_protection net.minecraft.enchantment.EnchantmentProtection@4f5c30b1
[01:00:25] [Server thread/TRACE] [FML]:   Registry: 4 minecraft:projectile_protection net.minecraft.enchantment.EnchantmentProtection@62e73ab6
[01:00:25] [Server thread/TRACE] [FML]:   Registry: 5 minecraft:respiration net.minecraft.enchantment.EnchantmentOxygen@7caf1e5
[01:00:25] [Server thread/TRACE] [FML]:   Registry: 6 minecraft:aqua_affinity net.minecraft.enchantment.EnchantmentWaterWorker@38087342
[01:00:25] [Server thread/TRACE] [FML]:   Registry: 7 minecraft:thorns net.minecraft.enchantment.EnchantmentThorns@5a4464c5
[01:00:25] [Server thread/TRACE] [FML]:   Registry: 8 minecraft:depth_strider net.minecraft.enchantment.EnchantmentWaterWalker@4e974b9e
[01:00:25] [Server thread/TRACE] [FML]:   Registry: 9 minecraft:frost_walker net.minecraft.enchantment.EnchantmentFrostWalker@2a04ab05
[01:00:25] [Server thread/TRACE] [FML]:   Registry: 10 minecraft:binding_curse net.minecraft.enchantment.EnchantmentBindingCurse@2a5abd3c
[01:00:25] [Server thread/TRACE] [FML]:   Registry: 16 minecraft:sharpness net.minecraft.enchantment.EnchantmentDamage@4bce62b
[01:00:25] [Server thread/TRACE] [FML]:   Registry: 17 minecraft:smite net.minecraft.enchantment.EnchantmentDamage@7bf018dd
[01:00:25] [Server thread/TRACE] [FML]:   Registry: 18 minecraft:bane_of_arthropods net.minecraft.enchantment.EnchantmentDamage@15a8cebd
[01:00:25] [Server thread/TRACE] [FML]:   Registry: 19 minecraft:knockback net.minecraft.enchantment.EnchantmentKnockback@274fdea6
[01:00:25] [Server thread/TRACE] [FML]:   Registry: 20 minecraft:fire_aspect net.minecraft.enchantment.EnchantmentFireAspect@661e1399
[01:00:25] [Server thread/TRACE] [FML]:   Registry: 21 minecraft:looting net.minecraft.enchantment.EnchantmentLootBonus@2ad7bd26
[01:00:25] [Server thread/TRACE] [FML]:   Registry: 22 minecraft:sweeping net.minecraft.enchantment.EnchantmentSweepingEdge@53d30d23
[01:00:25] [Server thread/TRACE] [FML]:   Registry: 32 minecraft:efficiency net.minecraft.enchantment.EnchantmentDigging@1216eb3f
[01:00:25] [Server thread/TRACE] [FML]:   Registry: 33 minecraft:silk_touch net.minecraft.enchantment.EnchantmentUntouching@307af381
[01:00:25] [Server thread/TRACE] [FML]:   Registry: 34 minecraft:unbreaking net.minecraft.enchantment.EnchantmentDurability@633ddc0c
[01:00:25] [Server thread/TRACE] [FML]:   Registry: 35 minecraft:fortune net.minecraft.enchantment.EnchantmentLootBonus@4bcdd11
[01:00:25] [Server thread/TRACE] [FML]:   Registry: 48 minecraft:power net.minecraft.enchantment.EnchantmentArrowDamage@58c42c8c
[01:00:25] [Server thread/TRACE] [FML]:   Registry: 49 minecraft:punch net.minecraft.enchantment.EnchantmentArrowKnockback@54895681
[01:00:25] [Server thread/TRACE] [FML]:   Registry: 50 minecraft:flame net.minecraft.enchantment.EnchantmentArrowFire@1796b2d4
[01:00:25] [Server thread/TRACE] [FML]:   Registry: 51 minecraft:infinity net.minecraft.enchantment.EnchantmentArrowInfinite@5db0003d
[01:00:25] [Server thread/TRACE] [FML]:   Registry: 61 minecraft:luck_of_the_sea net.minecraft.enchantment.EnchantmentLootBonus@7f12094d
[01:00:25] [Server thread/TRACE] [FML]:   Registry: 62 minecraft:lure net.minecraft.enchantment.EnchantmentFishingSpeed@7de147e9
[01:00:25] [Server thread/TRACE] [FML]:   Registry: 70 minecraft:mending net.minecraft.enchantment.EnchantmentMending@7f42b194
[01:00:25] [Server thread/TRACE] [FML]:   Registry: 71 minecraft:vanishing_curse net.minecraft.enchantment.EnchantmentVanishingCurse@2a8f8555
[01:00:25] [Server thread/TRACE] [FML]: Registry Name : minecraft:recipes
[01:00:25] [Server thread/TRACE] [FML]:   Registry: 0 minecraft:armordye net.minecraft.item.crafting.RecipesArmorDyes@3212bfd
[01:00:25] [Server thread/TRACE] [FML]:   Registry: 1 minecraft:bookcloning net.minecraft.item.crafting.RecipeBookCloning@1d1cfe4
[01:00:25] [Server thread/TRACE] [FML]:   Registry: 2 minecraft:mapcloning net.minecraft.item.crafting.RecipesMapCloning@4d8056bf
[01:00:25] [Server thread/TRACE] [FML]:   Registry: 3 minecraft:mapextending net.minecraft.item.crafting.RecipesMapExtending@20be890d
[01:00:25] [Server thread/TRACE] [FML]:   Registry: 4 minecraft:fireworks net.minecraft.item.crafting.RecipeFireworks@6c421123
[01:00:25] [Server thread/TRACE] [FML]:   Registry: 5 minecraft:repairitem net.minecraft.item.crafting.RecipeRepairItem@425b5fe2
[01:00:25] [Server thread/TRACE] [FML]:   Registry: 6 minecraft:tippedarrow net.minecraft.item.crafting.RecipeTippedArrow@343db2f6
[01:00:25] [Server thread/TRACE] [FML]:   Registry: 7 minecraft:bannerduplicate net.minecraft.item.crafting.RecipesBanners$RecipeDuplicatePattern@dae5e0
[01:00:25] [Server thread/TRACE] [FML]:   Registry: 8 minecraft:banneraddpattern net.minecraft.item.crafting.RecipesBanners$RecipeAddPattern@517fbf62
[01:00:25] [Server thread/TRACE] [FML]:   Registry: 9 minecraft:shielddecoration net.minecraft.item.crafting.ShieldRecipes$Decoration@6e364f1f
[01:00:25] [Server thread/TRACE] [FML]:   Registry: 10 minecraft:shulkerboxcoloring net.minecraft.item.crafting.ShulkerBoxRecipes$ShulkerBoxColoring@466fedfa
[01:00:25] [Server thread/TRACE] [FML]:   Registry: 11 minecraft:yellow_wool net.minecraft.item.crafting.ShapelessRecipes@2d801d8
[01:00:25] [Server thread/TRACE] [FML]:   Registry: 12 minecraft:yellow_stained_hardened_clay net.minecraft.item.crafting.ShapedRecipes@3c6bd624
[01:00:25] [Server thread/TRACE] [FML]:   Registry: 13 minecraft:yellow_stained_glass_pane net.minecraft.item.crafting.ShapedRecipes@3dd2b9c1
[01:00:25] [Server thread/TRACE] [FML]:   Registry: 14 minecraft:yellow_stained_glass net.minecraft.item.crafting.ShapedRecipes@72f3f14c
[01:00:25] [Server thread/TRACE] [FML]:   Registry: 15 minecraft:yellow_dye_from_sunflower net.minecraft.item.crafting.ShapelessRecipes@2c2a7d53
[01:00:25] [Server thread/TRACE] [FML]:   Registry: 16 minecraft:yellow_dye_from_dandelion net.minecraft.item.crafting.ShapelessRecipes@57b1ec84
[01:00:25] [Server thread/TRACE] [FML]:   Registry: 17 minecraft:yellow_concrete_powder net.minecraft.item.crafting.ShapelessRecipes@15f519f7
[01:00:25] [Server thread/TRACE] [FML]:   Registry: 18 minecraft:yellow_carpet net.minecraft.item.crafting.ShapedRecipes@2c2a903f
[01:00:25] [Server thread/TRACE] [FML]:   Registry: 19 minecraft:yellow_bed_from_white_bed net.minecraft.item.crafting.ShapelessRecipes@70485aa
[01:00:25] [Server thread/TRACE] [FML]:   Registry: 20 minecraft:yellow_bed net.minecraft.item.crafting.ShapedRecipes@399f5daf
[01:00:25] [Server thread/TRACE] [FML]:   Registry: 21 minecraft:yellow_banner net.minecraft.item.crafting.ShapedRecipes@118fbaf0
[01:00:25] [Server thread/TRACE] [FML]:   Registry: 22 minecraft:writable_book net.minecraft.item.crafting.ShapelessRecipes@38054d01
[01:00:25] [Server thread/TRACE] [FML]:   Registry: 23 minecraft:wooden_sword net.minecraft.item.crafting.ShapedRecipes@401926df
[01:00:25] [Server thread/TRACE] [FML]:   Registry: 24 minecraft:wooden_shovel net.minecraft.item.crafting.ShapedRecipes@271e851e
[01:00:25] [Server thread/TRACE] [FML]:   Registry: 25 minecraft:wooden_pressure_plate net.minecraft.item.crafting.ShapedRecipes@6253e59a
[01:00:25] [Server thread/TRACE] [FML]:   Registry: 26 minecraft:wooden_pickaxe net.minecraft.item.crafting.ShapedRecipes@7752c0e7
[01:00:25] [Server thread/TRACE] [FML]:   Registry: 27 minecraft:wooden_hoe net.minecraft.item.crafting.ShapedRecipes@5368e981
[01:00:25] [Server thread/TRACE] [FML]:   Registry: 28 minecraft:wooden_door net.minecraft.item.crafting.ShapedRecipes@4cd7e993
[01:00:25] [Server thread/TRACE] [FML]:   Registry: 29 minecraft:wooden_button net.minecraft.item.crafting.ShapedRecipes@3de56885
[01:00:25] [Server thread/TRACE] [FML]:   Registry: 30 minecraft:wooden_axe net.minecraft.item.crafting.ShapedRecipes@254e9709
[01:00:25] [Server thread/TRACE] [FML]:   Registry: 31 minecraft:white_stained_hardened_clay net.minecraft.item.crafting.ShapedRecipes@b0d3e7
[01:00:25] [Server thread/TRACE] [FML]:   Registry: 32 minecraft:white_stained_glass_pane net.minecraft.item.crafting.ShapedRecipes@1a89414e
[01:00:25] [Server thread/TRACE] [FML]:   Registry: 33 minecraft:white_stained_glass net.minecraft.item.crafting.ShapedRecipes@71fb8301
[01:00:25] [Server thread/TRACE] [FML]:   Registry: 34 minecraft:white_concrete_powder net.minecraft.item.crafting.ShapelessRecipes@485c84d7
[01:00:25] [Server thread/TRACE] [FML]:   Registry: 35 minecraft:white_carpet net.minecraft.item.crafting.ShapedRecipes@632c3f55
[01:00:25] [Server thread/TRACE] [FML]:   Registry: 36 minecraft:white_bed net.minecraft.item.crafting.ShapedRecipes@7440265c
[01:00:25] [Server thread/TRACE] [FML]:   Registry: 37 minecraft:white_banner net.minecraft.item.crafting.ShapedRecipes@aa0dbca
[01:00:25] [Server thread/TRACE] [FML]:   Registry: 38 minecraft:wheat net.minecraft.item.crafting.ShapedRecipes@3de8f85c
[01:00:25] [Server thread/TRACE] [FML]:   Registry: 39 minecraft:tripwire_hook net.minecraft.item.crafting.ShapedRecipes@749d7c01
[01:00:25] [Server thread/TRACE] [FML]:   Registry: 40 minecraft:trapped_chest net.minecraft.item.crafting.ShapelessRecipes@d76099a
[01:00:25] [Server thread/TRACE] [FML]:   Registry: 41 minecraft:trapdoor net.minecraft.item.crafting.ShapedRecipes@750e2d33
[01:00:25] [Server thread/TRACE] [FML]:   Registry: 42 minecraft:torch net.minecraft.item.crafting.ShapedRecipes@61c87f1b
[01:00:25] [Server thread/TRACE] [FML]:   Registry: 43 minecraft:tnt_minecart net.minecraft.item.crafting.ShapedRecipes@70a24f9
[01:00:25] [Server thread/TRACE] [FML]:   Registry: 44 minecraft:tnt net.minecraft.item.crafting.ShapedRecipes@36cfe107
[01:00:25] [Server thread/TRACE] [FML]:   Registry: 45 minecraft:sugar net.minecraft.item.crafting.ShapedRecipes@51b51641
[01:00:25] [Server thread/TRACE] [FML]:   Registry: 46 minecraft:string_to_wool net.minecraft.item.crafting.ShapedRecipes@6a6e9289
[01:00:25] [Server thread/TRACE] [FML]:   Registry: 47 minecraft:stonebrick net.minecraft.item.crafting.ShapedRecipes@687b0ddc
[01:00:25] [Server thread/TRACE] [FML]:   Registry: 48 minecraft:stone_sword net.minecraft.item.crafting.ShapedRecipes@52f43225
[01:00:25] [Server thread/TRACE] [FML]:   Registry: 49 minecraft:stone_stairs net.minecraft.item.crafting.ShapedRecipes@393ae7a0
[01:00:25] [Server thread/TRACE] [FML]:   Registry: 50 minecraft:stone_slab net.minecraft.item.crafting.ShapedRecipes@7ee12d58
[01:00:25] [Server thread/TRACE] [FML]:   Registry: 51 minecraft:stone_shovel net.minecraft.item.crafting.ShapedRecipes@2d5ae78e
[01:00:25] [Server thread/TRACE] [FML]:   Registry: 52 minecraft:stone_pressure_plate net.minecraft.item.crafting.ShapedRecipes@4f7bb8df
[01:00:25] [Server thread/TRACE] [FML]:   Registry: 53 minecraft:stone_pickaxe net.minecraft.item.crafting.ShapedRecipes@350567f1
[01:00:25] [Server thread/TRACE] [FML]:   Registry: 54 minecraft:stone_hoe net.minecraft.item.crafting.ShapedRecipes@28b5662d
[01:00:25] [Server thread/TRACE] [FML]:   Registry: 55 minecraft:stone_button net.minecraft.item.crafting.ShapedRecipes@f76872f
[01:00:25] [Server thread/TRACE] [FML]:   Registry: 56 minecraft:stone_brick_stairs net.minecraft.item.crafting.ShapedRecipes@3a6556b6
[01:00:25] [Server thread/TRACE] [FML]:   Registry: 57 minecraft:stone_brick_slab net.minecraft.item.crafting.ShapedRecipes@7f2ca6f8
[01:00:25] [Server thread/TRACE] [FML]:   Registry: 58 minecraft:stone_axe net.minecraft.item.crafting.ShapedRecipes@5fe5c68b
[01:00:25] [Server thread/TRACE] [FML]:   Registry: 59 minecraft:sticky_piston net.minecraft.item.crafting.ShapedRecipes@38dbeb39
[01:00:25] [Server thread/TRACE] [FML]:   Registry: 60 minecraft:stick net.minecraft.item.crafting.ShapedRecipes@402a69f
[01:00:25] [Server thread/TRACE] [FML]:   Registry: 61 minecraft:spruce_wooden_slab net.minecraft.item.crafting.ShapedRecipes@48106381
[01:00:25] [Server thread/TRACE] [FML]:   Registry: 62 minecraft:spruce_stairs net.minecraft.item.crafting.ShapedRecipes@87aec6a
[01:00:25] [Server thread/TRACE] [FML]:   Registry: 63 minecraft:spruce_planks net.minecraft.item.crafting.ShapedRecipes@336e3be2
[01:00:25] [Server thread/TRACE] [FML]:   Registry: 64 minecraft:spruce_fence_gate net.minecraft.item.crafting.ShapedRecipes@51a719e7
[01:00:25] [Server thread/TRACE] [FML]:   Registry: 65 minecraft:spruce_fence net.minecraft.item.crafting.ShapedRecipes@152e7703
[01:00:25] [Server thread/TRACE] [FML]:   Registry: 66 minecraft:spruce_door net.minecraft.item.crafting.ShapedRecipes@1e6d30c0
[01:00:25] [Server thread/TRACE] [FML]:   Registry: 67 minecraft:spruce_boat net.minecraft.item.crafting.ShapedRecipes@8f4b803
[01:00:25] [Server thread/TRACE] [FML]:   Registry: 68 minecraft:spectral_arrow net.minecraft.item.crafting.ShapedRecipes@7ab1ad9
[01:00:25] [Server thread/TRACE] [FML]:   Registry: 69 minecraft:speckled_melon net.minecraft.item.crafting.ShapedRecipes@95cecc5
[01:00:25] [Server thread/TRACE] [FML]:   Registry: 70 minecraft:snow_layer net.minecraft.item.crafting.ShapedRecipes@6cc8da1c
[01:00:25] [Server thread/TRACE] [FML]:   Registry: 71 minecraft:snow net.minecraft.item.crafting.ShapedRecipes@4d2f9e3c
[01:00:25] [Server thread/TRACE] [FML]:   Registry: 72 minecraft:smooth_sandstone net.minecraft.item.crafting.ShapedRecipes@5501d1c8
[01:00:25] [Server thread/TRACE] [FML]:   Registry: 73 minecraft:smooth_red_sandstone net.minecraft.item.crafting.ShapedRecipes@371cd2fc
[01:00:25] [Server thread/TRACE] [FML]:   Registry: 74 minecraft:slime_ball net.minecraft.item.crafting.ShapedRecipes@478530cb
[01:00:25] [Server thread/TRACE] [FML]:   Registry: 75 minecraft:slime net.minecraft.item.crafting.ShapedRecipes@40a8a26f
[01:00:25] [Server thread/TRACE] [FML]:   Registry: 76 minecraft:sign net.minecraft.item.crafting.ShapedRecipes@2c0dca15
[01:00:25] [Server thread/TRACE] [FML]:   Registry: 77 minecraft:shield net.minecraft.item.crafting.ShapedRecipes@312f3050
[01:00:25] [Server thread/TRACE] [FML]:   Registry: 78 minecraft:shears net.minecraft.item.crafting.ShapedRecipes@1242d96b
[01:00:25] [Server thread/TRACE] [FML]:   Registry: 79 minecraft:sea_lantern net.minecraft.item.crafting.ShapedRecipes@76db9048
[01:00:25] [Server thread/TRACE] [FML]:   Registry: 80 minecraft:sandstone_stairs net.minecraft.item.crafting.ShapedRecipes@123ca460
[01:00:25] [Server thread/TRACE] [FML]:   Registry: 81 minecraft:sandstone_slab net.minecraft.item.crafting.ShapedRecipes@31e7afde
[01:00:25] [Server thread/TRACE] [FML]:   Registry: 82 minecraft:sandstone net.minecraft.item.crafting.ShapedRecipes@308a9264
[01:00:25] [Server thread/TRACE] [FML]:   Registry: 83 minecraft:repeater net.minecraft.item.crafting.ShapedRecipes@1958c0d9
[01:00:25] [Server thread/TRACE] [FML]:   Registry: 84 minecraft:redstone_torch net.minecraft.item.crafting.ShapedRecipes@20a47036
[01:00:25] [Server thread/TRACE] [FML]:   Registry: 85 minecraft:redstone_lamp net.minecraft.item.crafting.ShapedRecipes@46894dc5
[01:00:25] [Server thread/TRACE] [FML]:   Registry: 86 minecraft:redstone_block net.minecraft.item.crafting.ShapedRecipes@61993d18
[01:00:25] [Server thread/TRACE] [FML]:   Registry: 87 minecraft:redstone net.minecraft.item.crafting.ShapedRecipes@16e07bae
[01:00:25] [Server thread/TRACE] [FML]:   Registry: 88 minecraft:red_wool net.minecraft.item.crafting.ShapelessRecipes@57f2e67
[01:00:25] [Server thread/TRACE] [FML]:   Registry: 89 minecraft:red_stained_hardened_clay net.minecraft.item.crafting.ShapedRecipes@26f5e45d
[01:00:25] [Server thread/TRACE] [FML]:   Registry: 90 minecraft:red_stained_glass_pane net.minecraft.item.crafting.ShapedRecipes@55c03e4
[01:00:25] [Server thread/TRACE] [FML]:   Registry: 91 minecraft:red_stained_glass net.minecraft.item.crafting.ShapedRecipes@710afd47
[01:00:25] [Server thread/TRACE] [FML]:   Registry: 92 minecraft:red_sandstone_stairs net.minecraft.item.crafting.ShapedRecipes@1488a861
[01:00:25] [Server thread/TRACE] [FML]:   Registry: 93 minecraft:red_sandstone_slab net.minecraft.item.crafting.ShapedRecipes@43fd77d8
[01:00:25] [Server thread/TRACE] [FML]:   Registry: 94 minecraft:red_sandstone net.minecraft.item.crafting.ShapedRecipes@1ad1be5d
[01:00:25] [Server thread/TRACE] [FML]:   Registry: 95 minecraft:red_nether_brick net.minecraft.item.crafting.ShapedRecipes@b77b0a0
[01:00:25] [Server thread/TRACE] [FML]:   Registry: 96 minecraft:red_dye_from_tulip net.minecraft.item.crafting.ShapelessRecipes@3a70575
[01:00:25] [Server thread/TRACE] [FML]:   Registry: 97 minecraft:red_dye_from_rose_bush net.minecraft.item.crafting.ShapelessRecipes@13dd7887
[01:00:25] [Server thread/TRACE] [FML]:   Registry: 98 minecraft:red_dye_from_poppy net.minecraft.item.crafting.ShapelessRecipes@3cbfdf5c
[01:00:25] [Server thread/TRACE] [FML]:   Registry: 99 minecraft:red_dye_from_beetroot net.minecraft.item.crafting.ShapelessRecipes@63814bbe
[01:00:25] [Server thread/TRACE] [FML]:   Registry: 100 minecraft:red_concrete_powder net.minecraft.item.crafting.ShapelessRecipes@67ceeffd
[01:00:25] [Server thread/TRACE] [FML]:   Registry: 101 minecraft:red_carpet net.minecraft.item.crafting.ShapedRecipes@1e5aacd9
[01:00:25] [Server thread/TRACE] [FML]:   Registry: 102 minecraft:red_bed_from_white_bed net.minecraft.item.crafting.ShapelessRecipes@6cc8adff
[01:00:25] [Server thread/TRACE] [FML]:   Registry: 103 minecraft:red_bed net.minecraft.item.crafting.ShapedRecipes@2c668c2a
[01:00:25] [Server thread/TRACE] [FML]:   Registry: 104 minecraft:red_banner net.minecraft.item.crafting.ShapedRecipes@2e159116
[01:00:25] [Server thread/TRACE] [FML]:   Registry: 105 minecraft:rail net.minecraft.item.crafting.ShapedRecipes@1de08775
[01:00:25] [Server thread/TRACE] [FML]:   Registry: 106 minecraft:rabbit_stew_from_red_mushroom net.minecraft.item.crafting.ShapedRecipes@3bf5911d
[01:00:25] [Server thread/TRACE] [FML]:   Registry: 107 minecraft:rabbit_stew_from_brown_mushroom net.minecraft.item.crafting.ShapedRecipes@69a90b81
[01:00:25] [Server thread/TRACE] [FML]:   Registry: 108 minecraft:quartz_stairs net.minecraft.item.crafting.ShapedRecipes@17136390
[01:00:25] [Server thread/TRACE] [FML]:   Registry: 109 minecraft:quartz_slab net.minecraft.item.crafting.ShapedRecipes@a120b9
[01:00:25] [Server thread/TRACE] [FML]:   Registry: 110 minecraft:quartz_block net.minecraft.item.crafting.ShapedRecipes@2804b13f
[01:00:25] [Server thread/TRACE] [FML]:   Registry: 111 minecraft:purpur_stairs net.minecraft.item.crafting.ShapedRecipes@69499c6f
[01:00:25] [Server thread/TRACE] [FML]:   Registry: 112 minecraft:purpur_slab net.minecraft.item.crafting.ShapedRecipes@15cee630
[01:00:25] [Server thread/TRACE] [FML]:   Registry: 113 minecraft:purpur_pillar net.minecraft.item.crafting.ShapedRecipes@7b79ff1c
[01:00:25] [Server thread/TRACE] [FML]:   Registry: 114 minecraft:purpur_block net.minecraft.item.crafting.ShapedRecipes@17003497
[01:00:25] [Server thread/TRACE] [FML]:   Registry: 115 minecraft:purple_wool net.minecraft.item.crafting.ShapelessRecipes@1c43df76
[01:00:25] [Server thread/TRACE] [FML]:   Registry: 116 minecraft:purple_stained_hardened_clay net.minecraft.item.crafting.ShapedRecipes@14dbfdb1
[01:00:25] [Server thread/TRACE] [FML]:   Registry: 117 minecraft:purple_stained_glass_pane net.minecraft.item.crafting.ShapedRecipes@67f591c2
[01:00:25] [Server thread/TRACE] [FML]:   Registry: 118 minecraft:purple_stained_glass net.minecraft.item.crafting.ShapedRecipes@1b8d20e6
[01:00:25] [Server thread/TRACE] [FML]:   Registry: 119 minecraft:purple_shulker_box net.minecraft.item.crafting.ShapedRecipes@1a4930cf
[01:00:25] [Server thread/TRACE] [FML]:   Registry: 120 minecraft:purple_dye net.minecraft.item.crafting.ShapelessRecipes@7c956dda
[01:00:25] [Server thread/TRACE] [FML]:   Registry: 121 minecraft:purple_concrete_powder net.minecraft.item.crafting.ShapelessRecipes@225e09f0
[01:00:25] [Server thread/TRACE] [FML]:   Registry: 122 minecraft:purple_carpet net.minecraft.item.crafting.ShapedRecipes@6e3b2dd3
[01:00:25] [Server thread/TRACE] [FML]:   Registry: 123 minecraft:purple_bed_from_white_bed net.minecraft.item.crafting.ShapelessRecipes@279c4e3b
[01:00:25] [Server thread/TRACE] [FML]:   Registry: 124 minecraft:purple_bed net.minecraft.item.crafting.ShapedRecipes@3caf5c96
[01:00:25] [Server thread/TRACE] [FML]:   Registry: 125 minecraft:purple_banner net.minecraft.item.crafting.ShapedRecipes@7aa3857b
[01:00:25] [Server thread/TRACE] [FML]:   Registry: 126 minecraft:pumpkin_seeds net.minecraft.item.crafting.ShapedRecipes@1d2046bb
[01:00:25] [Server thread/TRACE] [FML]:   Registry: 127 minecraft:pumpkin_pie net.minecraft.item.crafting.ShapelessRecipes@7769d9b6
[01:00:25] [Server thread/TRACE] [FML]:   Registry: 128 minecraft:prismarine_bricks net.minecraft.item.crafting.ShapedRecipes@5af38a4a
[01:00:25] [Server thread/TRACE] [FML]:   Registry: 129 minecraft:prismarine net.minecraft.item.crafting.ShapedRecipes@1be77a76
[01:00:25] [Server thread/TRACE] [FML]:   Registry: 130 minecraft:polished_granite net.minecraft.item.crafting.ShapedRecipes@563263a
[01:00:25] [Server thread/TRACE] [FML]:   Registry: 131 minecraft:polished_diorite net.minecraft.item.crafting.ShapedRecipes@69ba72da
[01:00:25] [Server thread/TRACE] [FML]:   Registry: 132 minecraft:polished_andesite net.minecraft.item.crafting.ShapedRecipes@63c84d31
[01:00:25] [Server thread/TRACE] [FML]:   Registry: 133 minecraft:piston net.minecraft.item.crafting.ShapedRecipes@9f2376f
[01:00:25] [Server thread/TRACE] [FML]:   Registry: 134 minecraft:pink_wool net.minecraft.item.crafting.ShapelessRecipes@6f68756d
[01:00:25] [Server thread/TRACE] [FML]:   Registry: 135 minecraft:pink_stained_hardened_clay net.minecraft.item.crafting.ShapedRecipes@7ffcb232
[01:00:25] [Server thread/TRACE] [FML]:   Registry: 136 minecraft:pink_stained_glass_pane net.minecraft.item.crafting.ShapedRecipes@37cf91d8
[01:00:25] [Server thread/TRACE] [FML]:   Registry: 137 minecraft:pink_stained_glass net.minecraft.item.crafting.ShapedRecipes@4b09d1c3
[01:00:25] [Server thread/TRACE] [FML]:   Registry: 138 minecraft:pink_dye_from_red_bonemeal net.minecraft.item.crafting.ShapelessRecipes@165aa43a
[01:00:25] [Server thread/TRACE] [FML]:   Registry: 139 minecraft:pink_dye_from_pink_tulip net.minecraft.item.crafting.ShapelessRecipes@76134b9b
[01:00:25] [Server thread/TRACE] [FML]:   Registry: 140 minecraft:pink_dye_from_peony net.minecraft.item.crafting.ShapelessRecipes@7d126083
[01:00:25] [Server thread/TRACE] [FML]:   Registry: 141 minecraft:pink_concrete_powder net.minecraft.item.crafting.ShapelessRecipes@340c57e0
[01:00:25] [Server thread/TRACE] [FML]:   Registry: 142 minecraft:pink_carpet net.minecraft.item.crafting.ShapedRecipes@4ca970d5
[01:00:25] [Server thread/TRACE] [FML]:   Registry: 143 minecraft:pink_bed_from_white_bed net.minecraft.item.crafting.ShapelessRecipes@5b1ff8cd
[01:00:25] [Server thread/TRACE] [FML]:   Registry: 144 minecraft:pink_bed net.minecraft.item.crafting.ShapedRecipes@10a0d93a
[01:00:25] [Server thread/TRACE] [FML]:   Registry: 145 minecraft:pink_banner net.minecraft.item.crafting.ShapedRecipes@3a4f8e8a
[01:00:25] [Server thread/TRACE] [FML]:   Registry: 146 minecraft:pillar_quartz_block net.minecraft.item.crafting.ShapedRecipes@6fd7aba8
[01:00:25] [Server thread/TRACE] [FML]:   Registry: 147 minecraft:paper net.minecraft.item.crafting.ShapedRecipes@1530d0f2
[01:00:25] [Server thread/TRACE] [FML]:   Registry: 148 minecraft:painting net.minecraft.item.crafting.ShapedRecipes@97b5e6a
[01:00:25] [Server thread/TRACE] [FML]:   Registry: 149 minecraft:orange_wool net.minecraft.item.crafting.ShapelessRecipes@2df71be0
[01:00:25] [Server thread/TRACE] [FML]:   Registry: 150 minecraft:orange_stained_hardened_clay net.minecraft.item.crafting.ShapedRecipes@3a54638b
[01:00:25] [Server thread/TRACE] [FML]:   Registry: 151 minecraft:orange_stained_glass_pane net.minecraft.item.crafting.ShapedRecipes@1884e671
[01:00:25] [Server thread/TRACE] [FML]:   Registry: 152 minecraft:orange_stained_glass net.minecraft.item.crafting.ShapedRecipes@1dbff71c
[01:00:25] [Server thread/TRACE] [FML]:   Registry: 153 minecraft:orange_dye_from_red_yellow net.minecraft.item.crafting.ShapelessRecipes@7cdc4070
[01:00:25] [Server thread/TRACE] [FML]:   Registry: 154 minecraft:orange_dye_from_orange_tulip net.minecraft.item.crafting.ShapelessRecipes@1218e12
[01:00:25] [Server thread/TRACE] [FML]:   Registry: 155 minecraft:orange_concrete_powder net.minecraft.item.crafting.ShapelessRecipes@27dfd12b
[01:00:25] [Server thread/TRACE] [FML]:   Registry: 156 minecraft:orange_carpet net.minecraft.item.crafting.ShapedRecipes@61c4cebd
[01:00:25] [Server thread/TRACE] [FML]:   Registry: 157 minecraft:orange_bed_from_white_bed net.minecraft.item.crafting.ShapelessRecipes@7b3c2ae0
[01:00:25] [Server thread/TRACE] [FML]:   Registry: 158 minecraft:orange_bed net.minecraft.item.crafting.ShapedRecipes@32f308c6
[01:00:25] [Server thread/TRACE] [FML]:   Registry: 159 minecraft:orange_banner net.minecraft.item.crafting.ShapedRecipes@6630dd28
[01:00:25] [Server thread/TRACE] [FML]:   Registry: 160 minecraft:observer net.minecraft.item.crafting.ShapedRecipes@70022d44
[01:00:25] [Server thread/TRACE] [FML]:   Registry: 161 minecraft:oak_wooden_slab net.minecraft.item.crafting.ShapedRecipes@445058e8
[01:00:25] [Server thread/TRACE] [FML]:   Registry: 162 minecraft:oak_stairs net.minecraft.item.crafting.ShapedRecipes@70d687b8
[01:00:25] [Server thread/TRACE] [FML]:   Registry: 163 minecraft:oak_planks net.minecraft.item.crafting.ShapedRecipes@459bf87c
[01:00:25] [Server thread/TRACE] [FML]:   Registry: 164 minecraft:noteblock net.minecraft.item.crafting.ShapedRecipes@4ab455e2
[01:00:25] [Server thread/TRACE] [FML]:   Registry: 165 minecraft:nether_wart_block net.minecraft.item.crafting.ShapedRecipes@4a4ff5ed
[01:00:25] [Server thread/TRACE] [FML]:   Registry: 166 minecraft:nether_brick_stairs net.minecraft.item.crafting.ShapedRecipes@39acd1f1
[01:00:25] [Server thread/TRACE] [FML]:   Registry: 167 minecraft:nether_brick_slab net.minecraft.item.crafting.ShapedRecipes@51743cc0
[01:00:25] [Server thread/TRACE] [FML]:   Registry: 168 minecraft:nether_brick_fence net.minecraft.item.crafting.ShapedRecipes@3a72e2e8
[01:00:25] [Server thread/TRACE] [FML]:   Registry: 169 minecraft:nether_brick net.minecraft.item.crafting.ShapedRecipes@6a278584
[01:00:25] [Server thread/TRACE] [FML]:   Registry: 170 minecraft:mushroom_stew net.minecraft.item.crafting.ShapelessRecipes@e36bc01
[01:00:25] [Server thread/TRACE] [FML]:   Registry: 171 minecraft:mossy_stonebrick net.minecraft.item.crafting.ShapelessRecipes@67a6a2d0
[01:00:25] [Server thread/TRACE] [FML]:   Registry: 172 minecraft:mossy_cobblestone_wall net.minecraft.item.crafting.ShapedRecipes@4b360972
[01:00:25] [Server thread/TRACE] [FML]:   Registry: 173 minecraft:mossy_cobblestone net.minecraft.item.crafting.ShapelessRecipes@592cb470
[01:00:25] [Server thread/TRACE] [FML]:   Registry: 174 minecraft:minecart net.minecraft.item.crafting.ShapedRecipes@6e090aaa
[01:00:25] [Server thread/TRACE] [FML]:   Registry: 175 minecraft:melon_seeds net.minecraft.item.crafting.ShapedRecipes@22ae32ba
[01:00:25] [Server thread/TRACE] [FML]:   Registry: 176 minecraft:melon_block net.minecraft.item.crafting.ShapedRecipes@5fa5c8cf
[01:00:25] [Server thread/TRACE] [FML]:   Registry: 177 minecraft:map net.minecraft.item.crafting.ShapedRecipes@6c66ddab
[01:00:25] [Server thread/TRACE] [FML]:   Registry: 178 minecraft:magma_cream net.minecraft.item.crafting.ShapelessRecipes@43423d40
[01:00:25] [Server thread/TRACE] [FML]:   Registry: 179 minecraft:magma net.minecraft.item.crafting.ShapedRecipes@5fb44964
[01:00:25] [Server thread/TRACE] [FML]:   Registry: 180 minecraft:magenta_wool net.minecraft.item.crafting.ShapelessRecipes@6a902015
[01:00:25] [Server thread/TRACE] [FML]:   Registry: 181 minecraft:magenta_stained_hardened_clay net.minecraft.item.crafting.ShapedRecipes@4eb1943b
[01:00:25] [Server thread/TRACE] [FML]:   Registry: 182 minecraft:magenta_stained_glass_pane net.minecraft.item.crafting.ShapedRecipes@3f4a605f
[01:00:25] [Server thread/TRACE] [FML]:   Registry: 183 minecraft:magenta_stained_glass net.minecraft.item.crafting.ShapedRecipes@2dd8a273
[01:00:25] [Server thread/TRACE] [FML]:   Registry: 184 minecraft:magenta_dye_from_purple_and_pink net.minecraft.item.crafting.ShapelessRecipes@19ec5357
[01:00:25] [Server thread/TRACE] [FML]:   Registry: 185 minecraft:magenta_dye_from_lilac net.minecraft.item.crafting.ShapelessRecipes@39dda56f
[01:00:25] [Server thread/TRACE] [FML]:   Registry: 186 minecraft:magenta_dye_from_lapis_red_pink net.minecraft.item.crafting.ShapelessRecipes@77856cc5
[01:00:25] [Server thread/TRACE] [FML]:   Registry: 187 minecraft:magenta_dye_from_lapis_ink_bonemeal net.minecraft.item.crafting.ShapelessRecipes@23c05889
[01:00:25] [Server thread/TRACE] [FML]:   Registry: 188 minecraft:magenta_dye_from_allium net.minecraft.item.crafting.ShapelessRecipes@aee05f4
[01:00:25] [Server thread/TRACE] [FML]:   Registry: 189 minecraft:magenta_concrete_powder net.minecraft.item.crafting.ShapelessRecipes@661db63e
[01:00:25] [Server thread/TRACE] [FML]:   Registry: 190 minecraft:magenta_carpet net.minecraft.item.crafting.ShapedRecipes@60a4e619
[01:00:25] [Server thread/TRACE] [FML]:   Registry: 191 minecraft:magenta_bed_from_white_bed net.minecraft.item.crafting.ShapelessRecipes@11c3ce6a
[01:00:25] [Server thread/TRACE] [FML]:   Registry: 192 minecraft:magenta_bed net.minecraft.item.crafting.ShapedRecipes@dbc7e0a
[01:00:25] [Server thread/TRACE] [FML]:   Registry: 193 minecraft:magenta_banner net.minecraft.item.crafting.ShapedRecipes@66a472b9
[01:00:25] [Server thread/TRACE] [FML]:   Registry: 194 minecraft:lit_pumpkin net.minecraft.item.crafting.ShapedRecipes@4d065e1a
[01:00:25] [Server thread/TRACE] [FML]:   Registry: 195 minecraft:lime_wool net.minecraft.item.crafting.ShapelessRecipes@7ba1cdbe
[01:00:25] [Server thread/TRACE] [FML]:   Registry: 196 minecraft:lime_stained_hardened_clay net.minecraft.item.crafting.ShapedRecipes@6febec41
[01:00:25] [Server thread/TRACE] [FML]:   Registry: 197 minecraft:lime_stained_glass_pane net.minecraft.item.crafting.ShapedRecipes@3722f39d
[01:00:25] [Server thread/TRACE] [FML]:   Registry: 198 minecraft:lime_stained_glass net.minecraft.item.crafting.ShapedRecipes@2493eec6
[01:00:25] [Server thread/TRACE] [FML]:   Registry: 199 minecraft:lime_dye net.minecraft.item.crafting.ShapelessRecipes@65d90b7f
[01:00:25] [Server thread/TRACE] [FML]:   Registry: 200 minecraft:lime_concrete_powder net.minecraft.item.crafting.ShapelessRecipes@7c0e4e4e
[01:00:25] [Server thread/TRACE] [FML]:   Registry: 201 minecraft:lime_carpet net.minecraft.item.crafting.ShapedRecipes@3bcc8f13
[01:00:25] [Server thread/TRACE] [FML]:   Registry: 202 minecraft:lime_bed_from_white_bed net.minecraft.item.crafting.ShapelessRecipes@342723a3
[01:00:25] [Server thread/TRACE] [FML]:   Registry: 203 minecraft:lime_bed net.minecraft.item.crafting.ShapedRecipes@4c8d45cf
[01:00:25] [Server thread/TRACE] [FML]:   Registry: 204 minecraft:lime_banner net.minecraft.item.crafting.ShapedRecipes@61b8c9de
[01:00:25] [Server thread/TRACE] [FML]:   Registry: 205 minecraft:light_weighted_pressure_plate net.minecraft.item.crafting.ShapedRecipes@26270b77
[01:00:25] [Server thread/TRACE] [FML]:   Registry: 206 minecraft:light_gray_wool net.minecraft.item.crafting.ShapelessRecipes@3eee08f5
[01:00:25] [Server thread/TRACE] [FML]:   Registry: 207 minecraft:light_gray_stained_hardened_clay net.minecraft.item.crafting.ShapedRecipes@290c266c
[01:00:25] [Server thread/TRACE] [FML]:   Registry: 208 minecraft:light_gray_stained_glass_pane net.minecraft.item.crafting.ShapedRecipes@4b336cc8
[01:00:25] [Server thread/TRACE] [FML]:   Registry: 209 minecraft:light_gray_stained_glass net.minecraft.item.crafting.ShapedRecipes@58ebee9
[01:00:25] [Server thread/TRACE] [FML]:   Registry: 210 minecraft:light_gray_dye_from_white_tulip net.minecraft.item.crafting.ShapelessRecipes@18513c23
[01:00:25] [Server thread/TRACE] [FML]:   Registry: 211 minecraft:light_gray_dye_from_oxeye_daisy net.minecraft.item.crafting.ShapelessRecipes@304744a1
[01:00:25] [Server thread/TRACE] [FML]:   Registry: 212 minecraft:light_gray_dye_from_ink_bonemeal net.minecraft.item.crafting.ShapelessRecipes@da5d5e1
[01:00:25] [Server thread/TRACE] [FML]:   Registry: 213 minecraft:light_gray_dye_from_gray_bonemeal net.minecraft.item.crafting.ShapelessRecipes@7df3da0b
[01:00:25] [Server thread/TRACE] [FML]:   Registry: 214 minecraft:light_gray_dye_from_azure_bluet net.minecraft.item.crafting.ShapelessRecipes@402f61f5
[01:00:25] [Server thread/TRACE] [FML]:   Registry: 215 minecraft:light_gray_concrete_powder net.minecraft.item.crafting.ShapelessRecipes@67c0c90b
[01:00:25] [Server thread/TRACE] [FML]:   Registry: 216 minecraft:light_gray_carpet net.minecraft.item.crafting.ShapedRecipes@319aa9ee
[01:00:25] [Server thread/TRACE] [FML]:   Registry: 217 minecraft:light_gray_bed_from_white_bed net.minecraft.item.crafting.ShapelessRecipes@3514ac7d
[01:00:25] [Server thread/TRACE] [FML]:   Registry: 218 minecraft:light_gray_bed net.minecraft.item.crafting.ShapedRecipes@5b5b53c6
[01:00:25] [Server thread/TRACE] [FML]:   Registry: 219 minecraft:light_gray_banner net.minecraft.item.crafting.ShapedRecipes@2e7a9db7
[01:00:25] [Server thread/TRACE] [FML]:   Registry: 220 minecraft:light_blue_wool net.minecraft.item.crafting.ShapelessRecipes@54234569
[01:00:25] [Server thread/TRACE] [FML]:   Registry: 221 minecraft:light_blue_stained_hardened_clay net.minecraft.item.crafting.ShapedRecipes@9147ba2
[01:00:25] [Server thread/TRACE] [FML]:   Registry: 222 minecraft:light_blue_stained_glass_pane net.minecraft.item.crafting.ShapedRecipes@60a6840c
[01:00:25] [Server thread/TRACE] [FML]:   Registry: 223 minecraft:light_blue_stained_glass net.minecraft.item.crafting.ShapedRecipes@6de33fde
[01:00:25] [Server thread/TRACE] [FML]:   Registry: 224 minecraft:light_blue_dye_from_lapis_bonemeal net.minecraft.item.crafting.ShapelessRecipes@2a16d4dc
[01:00:25] [Server thread/TRACE] [FML]:   Registry: 225 minecraft:light_blue_dye_from_blue_orchid net.minecraft.item.crafting.ShapelessRecipes@5341641d
[01:00:25] [Server thread/TRACE] [FML]:   Registry: 226 minecraft:light_blue_concrete_powder net.minecraft.item.crafting.ShapelessRecipes@2f73f0c7
[01:00:25] [Server thread/TRACE] [FML]:   Registry: 227 minecraft:light_blue_carpet net.minecraft.item.crafting.ShapedRecipes@40863800
[01:00:25] [Server thread/TRACE] [FML]:   Registry: 228 minecraft:light_blue_bed_from_white_bed net.minecraft.item.crafting.ShapelessRecipes@64665781
[01:00:25] [Server thread/TRACE] [FML]:   Registry: 229 minecraft:light_blue_bed net.minecraft.item.crafting.ShapedRecipes@430d3021
[01:00:25] [Server thread/TRACE] [FML]:   Registry: 230 minecraft:light_blue_banner net.minecraft.item.crafting.ShapedRecipes@cf984d9
[01:00:25] [Server thread/TRACE] [FML]:   Registry: 231 minecraft:lever net.minecraft.item.crafting.ShapedRecipes@13ee97af
[01:00:25] [Server thread/TRACE] [FML]:   Registry: 232 minecraft:leather_leggings net.minecraft.item.crafting.ShapedRecipes@3cead673
[01:00:25] [Server thread/TRACE] [FML]:   Registry: 233 minecraft:leather_helmet net.minecraft.item.crafting.ShapedRecipes@4345fd45
[01:00:25] [Server thread/TRACE] [FML]:   Registry: 234 minecraft:leather_chestplate net.minecraft.item.crafting.ShapedRecipes@62883f8a
[01:00:25] [Server thread/TRACE] [FML]:   Registry: 235 minecraft:leather_boots net.minecraft.item.crafting.ShapedRecipes@19a7906c
[01:00:25] [Server thread/TRACE] [FML]:   Registry: 236 minecraft:leather net.minecraft.item.crafting.ShapedRecipes@25e6c22a
[01:00:25] [Server thread/TRACE] [FML]:   Registry: 237 minecraft:lead net.minecraft.item.crafting.ShapedRecipes@edbc2bf
[01:00:25] [Server thread/TRACE] [FML]:   Registry: 238 minecraft:lapis_lazuli net.minecraft.item.crafting.ShapedRecipes@5e8f0f98
[01:00:25] [Server thread/TRACE] [FML]:   Registry: 239 minecraft:lapis_block net.minecraft.item.crafting.ShapedRecipes@74830d73
[01:00:25] [Server thread/TRACE] [FML]:   Registry: 240 minecraft:ladder net.minecraft.item.crafting.ShapedRecipes@43ab0659
[01:00:25] [Server thread/TRACE] [FML]:   Registry: 241 minecraft:jungle_wooden_slab net.minecraft.item.crafting.ShapedRecipes@6ac9b66b
[01:00:25] [Server thread/TRACE] [FML]:   Registry: 242 minecraft:jungle_stairs net.minecraft.item.crafting.ShapedRecipes@78e043e4
[01:00:25] [Server thread/TRACE] [FML]:   Registry: 243 minecraft:jungle_planks net.minecraft.item.crafting.ShapedRecipes@38e7860c
[01:00:25] [Server thread/TRACE] [FML]:   Registry: 244 minecraft:jungle_fence_gate net.minecraft.item.crafting.ShapedRecipes@5891b7c5
[01:00:25] [Server thread/TRACE] [FML]:   Registry: 245 minecraft:jungle_fence net.minecraft.item.crafting.ShapedRecipes@2965dd88
[01:00:25] [Server thread/TRACE] [FML]:   Registry: 246 minecraft:jungle_door net.minecraft.item.crafting.ShapedRecipes@35ceec81
[01:00:25] [Server thread/TRACE] [FML]:   Registry: 247 minecraft:jungle_boat net.minecraft.item.crafting.ShapedRecipes@be616f0
[01:00:25] [Server thread/TRACE] [FML]:   Registry: 248 minecraft:jukebox net.minecraft.item.crafting.ShapedRecipes@78f5cbc5
[01:00:25] [Server thread/TRACE] [FML]:   Registry: 249 minecraft:item_frame net.minecraft.item.crafting.ShapedRecipes@70ee1963
[01:00:25] [Server thread/TRACE] [FML]:   Registry: 250 minecraft:iron_trapdoor net.minecraft.item.crafting.ShapedRecipes@12be4f83
[01:00:25] [Server thread/TRACE] [FML]:   Registry: 251 minecraft:iron_sword net.minecraft.item.crafting.ShapedRecipes@11bfd751
[01:00:25] [Server thread/TRACE] [FML]:   Registry: 252 minecraft:iron_shovel net.minecraft.item.crafting.ShapedRecipes@17df689e
[01:00:25] [Server thread/TRACE] [FML]:   Registry: 253 minecraft:iron_pickaxe net.minecraft.item.crafting.ShapedRecipes@713e7d9a
[01:00:25] [Server thread/TRACE] [FML]:   Registry: 254 minecraft:iron_nugget net.minecraft.item.crafting.ShapedRecipes@3e6acec2
[01:00:25] [Server thread/TRACE] [FML]:   Registry: 255 minecraft:iron_leggings net.minecraft.item.crafting.ShapedRecipes@1f1fbc9f
[01:00:25] [Server thread/TRACE] [FML]:   Registry: 256 minecraft:iron_ingot_from_nuggets net.minecraft.item.crafting.ShapedRecipes@1e258d3b
[01:00:25] [Server thread/TRACE] [FML]:   Registry: 257 minecraft:iron_ingot_from_block net.minecraft.item.crafting.ShapedRecipes@164dea80
[01:00:25] [Server thread/TRACE] [FML]:   Registry: 258 minecraft:iron_hoe net.minecraft.item.crafting.ShapedRecipes@2328ec73
[01:00:25] [Server thread/TRACE] [FML]:   Registry: 259 minecraft:iron_helmet net.minecraft.item.crafting.ShapedRecipes@58021c3c
[01:00:25] [Server thread/TRACE] [FML]:   Registry: 260 minecraft:iron_door net.minecraft.item.crafting.ShapedRecipes@6d31f14
[01:00:25] [Server thread/TRACE] [FML]:   Registry: 261 minecraft:iron_chestplate net.minecraft.item.crafting.ShapedRecipes@65ef9a0a
[01:00:25] [Server thread/TRACE] [FML]:   Registry: 262 minecraft:iron_boots net.minecraft.item.crafting.ShapedRecipes@45bf93bb
[01:00:25] [Server thread/TRACE] [FML]:   Registry: 263 minecraft:iron_block net.minecraft.item.crafting.ShapedRecipes@114b203
[01:00:25] [Server thread/TRACE] [FML]:   Registry: 264 minecraft:iron_bars net.minecraft.item.crafting.ShapedRecipes@31f5b923
[01:00:25] [Server thread/TRACE] [FML]:   Registry: 265 minecraft:iron_axe net.minecraft.item.crafting.ShapedRecipes@3ca278bc
[01:00:25] [Server thread/TRACE] [FML]:   Registry: 266 minecraft:hopper_minecart net.minecraft.item.crafting.ShapedRecipes@47b4ac83
[01:00:25] [Server thread/TRACE] [FML]:   Registry: 267 minecraft:hopper net.minecraft.item.crafting.ShapedRecipes@7c69e1e1
[01:00:25] [Server thread/TRACE] [FML]:   Registry: 268 minecraft:heavy_weighted_pressure_plate net.minecraft.item.crafting.ShapedRecipes@39b85a73
[01:00:25] [Server thread/TRACE] [FML]:   Registry: 269 minecraft:hay_block net.minecraft.item.crafting.ShapedRecipes@654b899f
[01:00:25] [Server thread/TRACE] [FML]:   Registry: 270 minecraft:green_wool net.minecraft.item.crafting.ShapelessRecipes@287ad0da
[01:00:25] [Server thread/TRACE] [FML]:   Registry: 271 minecraft:green_stained_hardened_clay net.minecraft.item.crafting.ShapedRecipes@7fcc3745
[01:00:25] [Server thread/TRACE] [FML]:   Registry: 272 minecraft:green_stained_glass_pane net.minecraft.item.crafting.ShapedRecipes@1a819901
[01:00:25] [Server thread/TRACE] [FML]:   Registry: 273 minecraft:green_stained_glass net.minecraft.item.crafting.ShapedRecipes@60e47aab
[01:00:25] [Server thread/TRACE] [FML]:   Registry: 274 minecraft:green_concrete_powder net.minecraft.item.crafting.ShapelessRecipes@1b28cff
[01:00:25] [Server thread/TRACE] [FML]:   Registry: 275 minecraft:green_carpet net.minecraft.item.crafting.ShapedRecipes@7e3d168e
[01:00:25] [Server thread/TRACE] [FML]:   Registry: 276 minecraft:green_bed_from_white_bed net.minecraft.item.crafting.ShapelessRecipes@2dc3ece8
[01:00:25] [Server thread/TRACE] [FML]:   Registry: 277 minecraft:green_bed net.minecraft.item.crafting.ShapedRecipes@fbbd90c
[01:00:25] [Server thread/TRACE] [FML]:   Registry: 278 minecraft:green_banner net.minecraft.item.crafting.ShapedRecipes@49d543a9
[01:00:25] [Server thread/TRACE] [FML]:   Registry: 279 minecraft:gray_wool net.minecraft.item.crafting.ShapelessRecipes@533e2f4
[01:00:25] [Server thread/TRACE] [FML]:   Registry: 280 minecraft:gray_stained_hardened_clay net.minecraft.item.crafting.ShapedRecipes@75bf9e67
[01:00:25] [Server thread/TRACE] [FML]:   Registry: 281 minecraft:gray_stained_glass_pane net.minecraft.item.crafting.ShapedRecipes@356fa0d1
[01:00:25] [Server thread/TRACE] [FML]:   Registry: 282 minecraft:gray_stained_glass net.minecraft.item.crafting.ShapedRecipes@2cadcff6
[01:00:25] [Server thread/TRACE] [FML]:   Registry: 283 minecraft:gray_dye net.minecraft.item.crafting.ShapelessRecipes@e5c5e6
[01:00:25] [Server thread/TRACE] [FML]:   Registry: 284 minecraft:gray_concrete_powder net.minecraft.item.crafting.ShapelessRecipes@4f676900
[01:00:25] [Server thread/TRACE] [FML]:   Registry: 285 minecraft:gray_carpet net.minecraft.item.crafting.ShapedRecipes@5d32c1c7
[01:00:25] [Server thread/TRACE] [FML]:   Registry: 286 minecraft:gray_bed_from_white_bed net.minecraft.item.crafting.ShapelessRecipes@bb50de6
[01:00:25] [Server thread/TRACE] [FML]:   Registry: 287 minecraft:gray_bed net.minecraft.item.crafting.ShapedRecipes@c4551c6
[01:00:25] [Server thread/TRACE] [FML]:   Registry: 288 minecraft:gray_banner net.minecraft.item.crafting.ShapedRecipes@528f5b7f
[01:00:25] [Server thread/TRACE] [FML]:   Registry: 289 minecraft:granite net.minecraft.item.crafting.ShapelessRecipes@1ef93e01
[01:00:25] [Server thread/TRACE] [FML]:   Registry: 290 minecraft:golden_sword net.minecraft.item.crafting.ShapedRecipes@66863941
[01:00:25] [Server thread/TRACE] [FML]:   Registry: 291 minecraft:golden_shovel net.minecraft.item.crafting.ShapedRecipes@54387873
[01:00:25] [Server thread/TRACE] [FML]:   Registry: 292 minecraft:golden_rail net.minecraft.item.crafting.ShapedRecipes@39afe59f
[01:00:25] [Server thread/TRACE] [FML]:   Registry: 293 minecraft:golden_pickaxe net.minecraft.item.crafting.ShapedRecipes@4e96cb04
[01:00:25] [Server thread/TRACE] [FML]:   Registry: 294 minecraft:golden_leggings net.minecraft.item.crafting.ShapedRecipes@62054faf
[01:00:25] [Server thread/TRACE] [FML]:   Registry: 295 minecraft:golden_hoe net.minecraft.item.crafting.ShapedRecipes@3578a45b
[01:00:25] [Server thread/TRACE] [FML]:   Registry: 296 minecraft:golden_helmet net.minecraft.item.crafting.ShapedRecipes@1efcba00
[01:00:25] [Server thread/TRACE] [FML]:   Registry: 297 minecraft:golden_chestplate net.minecraft.item.crafting.ShapedRecipes@77ce8bc5
[01:00:25] [Server thread/TRACE] [FML]:   Registry: 298 minecraft:golden_carrot net.minecraft.item.crafting.ShapedRecipes@22361e23
[01:00:25] [Server thread/TRACE] [FML]:   Registry: 299 minecraft:golden_boots net.minecraft.item.crafting.ShapedRecipes@26aee0a6
[01:00:25] [Server thread/TRACE] [FML]:   Registry: 300 minecraft:golden_axe net.minecraft.item.crafting.ShapedRecipes@6b0325d0
[01:00:25] [Server thread/TRACE] [FML]:   Registry: 301 minecraft:golden_apple net.minecraft.item.crafting.ShapedRecipes@51cca357
[01:00:25] [Server thread/TRACE] [FML]:   Registry: 302 minecraft:gold_nugget net.minecraft.item.crafting.ShapedRecipes@e994ca
[01:00:25] [Server thread/TRACE] [FML]:   Registry: 303 minecraft:gold_ingot_from_nuggets net.minecraft.item.crafting.ShapedRecipes@5daad59a
[01:00:25] [Server thread/TRACE] [FML]:   Registry: 304 minecraft:gold_ingot_from_block net.minecraft.item.crafting.ShapedRecipes@8ef1d58
[01:00:25] [Server thread/TRACE] [FML]:   Registry: 305 minecraft:gold_block net.minecraft.item.crafting.ShapedRecipes@350342e0
[01:00:25] [Server thread/TRACE] [FML]:   Registry: 306 minecraft:glowstone net.minecraft.item.crafting.ShapedRecipes@43fe2008
[01:00:25] [Server thread/TRACE] [FML]:   Registry: 307 minecraft:glass_pane net.minecraft.item.crafting.ShapedRecipes@1fc3df43
[01:00:25] [Server thread/TRACE] [FML]:   Registry: 308 minecraft:glass_bottle net.minecraft.item.crafting.ShapedRecipes@8b89b3a
[01:00:25] [Server thread/TRACE] [FML]:   Registry: 309 minecraft:furnace_minecart net.minecraft.item.crafting.ShapedRecipes@4ab9d160
[01:00:25] [Server thread/TRACE] [FML]:   Registry: 310 minecraft:furnace net.minecraft.item.crafting.ShapedRecipes@74431832
[01:00:25] [Server thread/TRACE] [FML]:   Registry: 311 minecraft:flower_pot net.minecraft.item.crafting.ShapedRecipes@43b172e3
[01:00:25] [Server thread/TRACE] [FML]:   Registry: 312 minecraft:flint_and_steel net.minecraft.item.crafting.ShapelessRecipes@6fe2a366
[01:00:25] [Server thread/TRACE] [FML]:   Registry: 313 minecraft:fishing_rod net.minecraft.item.crafting.ShapedRecipes@5c79c5ec
[01:00:25] [Server thread/TRACE] [FML]:   Registry: 314 minecraft:fire_charge net.minecraft.item.crafting.ShapelessRecipes@4b61e97
[01:00:25] [Server thread/TRACE] [FML]:   Registry: 315 minecraft:fermented_spider_eye net.minecraft.item.crafting.ShapelessRecipes@120d6cbf
[01:00:25] [Server thread/TRACE] [FML]:   Registry: 316 minecraft:fence_gate net.minecraft.item.crafting.ShapedRecipes@590dea35
[01:00:25] [Server thread/TRACE] [FML]:   Registry: 317 minecraft:fence net.minecraft.item.crafting.ShapedRecipes@46994f26
[01:00:25] [Server thread/TRACE] [FML]:   Registry: 318 minecraft:ender_eye net.minecraft.item.crafting.ShapelessRecipes@6106dfb6
[01:00:25] [Server thread/TRACE] [FML]:   Registry: 319 minecraft:ender_chest net.minecraft.item.crafting.ShapedRecipes@2336cd91
[01:00:25] [Server thread/TRACE] [FML]:   Registry: 320 minecraft:end_rod net.minecraft.item.crafting.ShapedRecipes@4b50c21
[01:00:25] [Server thread/TRACE] [FML]:   Registry: 321 minecraft:end_crystal net.minecraft.item.crafting.ShapedRecipes@5f33e6d
[01:00:25] [Server thread/TRACE] [FML]:   Registry: 322 minecraft:end_bricks net.minecraft.item.crafting.ShapedRecipes@a1cb94
[01:00:25] [Server thread/TRACE] [FML]:   Registry: 323 minecraft:enchanting_table net.minecraft.item.crafting.ShapedRecipes@12548f9a
[01:00:25] [Server thread/TRACE] [FML]:   Registry: 324 minecraft:emerald_block net.minecraft.item.crafting.ShapedRecipes@2e4d4d22
[01:00:25] [Server thread/TRACE] [FML]:   Registry: 325 minecraft:emerald net.minecraft.item.crafting.ShapedRecipes@2c7375da
[01:00:25] [Server thread/TRACE] [FML]:   Registry: 326 minecraft:dropper net.minecraft.item.crafting.ShapedRecipes@7e89eba7
[01:00:25] [Server thread/TRACE] [FML]:   Registry: 327 minecraft:dispenser net.minecraft.item.crafting.ShapedRecipes@72f35a31
[01:00:25] [Server thread/TRACE] [FML]:   Registry: 328 minecraft:diorite net.minecraft.item.crafting.ShapedRecipes@77020328
[01:00:25] [Server thread/TRACE] [FML]:   Registry: 329 minecraft:diamond_sword net.minecraft.item.crafting.ShapedRecipes@e6e5da4
[01:00:25] [Server thread/TRACE] [FML]:   Registry: 330 minecraft:diamond_shovel net.minecraft.item.crafting.ShapedRecipes@1d556461
[01:00:25] [Server thread/TRACE] [FML]:   Registry: 331 minecraft:diamond_pickaxe net.minecraft.item.crafting.ShapedRecipes@749f61a3
[01:00:25] [Server thread/TRACE] [FML]:   Registry: 332 minecraft:diamond_leggings net.minecraft.item.crafting.ShapedRecipes@fb5d334
[01:00:25] [Server thread/TRACE] [FML]:   Registry: 333 minecraft:diamond_hoe net.minecraft.item.crafting.ShapedRecipes@27ec0d06
[01:00:25] [Server thread/TRACE] [FML]:   Registry: 334 minecraft:diamond_helmet net.minecraft.item.crafting.ShapedRecipes@2a65e237
[01:00:25] [Server thread/TRACE] [FML]:   Registry: 335 minecraft:diamond_chestplate net.minecraft.item.crafting.ShapedRecipes@41f686af
[01:00:25] [Server thread/TRACE] [FML]:   Registry: 336 minecraft:diamond_boots net.minecraft.item.crafting.ShapedRecipes@77a9ac36
[01:00:25] [Server thread/TRACE] [FML]:   Registry: 337 minecraft:diamond_block net.minecraft.item.crafting.ShapedRecipes@1eb6037d
[01:00:25] [Server thread/TRACE] [FML]:   Registry: 338 minecraft:diamond_axe net.minecraft.item.crafting.ShapedRecipes@38826984
[01:00:25] [Server thread/TRACE] [FML]:   Registry: 339 minecraft:diamond net.minecraft.item.crafting.ShapedRecipes@7a78d380
[01:00:25] [Server thread/TRACE] [FML]:   Registry: 340 minecraft:detector_rail net.minecraft.item.crafting.ShapedRecipes@54997f67
[01:00:25] [Server thread/TRACE] [FML]:   Registry: 341 minecraft:daylight_detector net.minecraft.item.crafting.ShapedRecipes@7402c49f
[01:00:25] [Server thread/TRACE] [FML]:   Registry: 342 minecraft:dark_prismarine net.minecraft.item.crafting.ShapedRecipes@3f1d6a13
[01:00:25] [Server thread/TRACE] [FML]:   Registry: 343 minecraft:dark_oak_wooden_slab net.minecraft.item.crafting.ShapedRecipes@6ae6d078
[01:00:25] [Server thread/TRACE] [FML]:   Registry: 344 minecraft:dark_oak_stairs net.minecraft.item.crafting.ShapedRecipes@326706d
[01:00:25] [Server thread/TRACE] [FML]:   Registry: 345 minecraft:dark_oak_planks net.minecraft.item.crafting.ShapedRecipes@44a14de0
[01:00:25] [Server thread/TRACE] [FML]:   Registry: 346 minecraft:dark_oak_fence_gate net.minecraft.item.crafting.ShapedRecipes@78504ce9
[01:00:25] [Server thread/TRACE] [FML]:   Registry: 347 minecraft:dark_oak_fence net.minecraft.item.crafting.ShapedRecipes@26d8908e
[01:00:25] [Server thread/TRACE] [FML]:   Registry: 348 minecraft:dark_oak_door net.minecraft.item.crafting.ShapedRecipes@4119346d
[01:00:25] [Server thread/TRACE] [FML]:   Registry: 349 minecraft:dark_oak_boat net.minecraft.item.crafting.ShapedRecipes@1a66be41
[01:00:25] [Server thread/TRACE] [FML]:   Registry: 350 minecraft:cyan_wool net.minecraft.item.crafting.ShapelessRecipes@68454ed5
[01:00:25] [Server thread/TRACE] [FML]:   Registry: 351 minecraft:cyan_stained_hardened_clay net.minecraft.item.crafting.ShapedRecipes@591e5fd4
[01:00:25] [Server thread/TRACE] [FML]:   Registry: 352 minecraft:cyan_stained_glass_pane net.minecraft.item.crafting.ShapedRecipes@1c792107
[01:00:25] [Server thread/TRACE] [FML]:   Registry: 353 minecraft:cyan_stained_glass net.minecraft.item.crafting.ShapedRecipes@1bb4c431
[01:00:25] [Server thread/TRACE] [FML]:   Registry: 354 minecraft:cyan_dye net.minecraft.item.crafting.ShapelessRecipes@56b66a26
[01:00:25] [Server thread/TRACE] [FML]:   Registry: 355 minecraft:cyan_concrete_powder net.minecraft.item.crafting.ShapelessRecipes@45c408a4
[01:00:25] [Server thread/TRACE] [FML]:   Registry: 356 minecraft:cyan_carpet net.minecraft.item.crafting.ShapedRecipes@cb318ac
[01:00:25] [Server thread/TRACE] [FML]:   Registry: 357 minecraft:cyan_bed_from_white_bed net.minecraft.item.crafting.ShapelessRecipes@6f4adaab
[01:00:25] [Server thread/TRACE] [FML]:   Registry: 358 minecraft:cyan_bed net.minecraft.item.crafting.ShapedRecipes@4e1a3d5a
[01:00:25] [Server thread/TRACE] [FML]:   Registry: 359 minecraft:cyan_banner net.minecraft.item.crafting.ShapedRecipes@4cef0747
[01:00:25] [Server thread/TRACE] [FML]:   Registry: 360 minecraft:crafting_table net.minecraft.item.crafting.ShapedRecipes@113d0f75
[01:00:25] [Server thread/TRACE] [FML]:   Registry: 361 minecraft:cookie net.minecraft.item.crafting.ShapedRecipes@7d17906
[01:00:25] [Server thread/TRACE] [FML]:   Registry: 362 minecraft:compass net.minecraft.item.crafting.ShapedRecipes@5534e6f1
[01:00:25] [Server thread/TRACE] [FML]:   Registry: 363 minecraft:comparator net.minecraft.item.crafting.ShapedRecipes@66e12c3b
[01:00:25] [Server thread/TRACE] [FML]:   Registry: 364 minecraft:cobblestone_wall net.minecraft.item.crafting.ShapedRecipes@4d8f2cfd
[01:00:25] [Server thread/TRACE] [FML]:   Registry: 365 minecraft:cobblestone_slab net.minecraft.item.crafting.ShapedRecipes@1e4d8770
[01:00:25] [Server thread/TRACE] [FML]:   Registry: 366 minecraft:coarse_dirt net.minecraft.item.crafting.ShapedRecipes@13404f75
[01:00:25] [Server thread/TRACE] [FML]:   Registry: 367 minecraft:coal_block net.minecraft.item.crafting.ShapedRecipes@2cdb5974
[01:00:25] [Server thread/TRACE] [FML]:   Registry: 368 minecraft:coal net.minecraft.item.crafting.ShapedRecipes@1450ffa3
[01:00:25] [Server thread/TRACE] [FML]:   Registry: 369 minecraft:clock net.minecraft.item.crafting.ShapedRecipes@1c31de5d
[01:00:25] [Server thread/TRACE] [FML]:   Registry: 370 minecraft:clay net.minecraft.item.crafting.ShapedRecipes@949d347
[01:00:25] [Server thread/TRACE] [FML]:   Registry: 371 minecraft:chiseled_stonebrick net.minecraft.item.crafting.ShapedRecipes@2b90cc1
[01:00:25] [Server thread/TRACE] [FML]:   Registry: 372 minecraft:chiseled_sandstone net.minecraft.item.crafting.ShapedRecipes@d2cb2d0
[01:00:25] [Server thread/TRACE] [FML]:   Registry: 373 minecraft:chiseled_red_sandstone net.minecraft.item.crafting.ShapedRecipes@54556723
[01:00:25] [Server thread/TRACE] [FML]:   Registry: 374 minecraft:chiseled_quartz_block net.minecraft.item.crafting.ShapedRecipes@445b85d7
[01:00:25] [Server thread/TRACE] [FML]:   Registry: 375 minecraft:chest_minecart net.minecraft.item.crafting.ShapedRecipes@26a33cf
[01:00:25] [Server thread/TRACE] [FML]:   Registry: 376 minecraft:chest net.minecraft.item.crafting.ShapedRecipes@8d29719
[01:00:25] [Server thread/TRACE] [FML]:   Registry: 377 minecraft:cauldron net.minecraft.item.crafting.ShapedRecipes@2591d23a
[01:00:25] [Server thread/TRACE] [FML]:   Registry: 378 minecraft:carrot_on_a_stick net.minecraft.item.crafting.ShapedRecipes@67f8f5a6
[01:00:25] [Server thread/TRACE] [FML]:   Registry: 379 minecraft:cake net.minecraft.item.crafting.ShapedRecipes@7c9ea1d0
[01:00:25] [Server thread/TRACE] [FML]:   Registry: 380 minecraft:bucket net.minecraft.item.crafting.ShapedRecipes@51d88c38
[01:00:25] [Server thread/TRACE] [FML]:   Registry: 381 minecraft:brown_wool net.minecraft.item.crafting.ShapelessRecipes@3a8b9458
[01:00:25] [Server thread/TRACE] [FML]:   Registry: 382 minecraft:brown_stained_hardened_clay net.minecraft.item.crafting.ShapedRecipes@295f2d1b
[01:00:25] [Server thread/TRACE] [FML]:   Registry: 383 minecraft:brown_stained_glass_pane net.minecraft.item.crafting.ShapedRecipes@28dacf31
[01:00:25] [Server thread/TRACE] [FML]:   Registry: 384 minecraft:brown_stained_glass net.minecraft.item.crafting.ShapedRecipes@1eb9d69a
[01:00:25] [Server thread/TRACE] [FML]:   Registry: 385 minecraft:brown_concrete_powder net.minecraft.item.crafting.ShapelessRecipes@71668a67
[01:00:25] [Server thread/TRACE] [FML]:   Registry: 386 minecraft:brown_carpet net.minecraft.item.crafting.ShapedRecipes@2047adea
[01:00:25] [Server thread/TRACE] [FML]:   Registry: 387 minecraft:brown_bed_from_white_bed net.minecraft.item.crafting.ShapelessRecipes@2110684a
[01:00:25] [Server thread/TRACE] [FML]:   Registry: 388 minecraft:brown_bed net.minecraft.item.crafting.ShapedRecipes@62794582
[01:00:25] [Server thread/TRACE] [FML]:   Registry: 389 minecraft:brown_banner net.minecraft.item.crafting.ShapedRecipes@1cb44a2f
[01:00:25] [Server thread/TRACE] [FML]:   Registry: 390 minecraft:brick_stairs net.minecraft.item.crafting.ShapedRecipes@212e39ee
[01:00:25] [Server thread/TRACE] [FML]:   Registry: 391 minecraft:brick_slab net.minecraft.item.crafting.ShapedRecipes@197d5a87
[01:00:25] [Server thread/TRACE] [FML]:   Registry: 392 minecraft:brick_block net.minecraft.item.crafting.ShapedRecipes@3c8fe8ad
[01:00:25] [Server thread/TRACE] [FML]:   Registry: 393 minecraft:brewing_stand net.minecraft.item.crafting.ShapedRecipes@9d3a7a1
[01:00:25] [Server thread/TRACE] [FML]:   Registry: 394 minecraft:bread net.minecraft.item.crafting.ShapedRecipes@1d2c253
[01:00:25] [Server thread/TRACE] [FML]:   Registry: 395 minecraft:bowl net.minecraft.item.crafting.ShapedRecipes@4df7b4ac
[01:00:25] [Server thread/TRACE] [FML]:   Registry: 396 minecraft:bow net.minecraft.item.crafting.ShapedRecipes@294c44b7
[01:00:25] [Server thread/TRACE] [FML]:   Registry: 397 minecraft:bookshelf net.minecraft.item.crafting.ShapedRecipes@72e75786
[01:00:25] [Server thread/TRACE] [FML]:   Registry: 398 minecraft:book net.minecraft.item.crafting.ShapelessRecipes@6a04d2a4
[01:00:25] [Server thread/TRACE] [FML]:   Registry: 399 minecraft:bone_meal_from_bone net.minecraft.item.crafting.ShapelessRecipes@61836cd9
[01:00:25] [Server thread/TRACE] [FML]:   Registry: 400 minecraft:bone_meal_from_block net.minecraft.item.crafting.ShapelessRecipes@556aed22
[01:00:25] [Server thread/TRACE] [FML]:   Registry: 401 minecraft:bone_block net.minecraft.item.crafting.ShapedRecipes@19e801b5
[01:00:25] [Server thread/TRACE] [FML]:   Registry: 402 minecraft:boat net.minecraft.item.crafting.ShapedRecipes@9cc0505
[01:00:25] [Server thread/TRACE] [FML]:   Registry: 403 minecraft:blue_wool net.minecraft.item.crafting.ShapelessRecipes@3d3b272a
[01:00:25] [Server thread/TRACE] [FML]:   Registry: 404 minecraft:blue_stained_hardened_clay net.minecraft.item.crafting.ShapedRecipes@707f4647
[01:00:25] [Server thread/TRACE] [FML]:   Registry: 405 minecraft:blue_stained_glass_pane net.minecraft.item.crafting.ShapedRecipes@16949dfa
[01:00:25] [Server thread/TRACE] [FML]:   Registry: 406 minecraft:blue_stained_glass net.minecraft.item.crafting.ShapedRecipes@17f41739
[01:00:25] [Server thread/TRACE] [FML]:   Registry: 407 minecraft:blue_concrete_powder net.minecraft.item.crafting.ShapelessRecipes@2b9ecd05
[01:00:25] [Server thread/TRACE] [FML]:   Registry: 408 minecraft:blue_carpet net.minecraft.item.crafting.ShapedRecipes@7598d675
[01:00:25] [Server thread/TRACE] [FML]:   Registry: 409 minecraft:blue_bed_from_white_bed net.minecraft.item.crafting.ShapelessRecipes@340fc1aa
[01:00:25] [Server thread/TRACE] [FML]:   Registry: 410 minecraft:blue_bed net.minecraft.item.crafting.ShapedRecipes@22429a11
[01:00:25] [Server thread/TRACE] [FML]:   Registry: 411 minecraft:blue_banner net.minecraft.item.crafting.ShapedRecipes@2a99fa07
[01:00:25] [Server thread/TRACE] [FML]:   Registry: 412 minecraft:blaze_powder net.minecraft.item.crafting.ShapelessRecipes@323efafe
[01:00:25] [Server thread/TRACE] [FML]:   Registry: 413 minecraft:black_wool net.minecraft.item.crafting.ShapelessRecipes@4182a651
[01:00:25] [Server thread/TRACE] [FML]:   Registry: 414 minecraft:black_stained_hardened_clay net.minecraft.item.crafting.ShapedRecipes@799fb45e
[01:00:25] [Server thread/TRACE] [FML]:   Registry: 415 minecraft:black_stained_glass_pane net.minecraft.item.crafting.ShapedRecipes@3bf01a01
[01:00:25] [Server thread/TRACE] [FML]:   Registry: 416 minecraft:black_stained_glass net.minecraft.item.crafting.ShapedRecipes@6ffc6ea7
[01:00:25] [Server thread/TRACE] [FML]:   Registry: 417 minecraft:black_concrete_powder net.minecraft.item.crafting.ShapelessRecipes@141dfcf9
[01:00:25] [Server thread/TRACE] [FML]:   Registry: 418 minecraft:black_carpet net.minecraft.item.crafting.ShapedRecipes@621392ea
[01:00:25] [Server thread/TRACE] [FML]:   Registry: 419 minecraft:black_bed_from_white_bed net.minecraft.item.crafting.ShapelessRecipes@71285693
[01:00:25] [Server thread/TRACE] [FML]:   Registry: 420 minecraft:black_bed net.minecraft.item.crafting.ShapedRecipes@520c3dcb
[01:00:25] [Server thread/TRACE] [FML]:   Registry: 421 minecraft:black_banner net.minecraft.item.crafting.ShapedRecipes@5960f17
[01:00:25] [Server thread/TRACE] [FML]:   Registry: 422 minecraft:birch_wooden_slab net.minecraft.item.crafting.ShapedRecipes@174e1b99
[01:00:25] [Server thread/TRACE] [FML]:   Registry: 423 minecraft:birch_stairs net.minecraft.item.crafting.ShapedRecipes@73da303e
[01:00:25] [Server thread/TRACE] [FML]:   Registry: 424 minecraft:birch_planks net.minecraft.item.crafting.ShapedRecipes@7f77e065
[01:00:25] [Server thread/TRACE] [FML]:   Registry: 425 minecraft:birch_fence_gate net.minecraft.item.crafting.ShapedRecipes@7fb82f73
[01:00:25] [Server thread/TRACE] [FML]:   Registry: 426 minecraft:birch_fence net.minecraft.item.crafting.ShapedRecipes@68c4a860
[01:00:25] [Server thread/TRACE] [FML]:   Registry: 427 minecraft:birch_door net.minecraft.item.crafting.ShapedRecipes@1dfe5dd1
[01:00:25] [Server thread/TRACE] [FML]:   Registry: 428 minecraft:birch_boat net.minecraft.item.crafting.ShapedRecipes@727956bb
[01:00:25] [Server thread/TRACE] [FML]:   Registry: 429 minecraft:beetroot_soup net.minecraft.item.crafting.ShapedRecipes@2b400bd0
[01:00:25] [Server thread/TRACE] [FML]:   Registry: 430 minecraft:beacon net.minecraft.item.crafting.ShapedRecipes@1fa18f87
[01:00:25] [Server thread/TRACE] [FML]:   Registry: 431 minecraft:arrow net.minecraft.item.crafting.ShapedRecipes@3b66ac74
[01:00:25] [Server thread/TRACE] [FML]:   Registry: 432 minecraft:armor_stand net.minecraft.item.crafting.ShapedRecipes@3d98729a
[01:00:25] [Server thread/TRACE] [FML]:   Registry: 433 minecraft:anvil net.minecraft.item.crafting.ShapedRecipes@506b083
[01:00:25] [Server thread/TRACE] [FML]:   Registry: 434 minecraft:andesite net.minecraft.item.crafting.ShapelessRecipes@2a6dbb7c
[01:00:25] [Server thread/TRACE] [FML]:   Registry: 435 minecraft:activator_rail net.minecraft.item.crafting.ShapedRecipes@36cf16a6
[01:00:25] [Server thread/TRACE] [FML]:   Registry: 436 minecraft:acacia_wooden_slab net.minecraft.item.crafting.ShapedRecipes@33eab2e8
[01:00:25] [Server thread/TRACE] [FML]:   Registry: 437 minecraft:acacia_stairs net.minecraft.item.crafting.ShapedRecipes@5bf7f15f
[01:00:25] [Server thread/TRACE] [FML]:   Registry: 438 minecraft:acacia_planks net.minecraft.item.crafting.ShapedRecipes@2bd4780c
[01:00:25] [Server thread/TRACE] [FML]:   Registry: 439 minecraft:acacia_fence_gate net.minecraft.item.crafting.ShapedRecipes@103e7c7c
[01:00:25] [Server thread/TRACE] [FML]:   Registry: 440 minecraft:acacia_fence net.minecraft.item.crafting.ShapedRecipes@3355b8ff
[01:00:25] [Server thread/TRACE] [FML]:   Registry: 441 minecraft:acacia_door net.minecraft.item.crafting.ShapedRecipes@3dfc59c5
[01:00:25] [Server thread/TRACE] [FML]:   Registry: 442 minecraft:acacia_boat net.minecraft.item.crafting.ShapedRecipes@73234691
[01:00:25] [Server thread/TRACE] [FML]: Registry Name : minecraft:villagerprofessions
[01:00:25] [Server thread/TRACE] [FML]:   Registry: 0 minecraft:farmer net.minecraftforge.fml.common.registry.VillagerRegistry$VillagerProfession@37d6dddc
[01:00:25] [Server thread/TRACE] [FML]:   Registry: 1 minecraft:librarian net.minecraftforge.fml.common.registry.VillagerRegistry$VillagerProfession@12214f2f
[01:00:25] [Server thread/TRACE] [FML]:   Registry: 2 minecraft:priest net.minecraftforge.fml.common.registry.VillagerRegistry$VillagerProfession@756c67cd
[01:00:25] [Server thread/TRACE] [FML]:   Registry: 3 minecraft:smith net.minecraftforge.fml.common.registry.VillagerRegistry$VillagerProfession@50de907a
[01:00:25] [Server thread/TRACE] [FML]:   Registry: 4 minecraft:butcher net.minecraftforge.fml.common.registry.VillagerRegistry$VillagerProfession@1fd37440
[01:00:25] [Server thread/TRACE] [FML]:   Registry: 5 minecraft:nitwit net.minecraftforge.fml.common.registry.VillagerRegistry$VillagerProfession@79308a2
[01:00:25] [Server thread/TRACE] [FML]: Registry Name : minecraft:dataserializers
[01:00:25] [Server thread/TRACE] [FML]: Registry Name : minecraft:entities
[01:00:25] [Server thread/TRACE] [FML]:   Registry: 1 minecraft:item net.minecraftforge.fml.common.registry.EntityEntry@7fd751de
[01:00:25] [Server thread/TRACE] [FML]:   Registry: 2 minecraft:xp_orb net.minecraftforge.fml.common.registry.EntityEntry@4a9b92c6
[01:00:25] [Server thread/TRACE] [FML]:   Registry: 3 minecraft:area_effect_cloud net.minecraftforge.fml.common.registry.EntityEntry@6ad6ae45
[01:00:25] [Server thread/TRACE] [FML]:   Registry: 4 minecraft:elder_guardian net.minecraftforge.fml.common.registry.EntityEntry@5885e231
[01:00:25] [Server thread/TRACE] [FML]:   Registry: 5 minecraft:wither_skeleton net.minecraftforge.fml.common.registry.EntityEntry@5835e24a
[01:00:25] [Server thread/TRACE] [FML]:   Registry: 6 minecraft:stray net.minecraftforge.fml.common.registry.EntityEntry@2b9b17ce
[01:00:25] [Server thread/TRACE] [FML]:   Registry: 7 minecraft:egg net.minecraftforge.fml.common.registry.EntityEntry@6f986501
[01:00:25] [Server thread/TRACE] [FML]:   Registry: 8 minecraft:leash_knot net.minecraftforge.fml.common.registry.EntityEntry@22ca1242
[01:00:25] [Server thread/TRACE] [FML]:   Registry: 9 minecraft:painting net.minecraftforge.fml.common.registry.EntityEntry@78288f83
[01:00:25] [Server thread/TRACE] [FML]:   Registry: 10 minecraft:arrow net.minecraftforge.fml.common.registry.EntityEntry@5beb6be2
[01:00:25] [Server thread/TRACE] [FML]:   Registry: 11 minecraft:snowball net.minecraftforge.fml.common.registry.EntityEntry@1182d1df
[01:00:25] [Server thread/TRACE] [FML]:   Registry: 12 minecraft:fireball net.minecraftforge.fml.common.registry.EntityEntry@6d8b7ea9
[01:00:25] [Server thread/TRACE] [FML]:   Registry: 13 minecraft:small_fireball net.minecraftforge.fml.common.registry.EntityEntry@16c5b50a
[01:00:25] [Server thread/TRACE] [FML]:   Registry: 14 minecraft:ender_pearl net.minecraftforge.fml.common.registry.EntityEntry@255ed8e4
[01:00:25] [Server thread/TRACE] [FML]:   Registry: 15 minecraft:eye_of_ender_signal net.minecraftforge.fml.common.registry.EntityEntry@2a7bc16b
[01:00:25] [Server thread/TRACE] [FML]:   Registry: 16 minecraft:potion net.minecraftforge.fml.common.registry.EntityEntry@42cc5460
[01:00:25] [Server thread/TRACE] [FML]:   Registry: 17 minecraft:xp_bottle net.minecraftforge.fml.common.registry.EntityEntry@20820df0
[01:00:25] [Server thread/TRACE] [FML]:   Registry: 18 minecraft:item_frame net.minecraftforge.fml.common.registry.EntityEntry@205159dc
[01:00:25] [Server thread/TRACE] [FML]:   Registry: 19 minecraft:wither_skull net.minecraftforge.fml.common.registry.EntityEntry@67941d
[01:00:25] [Server thread/TRACE] [FML]:   Registry: 20 minecraft:tnt net.minecraftforge.fml.common.registry.EntityEntry@6fde6f05
[01:00:25] [Server thread/TRACE] [FML]:   Registry: 21 minecraft:falling_block net.minecraftforge.fml.common.registry.EntityEntry@4def42c3
[01:00:25] [Server thread/TRACE] [FML]:   Registry: 22 minecraft:fireworks_rocket net.minecraftforge.fml.common.registry.EntityEntry@6eabe718
[01:00:25] [Server thread/TRACE] [FML]:   Registry: 23 minecraft:husk net.minecraftforge.fml.common.registry.EntityEntry@cd5ff55
[01:00:25] [Server thread/TRACE] [FML]:   Registry: 24 minecraft:spectral_arrow net.minecraftforge.fml.common.registry.EntityEntry@16b64a03
[01:00:25] [Server thread/TRACE] [FML]:   Registry: 25 minecraft:shulker_bullet net.minecraftforge.fml.common.registry.EntityEntry@4fe2dd02
[01:00:25] [Server thread/TRACE] [FML]:   Registry: 26 minecraft:dragon_fireball net.minecraftforge.fml.common.registry.EntityEntry@1a2724d3
[01:00:25] [Server thread/TRACE] [FML]:   Registry: 27 minecraft:zombie_villager net.minecraftforge.fml.common.registry.EntityEntry@1c2dd89b
[01:00:25] [Server thread/TRACE] [FML]:   Registry: 28 minecraft:skeleton_horse net.minecraftforge.fml.common.registry.EntityEntry@2e7bb00e
[01:00:25] [Server thread/TRACE] [FML]:   Registry: 29 minecraft:zombie_horse net.minecraftforge.fml.common.registry.EntityEntry@5fd18419
[01:00:25] [Server thread/TRACE] [FML]:   Registry: 30 minecraft:armor_stand net.minecraftforge.fml.common.registry.EntityEntry@7b451bf4
[01:00:25] [Server thread/TRACE] [FML]:   Registry: 31 minecraft:donkey net.minecraftforge.fml.common.registry.EntityEntry@5f45bc8e
[01:00:25] [Server thread/TRACE] [FML]:   Registry: 32 minecraft:mule net.minecraftforge.fml.common.registry.EntityEntry@7ab33ca8
[01:00:25] [Server thread/TRACE] [FML]:   Registry: 33 minecraft:evocation_fangs net.minecraftforge.fml.common.registry.EntityEntry@191f4d65
[01:00:25] [Server thread/TRACE] [FML]:   Registry: 34 minecraft:evocation_illager net.minecraftforge.fml.common.registry.EntityEntry@3e8b8f0
[01:00:25] [Server thread/TRACE] [FML]:   Registry: 35 minecraft:vex net.minecraftforge.fml.common.registry.EntityEntry@4b98225c
[01:00:25] [Server thread/TRACE] [FML]:   Registry: 36 minecraft:vindication_illager net.minecraftforge.fml.common.registry.EntityEntry@5408d4b3
[01:00:25] [Server thread/TRACE] [FML]:   Registry: 37 minecraft:illusion_illager net.minecraftforge.fml.common.registry.EntityEntry@fcd0e8d
[01:00:25] [Server thread/TRACE] [FML]:   Registry: 40 minecraft:commandblock_minecart net.minecraftforge.fml.common.registry.EntityEntry@6dece1f9
[01:00:25] [Server thread/TRACE] [FML]:   Registry: 41 minecraft:boat net.minecraftforge.fml.common.registry.EntityEntry@32b112a1
[01:00:25] [Server thread/TRACE] [FML]:   Registry: 42 minecraft:minecart net.minecraftforge.fml.common.registry.EntityEntry@5c5c7cc4
[01:00:25] [Server thread/TRACE] [FML]:   Registry: 43 minecraft:chest_minecart net.minecraftforge.fml.common.registry.EntityEntry@1214d23c
[01:00:25] [Server thread/TRACE] [FML]:   Registry: 44 minecraft:furnace_minecart net.minecraftforge.fml.common.registry.EntityEntry@595814a1
[01:00:25] [Server thread/TRACE] [FML]:   Registry: 45 minecraft:tnt_minecart net.minecraftforge.fml.common.registry.EntityEntry@49d42faf
[01:00:25] [Server thread/TRACE] [FML]:   Registry: 46 minecraft:hopper_minecart net.minecraftforge.fml.common.registry.EntityEntry@1209a0f
[01:00:25] [Server thread/TRACE] [FML]:   Registry: 47 minecraft:spawner_minecart net.minecraftforge.fml.common.registry.EntityEntry@520a95ff
[01:00:25] [Server thread/TRACE] [FML]:   Registry: 50 minecraft:creeper net.minecraftforge.fml.common.registry.EntityEntry@714f1a44
[01:00:25] [Server thread/TRACE] [FML]:   Registry: 51 minecraft:skeleton net.minecraftforge.fml.common.registry.EntityEntry@48368a08
[01:00:25] [Server thread/TRACE] [FML]:   Registry: 52 minecraft:spider net.minecraftforge.fml.common.registry.EntityEntry@58aa5c94
[01:00:25] [Server thread/TRACE] [FML]:   Registry: 53 minecraft:giant net.minecraftforge.fml.common.registry.EntityEntry@21f50d2c
[01:00:25] [Server thread/TRACE] [FML]:   Registry: 54 minecraft:zombie net.minecraftforge.fml.common.registry.EntityEntry@473847fb
[01:00:25] [Server thread/TRACE] [FML]:   Registry: 55 minecraft:slime net.minecraftforge.fml.common.registry.EntityEntry@46702c26
[01:00:25] [Server thread/TRACE] [FML]:   Registry: 56 minecraft:ghast net.minecraftforge.fml.common.registry.EntityEntry@7ea3839e
[01:00:25] [Server thread/TRACE] [FML]:   Registry: 57 minecraft:zombie_pigman net.minecraftforge.fml.common.registry.EntityEntry@3d3930fe
[01:00:25] [Server thread/TRACE] [FML]:   Registry: 58 minecraft:enderman net.minecraftforge.fml.common.registry.EntityEntry@699d96bc
[01:00:25] [Server thread/TRACE] [FML]:   Registry: 59 minecraft:cave_spider net.minecraftforge.fml.common.registry.EntityEntry@36e409e0
[01:00:25] [Server thread/TRACE] [FML]:   Registry: 60 minecraft:silverfish net.minecraftforge.fml.common.registry.EntityEntry@6d001fbe
[01:00:25] [Server thread/TRACE] [FML]:   Registry: 61 minecraft:blaze net.minecraftforge.fml.common.registry.EntityEntry@25cde5bb
[01:00:25] [Server thread/TRACE] [FML]:   Registry: 62 minecraft:magma_cube net.minecraftforge.fml.common.registry.EntityEntry@43a7203e
[01:00:25] [Server thread/TRACE] [FML]:   Registry: 63 minecraft:ender_dragon net.minecraftforge.fml.common.registry.EntityEntry@1be8c122
[01:00:25] [Server thread/TRACE] [FML]:   Registry: 64 minecraft:wither net.minecraftforge.fml.common.registry.EntityEntry@4be12f6c
[01:00:25] [Server thread/TRACE] [FML]:   Registry: 65 minecraft:bat net.minecraftforge.fml.common.registry.EntityEntry@55053f81
[01:00:25] [Server thread/TRACE] [FML]:   Registry: 66 minecraft:witch net.minecraftforge.fml.common.registry.EntityEntry@20864cd1
[01:00:25] [Server thread/TRACE] [FML]:   Registry: 67 minecraft:endermite net.minecraftforge.fml.common.registry.EntityEntry@3193e21d
[01:00:25] [Server thread/TRACE] [FML]:   Registry: 68 minecraft:guardian net.minecraftforge.fml.common.registry.EntityEntry@6b126187
[01:00:25] [Server thread/TRACE] [FML]:   Registry: 69 minecraft:shulker net.minecraftforge.fml.common.registry.EntityEntry@273aaab7
[01:00:25] [Server thread/TRACE] [FML]:   Registry: 90 minecraft:pig net.minecraftforge.fml.common.registry.EntityEntry@2086d469
[01:00:25] [Server thread/TRACE] [FML]:   Registry: 91 minecraft:sheep net.minecraftforge.fml.common.registry.EntityEntry@6dcf7b6a
[01:00:25] [Server thread/TRACE] [FML]:   Registry: 92 minecraft:cow net.minecraftforge.fml.common.registry.EntityEntry@402d6012
[01:00:25] [Server thread/TRACE] [FML]:   Registry: 93 minecraft:chicken net.minecraftforge.fml.common.registry.EntityEntry@41d20f06
[01:00:25] [Server thread/TRACE] [FML]:   Registry: 94 minecraft:squid net.minecraftforge.fml.common.registry.EntityEntry@5d221b20
[01:00:25] [Server thread/TRACE] [FML]:   Registry: 95 minecraft:wolf net.minecraftforge.fml.common.registry.EntityEntry@6f2d3391
[01:00:25] [Server thread/TRACE] [FML]:   Registry: 96 minecraft:mooshroom net.minecraftforge.fml.common.registry.EntityEntry@20027c44
[01:00:25] [Server thread/TRACE] [FML]:   Registry: 97 minecraft:snowman net.minecraftforge.fml.common.registry.EntityEntry@5d84e363
[01:00:25] [Server thread/TRACE] [FML]:   Registry: 98 minecraft:ocelot net.minecraftforge.fml.common.registry.EntityEntry@2c9cafa5
[01:00:25] [Server thread/TRACE] [FML]:   Registry: 99 minecraft:villager_golem net.minecraftforge.fml.common.registry.EntityEntry@559fd5ec
[01:00:25] [Server thread/TRACE] [FML]:   Registry: 100 minecraft:horse net.minecraftforge.fml.common.registry.EntityEntry@18989e0
[01:00:25] [Server thread/TRACE] [FML]:   Registry: 101 minecraft:rabbit net.minecraftforge.fml.common.registry.EntityEntry@4ccdacf5
[01:00:25] [Server thread/TRACE] [FML]:   Registry: 102 minecraft:polar_bear net.minecraftforge.fml.common.registry.EntityEntry@74ce7fdf
[01:00:25] [Server thread/TRACE] [FML]:   Registry: 103 minecraft:llama net.minecraftforge.fml.common.registry.EntityEntry@210a26b
[01:00:25] [Server thread/TRACE] [FML]:   Registry: 104 minecraft:llama_spit net.minecraftforge.fml.common.registry.EntityEntry@6cbdd1c5
[01:00:25] [Server thread/TRACE] [FML]:   Registry: 105 minecraft:parrot net.minecraftforge.fml.common.registry.EntityEntry@4dd1548e
[01:00:25] [Server thread/TRACE] [FML]:   Registry: 120 minecraft:villager net.minecraftforge.fml.common.registry.EntityEntry@5ed65e4b
[01:00:25] [Server thread/TRACE] [FML]:   Registry: 200 minecraft:ender_crystal net.minecraftforge.fml.common.registry.EntityEntry@40cf6254
[01:00:25] [Server thread/TRACE] [FML]: Sending event FMLModIdMappingEvent to mod minecraft
[01:00:25] [Server thread/TRACE] [FML]: Sent event FMLModIdMappingEvent to mod minecraft
[01:00:25] [Server thread/DEBUG] [FML]: Bar Step: ModIdMapping - Minecraft took 0.000s
[01:00:25] [Server thread/TRACE] [FML]: Sending event FMLModIdMappingEvent to mod mcp
[01:00:25] [Server thread/TRACE] [FML]: Sent event FMLModIdMappingEvent to mod mcp
[01:00:25] [Server thread/DEBUG] [FML]: Bar Step: ModIdMapping - Minecraft Coder Pack took 0.000s
[01:00:25] [Server thread/TRACE] [FML]: Sending event FMLModIdMappingEvent to mod FML
[01:00:25] [Server thread/TRACE] [FML]: Sent event FMLModIdMappingEvent to mod FML
[01:00:25] [Server thread/DEBUG] [FML]: Bar Step: ModIdMapping - Forge Mod Loader took 0.000s
[01:00:25] [Server thread/TRACE] [FML]: Sending event FMLModIdMappingEvent to mod forge
[01:00:25] [Forge Version Check/DEBUG] [forge.VersionCheck]: [forge] Received version check data:
{
  "homepage": "https://files.minecraftforge.net/net/minecraftforge/forge/",
  "promos": {
    "1.1-latest": "1.3.4.29",
    "1.2.3-latest": "1.4.1.64",
    "1.2.4-latest": "2.0.0.68",
    "1.2.5-latest": "3.4.9.171",
    "1.3.2-latest": "4.3.5.318",
    "1.4.0-latest": "5.0.0.326",
    "1.4.1-latest": "6.0.0.329",
    "1.4.2-latest": "6.0.1.355",
    "1.4.3-latest": "6.2.1.358",
    "1.4.4-latest": "6.3.0.378",
    "1.4.5-latest": "6.4.2.448",
    "1.4.6-latest": "6.5.0.489",
    "1.4.7-latest": "6.6.2.534",
    "1.5-latest": "7.7.0.598",
    "1.5.1-latest": "7.7.2.682",
    "1.5.2-latest": "7.8.1.738",
    "1.5.2-recommended": "7.8.1.738",
    "1.6.1-latest": "8.9.0.775",
    "1.6.2-latest": "9.10.1.871",
    "1.6.2-recommended": "9.10.1.871",
    "1.6.3-latest": "9.11.0.878",
    "1.6.4-latest": "9.11.1.1345",
    "1.6.4-recommended": "9.11.1.1345",
    "1.7.2-latest": "10.12.2.1161",
    "1.7.2-recommended": "10.12.2.1161",
    "1.7.10_pre4-latest": "10.12.2.1149",
    "1.7.10-latest": "10.13.4.1614",
    "1.7.10-recommended": "10.13.4.1614",
    "1.8-latest": "11.14.4.1577",
    "1.8-recommended": "11.14.4.1563",
    "1.8.8-latest": "11.15.0.1655",
    "1.8.9-latest": "11.15.1.2318",
    "1.8.9-recommended": "11.15.1.2318",
    "1.9-latest": "12.16.1.1938",
    "1.9-recommended": "12.16.1.1887",
    "1.9.4-latest": "12.17.0.2317",
    "1.9.4-recommended": "12.17.0.2317",
    "1.10-latest": "12.18.0.2000",
    "1.10.2-latest": "12.18.3.2511",
    "1.10.2-recommended": "12.18.3.2511",
    "1.11-latest": "13.19.1.2199",
    "1.11-recommended": "13.19.1.2189",
    "1.11.2-latest": "13.20.1.2588",
    "1.11.2-recommended": "13.20.1.2588",
    "1.12-latest": "14.21.1.2443",
    "1.12-recommended": "14.21.1.2387",
    "1.12.1-latest": "14.22.1.2485",
    "1.12.1-recommended": "14.22.1.2478",
    "1.12.2-latest": "14.23.5.2860",
    "1.12.2-recommended": "14.23.5.2859",
    "1.13.2-latest": "25.0.223",
    "1.14.2-latest": "26.0.63",
    "1.14.3-latest": "27.0.60",
    "1.14.4-latest": "28.2.26",
    "1.14.4-recommended": "28.2.26",
    "1.15-latest": "29.0.4",
    "1.15.1-latest": "30.0.51",
    "1.15.2-latest": "31.2.57",
    "1.15.2-recommended": "31.2.57",
    "1.16.1-latest": "32.0.108",
    "1.16.2-latest": "33.0.61",
    "1.16.3-latest": "34.1.42",
    "1.16.3-recommended": "34.1.0",
    "1.16.4-latest": "35.1.37",
    "1.16.4-recommended": "35.1.4",
    "1.16.5-latest": "36.2.42",
    "1.16.5-recommended": "36.2.34",
    "1.17.1-latest": "37.1.1",
    "1.17.1-recommended": "37.1.1",
    "1.18-latest": "38.0.17",
    "1.18.1-latest": "39.1.2",
    "1.18.1-recommended": "39.1.0",
    "1.18.2-recommended": "40.3.0",
    "1.18.2-latest": "40.3.10",
    "1.19-latest": "41.1.0",
    "1.19-recommended": "41.1.0",
    "1.19.1-latest": "42.0.9",
    "1.19.2-recommended": "43.5.0",
    "1.19.2-latest": "43.5.0",
    "1.19.3-latest": "44.1.23",
    "1.19.3-recommended": "44.1.0",
    "1.19.4-recommended": "45.4.0",
    "1.19.4-latest": "45.4.0",
    "1.20-latest": "46.0.14",
    "1.20.1-recommended": "47.4.0",
    "1.20.1-latest": "47.4.0",
    "1.20.2-latest": "48.1.0",
    "1.20.2-recommended": "48.1.0",
    "1.20.3-latest": "49.0.2",
    "1.20.4-latest": "49.2.0",
    "1.20.4-recommended": "49.2.0",
    "1.20.6-latest": "50.2.0",
    "1.20.6-recommended": "50.2.0",
    "1.21-latest": "51.0.33",
    "1.21.1-latest": "52.1.1",
    "1.21.1-recommended": "52.1.0",
    "1.21.3-latest": "53.1.1",
    "1.21.3-recommended": "53.1.0",
    "1.21.4-latest": "54.1.3",
    "1.21.4-recommended": "54.1.0",
    "1.21.5-latest": "55.0.9"
  }
}
[01:00:25] [Forge Version Check/INFO] [forge.VersionCheck]: [forge] Found status: AHEAD Target: null
[01:00:25] [Server thread/TRACE] [FML]: Sent event FMLModIdMappingEvent to mod forge
[01:00:25] [Server thread/DEBUG] [FML]: Bar Step: ModIdMapping - Minecraft Forge took 0.028s
[01:00:25] [Server thread/DEBUG] [FML]: Bar Finished: ModIdMapping took 0.029s
[01:00:25] [Server thread/INFO] [FML]: Applying holder lookups
[01:00:25] [Server thread/INFO] [FML]: Holder lookups applied
[01:00:25] [Server thread/DEBUG] [FML]: Loading persistent fluid defaults from world
[01:00:25] [Server thread/DEBUG] [FML]: The fluid minecraft:lava has been selected as the default fluid for lava
[01:00:25] [Server thread/DEBUG] [FML]: The fluid minecraft:water has been selected as the default fluid for water
[01:00:25] [Server thread/INFO] [FML]: Loading dimension 0 (world) (net.minecraft.server.dedicated.DedicatedServer@7f2ea505)
[01:00:26] [Server thread/INFO] [net.minecraft.advancements.AdvancementList]: Loaded 488 advancements
[01:00:26] [Server thread/INFO] [FML]: Loading dimension -1 (world) (net.minecraft.server.dedicated.DedicatedServer@7f2ea505)
[01:00:26] [Server thread/INFO] [FML]: Loading dimension 1 (world) (net.minecraft.server.dedicated.DedicatedServer@7f2ea505)
[01:00:26] [Server thread/INFO] [net.minecraft.server.MinecraftServer]: Preparing start region for level 0
[01:00:27] [Server thread/INFO] [net.minecraft.server.MinecraftServer]: Preparing spawn area: 62%
[01:00:27] [Server thread/INFO] [net.minecraft.server.dedicated.DedicatedServer]: Done (1.939s)! For help, type "help" or "?"
[01:00:27] [Server thread/TRACE] [FML]: Sending event FMLServerStartingEvent to mod minecraft
[01:00:27] [Server thread/TRACE] [FML]: Sent event FMLServerStartingEvent to mod minecraft
[01:00:27] [Server thread/DEBUG] [FML]: Bar Step: ServerStarting - Minecraft took 0.000s
[01:00:27] [Server thread/TRACE] [FML]: Sending event FMLServerStartingEvent to mod mcp
[01:00:27] [Server thread/TRACE] [FML]: Sent event FMLServerStartingEvent to mod mcp
[01:00:27] [Server thread/DEBUG] [FML]: Bar Step: ServerStarting - Minecraft Coder Pack took 0.000s
[01:00:27] [Server thread/TRACE] [FML]: Sending event FMLServerStartingEvent to mod FML
[01:00:27] [Server thread/TRACE] [FML]: Sent event FMLServerStartingEvent to mod FML
[01:00:27] [Server thread/DEBUG] [FML]: Bar Step: ServerStarting - Forge Mod Loader took 0.000s
[01:00:27] [Server thread/TRACE] [FML]: Sending event FMLServerStartingEvent to mod forge
[01:00:27] [Server thread/TRACE] [FML]: Sent event FMLServerStartingEvent to mod forge
[01:00:27] [Server thread/DEBUG] [FML]: Bar Step: ServerStarting - Minecraft Forge took 0.023s
[01:00:27] [Server thread/DEBUG] [FML]: Bar Finished: ServerStarting took 0.023s
[01:00:27] [Server thread/TRACE] [FML]: Sending event FMLServerStartedEvent to mod minecraft
[01:00:27] [Server thread/TRACE] [FML]: Sent event FMLServerStartedEvent to mod minecraft
[01:00:27] [Server thread/DEBUG] [FML]: Bar Step: ServerStarted - Minecraft took 0.000s
[01:00:27] [Server thread/TRACE] [FML]: Sending event FMLServerStartedEvent to mod mcp
[01:00:27] [Server thread/TRACE] [FML]: Sent event FMLServerStartedEvent to mod mcp
[01:00:27] [Server thread/DEBUG] [FML]: Bar Step: ServerStarted - Minecraft Coder Pack took 0.000s
[01:00:27] [Server thread/TRACE] [FML]: Sending event FMLServerStartedEvent to mod FML
[01:00:27] [Server thread/TRACE] [FML]: Sent event FMLServerStartedEvent to mod FML
[01:00:27] [Server thread/DEBUG] [FML]: Bar Step: ServerStarted - Forge Mod Loader took 0.000s
[01:00:27] [Server thread/TRACE] [FML]: Sending event FMLServerStartedEvent to mod forge
[01:00:27] [Server thread/TRACE] [FML]: Sent event FMLServerStartedEvent to mod forge
[01:00:27] [Server thread/DEBUG] [FML]: Bar Step: ServerStarted - Minecraft Forge took 0.000s
[01:00:27] [Server thread/DEBUG] [FML]: Bar Finished: ServerStarted took 0.001s
[01:00:27] [Server thread/DEBUG] [FML]: Queueing dimension -1 to unload
[01:00:27] [Server thread/DEBUG] [FML]: Queueing dimension 1 to unload
[01:00:27] [Server thread/INFO] [FML]: Unloading dimension -1
[01:00:27] [Server thread/INFO] [FML]: Unloading dimension 1
[01:01:12] [Server thread/DEBUG] [FML]: Gathering id map for writing to world save world
[01:01:35] [Server thread/TRACE] [FML]: Sending event FMLServerStoppingEvent to mod minecraft
[01:01:35] [Server thread/TRACE] [FML]: Sent event FMLServerStoppingEvent to mod minecraft
[01:01:35] [Server thread/DEBUG] [FML]: Bar Step: ServerStopping - Minecraft took 0.000s
[01:01:35] [Server thread/TRACE] [FML]: Sending event FMLServerStoppingEvent to mod mcp
[01:01:35] [Server thread/TRACE] [FML]: Sent event FMLServerStoppingEvent to mod mcp
[01:01:35] [Server thread/DEBUG] [FML]: Bar Step: ServerStopping - Minecraft Coder Pack took 0.000s
[01:01:35] [Server thread/TRACE] [FML]: Sending event FMLServerStoppingEvent to mod FML
[01:01:35] [Server thread/TRACE] [FML]: Sent event FMLServerStoppingEvent to mod FML
[01:01:35] [Server thread/DEBUG] [FML]: Bar Step: ServerStopping - Forge Mod Loader took 0.000s
[01:01:35] [Server thread/TRACE] [FML]: Sending event FMLServerStoppingEvent to mod forge
[01:01:35] [Server thread/TRACE] [FML]: Sent event FMLServerStoppingEvent to mod forge
[01:01:35] [Server thread/DEBUG] [FML]: Bar Step: ServerStopping - Minecraft Forge took 0.000s
[01:01:35] [Server thread/DEBUG] [FML]: Bar Finished: ServerStopping took 0.001s
[01:01:35] [Server thread/INFO] [net.minecraft.server.MinecraftServer]: Stopping server
[01:01:35] [Server thread/INFO] [net.minecraft.server.MinecraftServer]: Saving players
[01:01:35] [Server thread/INFO] [net.minecraft.server.MinecraftServer]: Saving worlds
[01:01:35] [Server thread/INFO] [net.minecraft.server.MinecraftServer]: Saving chunks for level 'world'/overworld
[01:01:35] [Server thread/DEBUG] [FML]: Gathering id map for writing to world save world
[01:01:35] [Server thread/INFO] [FML]: Unloading dimension 0
[01:01:35] [Server thread/TRACE] [FML]: Sending event FMLServerStoppedEvent to mod minecraft
[01:01:35] [Server thread/TRACE] [FML]: Sent event FMLServerStoppedEvent to mod minecraft
[01:01:35] [Server thread/DEBUG] [FML]: Bar Step: ServerStopped - Minecraft took 0.000s
[01:01:35] [Server thread/TRACE] [FML]: Sending event FMLServerStoppedEvent to mod mcp
[01:01:35] [Server thread/TRACE] [FML]: Sent event FMLServerStoppedEvent to mod mcp
[01:01:35] [Server thread/DEBUG] [FML]: Bar Step: ServerStopped - Minecraft Coder Pack took 0.000s
[01:01:35] [Server thread/TRACE] [FML]: Sending event FMLServerStoppedEvent to mod FML
[01:01:35] [Server thread/TRACE] [FML]: Sent event FMLServerStoppedEvent to mod FML
[01:01:35] [Server thread/DEBUG] [FML]: Bar Step: ServerStopped - Forge Mod Loader took 0.000s
[01:01:35] [Server thread/TRACE] [FML]: Sending event FMLServerStoppedEvent to mod forge
[01:01:35] [Server thread/TRACE] [FML]: Sent event FMLServerStoppedEvent to mod forge
[01:01:35] [Server thread/DEBUG] [FML]: Bar Step: ServerStopped - Minecraft Forge took 0.000s
[01:01:35] [Server thread/DEBUG] [FML]: Bar Finished: ServerStopped took 0.001s
[01:01:35] [Server Shutdown Thread/INFO] [net.minecraft.server.MinecraftServer]: Stopping server
[01:01:35] [Server Shutdown Thread/INFO] [net.minecraft.server.MinecraftServer]: Saving players
[01:01:35] [Server Shutdown Thread/INFO] [net.minecraft.server.MinecraftServer]: Saving worlds
